A	GCA_007993675.2	CP042470.1	acrR_E190RfsTer20	POINT_DISRUPT	MULTIDRUG	POINTX	100.00	100.00
A	GCA_007993675.2	CP042470.1	blaEC	AMR	BETA-LACTAM	EXACTX	100.00	100.00
A	GCA_007993675.2	CP042470.1	gyrA_D87N	POINT	QUINOLONE	POINTX	99.66	98.97
A	GCA_007993675.2	CP042470.1	gyrA_S83L	POINT	QUINOLONE	POINTX	99.66	98.97
A	GCA_007993675.2	CP042470.1	parC_S80I	POINT	QUINOLONE	POINTX	100.00	99.87
A	GCA_007993675.2	CP042470.1	parE_S458A	POINT	QUINOLONE	POINTX	100.00	99.68
A	GCA_007993675.2	CP042470.1	acrF	AMR	EFFLUX	EXACTX	100.00	100.00
A	GCA_007993675.2	CP042470.1	mdtM	AMR	EFFLUX	BLASTX	98.29	97.27
A	GCA_007993675.2	CP042470.1	aph(3')-Ia	AMR	AMINOGLYCOSIDE	EXACTX	100.00	100.00
A	GCA_007993675.2	CP042470.1	mcr-1.1	AMR	COLISTIN	ALLELEX	100.00	100.00
A	GCA_007993675.2	CP042471.2	mcr-1.1	AMR	COLISTIN	ALLELEX	100.00	100.00
A	GCA_009925145.1	WHYU01000004.1	acrF	AMR	EFFLUX	BLASTX	100.00	99.71
A	GCA_009925145.1	WHYU01000005.1	gyrA_D87N	POINT	QUINOLONE	POINTX	99.66	98.74
A	GCA_009925145.1	WHYU01000005.1	gyrA_S83L	POINT	QUINOLONE	POINTX	99.66	98.74
A	GCA_009925145.1	WHYU01000007.1	parE_S458A	POINT	QUINOLONE	POINTX	100.00	99.68
A	GCA_009925145.1	WHYU01000007.1	parC_S80I	POINT	QUINOLONE	POINTX	100.00	99.87
A	GCA_009925145.1	WHYU01000008.1	blaEC	AMR	BETA-LACTAM	BLASTX	100.00	98.41
A	GCA_009925145.1	WHYU01000010.1	blaTEM-1	AMR	BETA-LACTAM	ALLELEX	100.00	100.00
A	GCA_009925145.1	WHYU01000010.1	acrR_R192AfsTer52	POINT_DISRUPT	MULTIDRUG	POINTX	100.00	100.00
A	GCA_009925145.1	WHYU01000041.1	mcr-1.1	AMR	COLISTIN	ALLELEX	100.00	100.00
A	GCA_009925145.1	WHYU01000049.1	mdtM	AMR	EFFLUX	BLASTX	100.00	97.07
A	GCA_009925145.1	WHYU01000061.1	mph(A)	AMR	MACROLIDE	EXACTX	100.00	100.00
A	GCA_009925145.1	WHYU01000061.1	mrx(A)	AMR	MACROLIDE	EXACTX	100.00	100.00
A	GCA_009925145.1	WHYU01000061.1	sul1	AMR	SULFONAMIDE	EXACTX	100.00	100.00
A	GCA_009925145.1	WHYU01000061.1	aadA5	AMR	AMINOGLYCOSIDE	EXACTX	100.00	100.00
A	GCA_009925145.1	WHYU01000061.1	dfrA17	AMR	TRIMETHOPRIM	EXACTX	100.00	100.00
A	GCA_009925145.1	WHYU01000073.1	sul2	AMR	SULFONAMIDE	EXACTX	100.00	100.00
A	GCA_009925145.1	WHYU01000073.1	aph(3'')-Ib	AMR	AMINOGLYCOSIDE	EXACTX	100.00	100.00
A	GCA_009925145.1	WHYU01000073.1	aph(6)-Id	AMR	AMINOGLYCOSIDE	EXACTX	100.00	100.00
A	GCA_009925145.1	WHYU01000073.1	tet(A)	AMR	TETRACYCLINE	EXACTX	100.00	100.00
A	GCA_009925165.1	WHYW01000004.1	acrF	AMR	EFFLUX	BLASTX	100.00	99.71
A	GCA_009925165.1	WHYW01000005.1	gyrA_D87N	POINT	QUINOLONE	POINTX	99.66	98.74
A	GCA_009925165.1	WHYW01000005.1	gyrA_S83L	POINT	QUINOLONE	POINTX	99.66	98.74
A	GCA_009925165.1	WHYW01000007.1	parC_S80I	POINT	QUINOLONE	POINTX	100.00	99.87
A	GCA_009925165.1	WHYW01000007.1	parE_S458A	POINT	QUINOLONE	POINTX	100.00	99.68
A	GCA_009925165.1	WHYW01000008.1	acrR_R192AfsTer52	POINT_DISRUPT	MULTIDRUG	POINTX	100.00	100.00
A	GCA_009925165.1	WHYW01000009.1	blaEC	AMR	BETA-LACTAM	BLASTX	100.00	98.41
A	GCA_009925165.1	WHYW01000025.1	blaTEM-1	AMR	BETA-LACTAM	ALLELEX	100.00	100.00
A	GCA_009925165.1	WHYW01000038.1	mcr-1.1	AMR	COLISTIN	ALLELEX	100.00	100.00
A	GCA_009925165.1	WHYW01000046.1	mdtM	AMR	EFFLUX	BLASTX	100.00	97.07
A	GCA_009925165.1	WHYW01000058.1	mph(A)	AMR	MACROLIDE	EXACTX	100.00	100.00
A	GCA_009925165.1	WHYW01000058.1	mrx(A)	AMR	MACROLIDE	EXACTX	100.00	100.00
A	GCA_009925165.1	WHYW01000058.1	sul1	AMR	SULFONAMIDE	EXACTX	100.00	100.00
A	GCA_009925165.1	WHYW01000058.1	aadA5	AMR	AMINOGLYCOSIDE	EXACTX	100.00	100.00
A	GCA_009925165.1	WHYW01000058.1	dfrA17	AMR	TRIMETHOPRIM	EXACTX	100.00	100.00
A	GCA_009925165.1	WHYW01000069.1	sul2	AMR	SULFONAMIDE	EXACTX	100.00	100.00
A	GCA_009925165.1	WHYW01000069.1	aph(3'')-Ib	AMR	AMINOGLYCOSIDE	EXACTX	100.00	100.00
A	GCA_009925165.1	WHYW01000069.1	aph(6)-Id	AMR	AMINOGLYCOSIDE	EXACTX	100.00	100.00
A	GCA_009925165.1	WHYW01000069.1	tet(A)	AMR	TETRACYCLINE	EXACTX	100.00	100.00
A	GCA_009925175.1	WHYV01000004.1	acrF	AMR	EFFLUX	BLASTX	100.00	99.71
A	GCA_009925175.1	WHYV01000005.1	gyrA_D87N	POINT	QUINOLONE	POINTX	99.66	98.74
A	GCA_009925175.1	WHYV01000005.1	gyrA_S83L	POINT	QUINOLONE	POINTX	99.66	98.74
A	GCA_009925175.1	WHYV01000007.1	parE_S458A	POINT	QUINOLONE	POINTX	100.00	99.68
A	GCA_009925175.1	WHYV01000007.1	parC_S80I	POINT	QUINOLONE	POINTX	100.00	99.87
A	GCA_009925175.1	WHYV01000008.1	blaEC	AMR	BETA-LACTAM	BLASTX	100.00	98.41
A	GCA_009925175.1	WHYV01000019.1	acrR_R192AfsTer52	POINT_DISRUPT	MULTIDRUG	POINTX	100.00	100.00
A	GCA_009925175.1	WHYV01000027.1	blaTEM-1	AMR	BETA-LACTAM	ALLELEX	100.00	100.00
A	GCA_009925175.1	WHYV01000041.1	mcr-1.1	AMR	COLISTIN	ALLELEX	100.00	100.00
A	GCA_009925175.1	WHYV01000049.1	mdtM	AMR	EFFLUX	BLASTX	100.00	97.07
A	GCA_009925175.1	WHYV01000063.1	dfrA17	AMR	TRIMETHOPRIM	EXACTX	100.00	100.00
A	GCA_009925175.1	WHYV01000063.1	aadA5	AMR	AMINOGLYCOSIDE	EXACTX	100.00	100.00
A	GCA_009925175.1	WHYV01000063.1	sul1	AMR	SULFONAMIDE	EXACTX	100.00	100.00
A	GCA_009925175.1	WHYV01000063.1	mrx(A)	AMR	MACROLIDE	EXACTX	100.00	100.00
A	GCA_009925175.1	WHYV01000063.1	mph(A)	AMR	MACROLIDE	EXACTX	100.00	100.00
A	GCA_009925175.1	WHYV01000074.1	tet(A)	AMR	TETRACYCLINE	EXACTX	100.00	100.00
A	GCA_009925175.1	WHYV01000074.1	aph(6)-Id	AMR	AMINOGLYCOSIDE	EXACTX	100.00	100.00
A	GCA_009925175.1	WHYV01000074.1	aph(3'')-Ib	AMR	AMINOGLYCOSIDE	EXACTX	100.00	100.00
A	GCA_009925175.1	WHYV01000074.1	sul2	AMR	SULFONAMIDE	EXACTX	100.00	100.00
A	GCA_009925195.1	WHYY01000012.1	acrF	AMR	EFFLUX	BLASTX	100.00	99.52
A	GCA_009925195.1	WHYY01000018.1	mdtM	AMR	EFFLUX	BLASTX	99.76	98.04
A	GCA_009925195.1	WHYY01000051.1	mcr-1.1	AMR	COLISTIN	ALLELEX	100.00	100.00
A	GCA_009925195.1	WHYY01000056.1	blaEC	AMR	BETA-LACTAM	BLASTX	100.00	98.67
A	GCA_009925195.1	WHYY01000069.1	estX-3	AMR	MACROLIDE	ALLELEX	100.00	100.00
A	GCA_009925195.1	WHYY01000069.1	aadA1	AMR	AMINOGLYCOSIDE	EXACTX	100.00	100.00
A	GCA_009925195.1	WHYY01000069.1	sul3	AMR	SULFONAMIDE	EXACTX	100.00	100.00
A	GCA_009925195.1	WHYY01000072.1	qnrS1	AMR	QUINOLONE	ALLELEX	100.00	100.00
A	GCA_009925195.1	WHYY01000073.1	tet(M)	AMR	TETRACYCLINE	BLASTX	100.00	98.75
A	GCA_009925195.1	WHYY01000079.1	mph(A)	AMR	MACROLIDE	EXACTX	100.00	100.00
A	GCA_009925195.1	WHYY01000079.1	mrx(A)	AMR	MACROLIDE	EXACTX	100.00	100.00
A	GCA_009925195.1	WHYY01000084.1	sul1	AMR	SULFONAMIDE	EXACTX	100.00	100.00
A	GCA_009925195.1	WHYY01000084.1	aadA2	AMR	AMINOGLYCOSIDE	EXACTX	100.00	100.00
A	GCA_009925195.1	WHYY01000084.1	dfrA12	AMR	TRIMETHOPRIM	EXACTX	100.00	100.00
A	GCA_009925195.1	WHYY01000085.1	aph(3')-Ia	AMR	AMINOGLYCOSIDE	EXACTX	100.00	100.00
A	GCA_009925195.1	WHYY01000085.1	aph(6)-Id	AMR	AMINOGLYCOSIDE	EXACTX	100.00	100.00
A	GCA_009925195.1	WHYY01000085.1	aph(3'')-Ib	AMR	AMINOGLYCOSIDE	EXACTX	100.00	100.00
A	GCA_009925195.1	WHYY01000090.1	aac(3)-IVa	AMR	AMINOGLYCOSIDE	EXACTX	100.00	100.00
A	GCA_009925195.1	WHYY01000090.1	aph(4)-Ia	AMR	AMINOGLYCOSIDE	EXACTX	100.00	100.00
A	GCA_009925195.1	WHYY01000098.1	blaTEM-1	AMR	BETA-LACTAM	ALLELEX	100.00	100.00
A	GCA_009925195.1	WHYY01000099.1	tet(A)	AMR	TETRACYCLINE	EXACTX	100.00	100.00
A	GCA_009925195.1	WHYY01000104.1	catA2	AMR	PHENICOL	EXACTX	100.00	100.00
A	GCA_009925195.1	WHYY01000125.1	dfrA14	AMR	TRIMETHOPRIM	EXACTX	100.00	100.00
A	GCA_009925485.1	WHZL01000011.1	acrF	AMR	EFFLUX	BLASTX	100.00	99.71
A	GCA_009925485.1	WHZL01000018.1	acrR_R192AfsTer52	POINT_DISRUPT	MULTIDRUG	POINTX	100.00	100.00
A	GCA_009925485.1	WHZL01000037.1	mcr-1.1	AMR	COLISTIN	ALLELEX	100.00	100.00
A	GCA_009925485.1	WHZL01000047.1	dfrA17	AMR	TRIMETHOPRIM	EXACTX	100.00	100.00
A	GCA_009925485.1	WHZL01000047.1	aadA5	AMR	AMINOGLYCOSIDE	EXACTX	100.00	100.00
A	GCA_009925485.1	WHZL01000047.1	sul1	AMR	SULFONAMIDE	EXACTX	100.00	100.00
A	GCA_009925485.1	WHZL01000047.1	mrx(A)	AMR	MACROLIDE	EXACTX	100.00	100.00
A	GCA_009925485.1	WHZL01000047.1	mph(A)	AMR	MACROLIDE	EXACTX	100.00	100.00
A	GCA_009925485.1	WHZL01000057.1	blaTEM-1	AMR	BETA-LACTAM	ALLELEX	100.00	100.00
A	GCA_009925485.1	WHZL01000061.1	tet(A)	AMR	TETRACYCLINE	EXACTX	100.00	100.00
A	GCA_009925485.1	WHZL01000061.1	aph(6)-Id	AMR	AMINOGLYCOSIDE	EXACTX	100.00	100.00
A	GCA_009925485.1	WHZL01000061.1	aph(3'')-Ib	AMR	AMINOGLYCOSIDE	EXACTX	100.00	100.00
A	GCA_009925485.1	WHZL01000061.1	sul2	AMR	SULFONAMIDE	EXACTX	100.00	100.00
A	GCA_009925485.1	WHZL01000062.1	mdtM	AMR	EFFLUX	BLASTX	100.00	97.07
A	GCA_009925485.1	WHZL01000088.1	gyrA_D87N	POINT	QUINOLONE	POINTX	99.66	98.74
A	GCA_009925485.1	WHZL01000088.1	gyrA_S83L	POINT	QUINOLONE	POINTX	99.66	98.74
A	GCA_009925485.1	WHZL01000092.1	parC_S80I	POINT	QUINOLONE	POINTX	100.00	99.87
A	GCA_009925485.1	WHZL01000092.1	parE_S458A	POINT	QUINOLONE	POINTX	100.00	99.68
A	GCA_009925485.1	WHZL01000097.1	blaEC	AMR	BETA-LACTAM	BLASTX	100.00	98.41
A	GCA_009925505.1	WHZO01000001.1	uhpT_E350Q	POINT	FOSFOMYCIN	POINTX	100.00	99.78
A	GCA_009925505.1	WHZO01000003.1	mdtM	AMR	EFFLUX	BLASTX	100.00	97.56
A	GCA_009925505.1	WHZO01000007.1	gyrA_D87N	POINT	QUINOLONE	POINTX	99.66	98.97
A	GCA_009925505.1	WHZO01000007.1	gyrA_S83L	POINT	QUINOLONE	POINTX	99.66	98.97
A	GCA_009925505.1	WHZO01000015.1	mcr-1.1	AMR	COLISTIN	ALLELEX	100.00	100.00
A	GCA_009925505.1	WHZO01000083.1	blaEC	AMR	BETA-LACTAM	BLASTX	100.00	98.41
A	GCA_009925505.1	WHZO01000085.1	acrF	AMR	EFFLUX	BLASTX	100.00	99.71
A	GCA_009925505.1	WHZO01000085.1	parE_S458A	POINT	QUINOLONE	POINTX	100.00	99.68
A	GCA_009925505.1	WHZO01000085.1	parC_S80I	POINT	QUINOLONE	POINTX	100.00	99.87
A	GCA_009925515.1	WHZM01000003.1	parC_S80I	POINT	QUINOLONE	POINTX	100.00	99.87
A	GCA_009925515.1	WHZM01000003.1	parE_S458A	POINT	QUINOLONE	POINTX	100.00	99.68
A	GCA_009925515.1	WHZM01000009.1	blaTEM-1	AMR	BETA-LACTAM	ALLELEX	100.00	100.00
A	GCA_009925515.1	WHZM01000016.1	blaEC	AMR	BETA-LACTAM	BLASTX	100.00	98.41
A	GCA_009925515.1	WHZM01000024.1	gyrA_D87N	POINT	QUINOLONE	POINTX	99.66	98.74
A	GCA_009925515.1	WHZM01000024.1	gyrA_S83L	POINT	QUINOLONE	POINTX	99.66	98.74
A	GCA_009925515.1	WHZM01000047.1	acrR_R192AfsTer52	POINT_DISRUPT	MULTIDRUG	POINTX	100.00	100.00
A	GCA_009925515.1	WHZM01000052.1	mcr-1.1	AMR	COLISTIN	ALLELEX	100.00	100.00
A	GCA_009925515.1	WHZM01000058.1	mph(A)	AMR	MACROLIDE	EXACTX	100.00	100.00
A	GCA_009925515.1	WHZM01000058.1	mrx(A)	AMR	MACROLIDE	EXACTX	100.00	100.00
A	GCA_009925515.1	WHZM01000058.1	sul1	AMR	SULFONAMIDE	EXACTX	100.00	100.00
A	GCA_009925515.1	WHZM01000058.1	aadA5	AMR	AMINOGLYCOSIDE	EXACTX	100.00	100.00
A	GCA_009925515.1	WHZM01000058.1	dfrA17	AMR	TRIMETHOPRIM	EXACTX	100.00	100.00
A	GCA_009925515.1	WHZM01000073.1	sul2	AMR	SULFONAMIDE	EXACTX	100.00	100.00
A	GCA_009925515.1	WHZM01000073.1	aph(3'')-Ib	AMR	AMINOGLYCOSIDE	EXACTX	100.00	100.00
A	GCA_009925515.1	WHZM01000073.1	aph(6)-Id	AMR	AMINOGLYCOSIDE	EXACTX	100.00	100.00
A	GCA_009925515.1	WHZM01000073.1	tet(A)	AMR	TETRACYCLINE	EXACTX	100.00	100.00
A	GCA_009925515.1	WHZM01000106.1	acrF	AMR	EFFLUX	BLASTX	100.00	99.71
A	GCA_009925515.1	WHZM01000107.1	mdtM	AMR	EFFLUX	BLASTX	100.00	97.07
A	GCA_013187405.1	JABMLY010000005.1	mdtM	AMR	EFFLUX	BLASTX	100.00	98.05
A	GCA_013187405.1	JABMLY010000006.1	emrD	AMR	EFFLUX	EXACTX	100.00	100.00
A	GCA_013187405.1	JABMLY010000014.1	gyrA_S83L	POINT	QUINOLONE	POINTX	99.66	99.09
A	GCA_013187405.1	JABMLY010000016.1	acrF	AMR	EFFLUX	BLASTX	100.00	99.71
A	GCA_013187405.1	JABMLY010000025.1	tet(A)	AMR	TETRACYCLINE	BLASTX	100.00	99.75
A	GCA_013187405.1	JABMLY010000025.1	sul1	AMR	SULFONAMIDE	EXACTX	100.00	100.00
A	GCA_013187405.1	JABMLY010000025.1	aac(3)-VIa	AMR	AMINOGLYCOSIDE	EXACTX	100.00	100.00
A	GCA_013187405.1	JABMLY010000025.1	estX-3	AMR	MACROLIDE	ALLELEX	100.00	100.00
A	GCA_013187405.1	JABMLY010000026.1	mcr-1.1	AMR	COLISTIN	ALLELEX	100.00	100.00
A	GCA_013187405.1	JABMLY010000039.1	blaEC	AMR	BETA-LACTAM	BLASTX	100.00	98.67
A	GCA_013187405.1	JABMLY010000071.1	dfrA14	AMR	TRIMETHOPRIM	EXACTX	100.00	100.00
A	GCA_013187405.1	JABMLY010000078.1	qnrS1	AMR	QUINOLONE	ALLELEX	100.00	100.00
A	GCA_013187405.1	JABMLY010000082.1	sul3	AMR	SULFONAMIDE	EXACTX	100.00	100.00
A	GCA_013187405.1	JABMLY010000082.1	blaTEM-1	AMR	BETA-LACTAM	ALLELEX	100.00	100.00
A	GCA_013187505.1	JABMMA010000006.1	mdtM	AMR	EFFLUX	BLASTX	100.00	98.05
A	GCA_013187505.1	JABMMA010000010.1	emrD	AMR	EFFLUX	EXACTX	100.00	100.00
A	GCA_013187505.1	JABMMA010000017.1	acrF	AMR	EFFLUX	BLASTX	100.00	99.71
A	GCA_013187505.1	JABMMA010000028.1	mcr-1.1	AMR	COLISTIN	ALLELEX	100.00	100.00
A	GCA_013187505.1	JABMMA010000032.1	gyrA_S83L	POINT	QUINOLONE	POINTX	99.66	99.09
A	GCA_013187505.1	JABMMA010000034.1	estX-3	AMR	MACROLIDE	ALLELEX	100.00	100.00
A	GCA_013187505.1	JABMMA010000034.1	aac(3)-VIa	AMR	AMINOGLYCOSIDE	EXACTX	100.00	100.00
A	GCA_013187505.1	JABMMA010000034.1	sul1	AMR	SULFONAMIDE	EXACTX	100.00	100.00
A	GCA_013187505.1	JABMMA010000034.1	tet(A)	AMR	TETRACYCLINE	BLASTX	100.00	99.75
A	GCA_013187505.1	JABMMA010000044.1	blaEC	AMR	BETA-LACTAM	BLASTX	100.00	98.67
A	GCA_013187505.1	JABMMA010000073.1	dfrA14	AMR	TRIMETHOPRIM	EXACTX	100.00	100.00
A	GCA_013187505.1	JABMMA010000080.1	qnrS1	AMR	QUINOLONE	ALLELEX	100.00	100.00
A	GCA_013187505.1	JABMMA010000083.1	blaTEM-1	AMR	BETA-LACTAM	ALLELEX	100.00	100.00
A	GCA_013187505.1	JABMMA010000083.1	sul3	AMR	SULFONAMIDE	EXACTX	100.00	100.00
A	GCA_013187515.1	JABMLX010000003.1	acrF	AMR	EFFLUX	BLASTX	100.00	99.71
A	GCA_013187515.1	JABMLX010000005.1	qnrS1	AMR	QUINOLONE	ALLELEX	100.00	100.00
A	GCA_013187515.1	JABMLX010000038.1	mcr-1.1	AMR	COLISTIN	ALLELEX	100.00	100.00
A	GCA_013187515.1	JABMLX010000042.1	uhpT_E350Q	POINT	FOSFOMYCIN	POINTX	100.00	99.78
A	GCA_013187515.1	JABMLX010000054.1	mdtM	AMR	EFFLUX	BLASTX	100.00	97.80
A	GCA_013187515.1	JABMLX010000062.1	blaEC	AMR	BETA-LACTAM	BLASTX	100.00	97.35
A	GCA_013187515.1	JABMLX010000121.1	aph(3')-Ia	AMR	AMINOGLYCOSIDE	EXACTX	100.00	100.00
A	GCA_013187515.1	JABMLX010000122.1	blaTEM-1	AMR	BETA-LACTAM	ALLELEX	100.00	100.00
A	GCA_013187515.1	JABMLX010000125.1	tet(A)	AMR	TETRACYCLINE	BLASTX	97.74	100.00
A	GCA_013187515.1	JABMLX010000126.1	dfrA14	AMR	TRIMETHOPRIM	EXACTX	100.00	100.00
A	GCA_013187515.1	JABMLX010000130.1	sul2	AMR	SULFONAMIDE	EXACTX	100.00	100.00
A	GCA_013187515.1	JABMLX010000130.1	aph(3'')-Ib	AMR	AMINOGLYCOSIDE	BLASTX	100.00	99.63
A	GCA_013187515.1	JABMLX010000130.1	aph(6)-Id	AMR	AMINOGLYCOSIDE	EXACTX	100.00	100.00
A	GCA_013187515.1	JABMLX010000133.1	aac(3)-IId	AMR	AMINOGLYCOSIDE	EXACTX	100.00	100.00
A	GCA_013187515.1	JABMLX010000134.1	floR	AMR	PHENICOL	BLASTX	100.00	99.50
A	GCA_013618585.1	JABSOB010000002.1	mdtM	AMR	EFFLUX	BLASTX	100.00	97.80
A	GCA_013618585.1	JABSOB010000007.1	qnrS1	AMR	QUINOLONE	ALLELEX	100.00	100.00
A	GCA_013618585.1	JABSOB010000041.1	acrF	AMR	EFFLUX	BLASTX	100.00	99.71
A	GCA_013618585.1	JABSOB010000045.1	aac(3)-IId	AMR	AMINOGLYCOSIDE	EXACTX	100.00	100.00
A	GCA_013618585.1	JABSOB010000054.1	mcr-1.1	AMR	COLISTIN	ALLELEX	100.00	100.00
A	GCA_013618585.1	JABSOB010000059.1	uhpT_E350Q	POINT	FOSFOMYCIN	POINTX	100.00	99.78
A	GCA_013618585.1	JABSOB010000062.1	blaEC	AMR	BETA-LACTAM	BLASTX	100.00	97.35
A	GCA_013618585.1	JABSOB010000125.1	aph(3')-Ia	AMR	AMINOGLYCOSIDE	EXACTX	100.00	100.00
A	GCA_013618585.1	JABSOB010000126.1	blaTEM-1	AMR	BETA-LACTAM	ALLELEX	100.00	100.00
A	GCA_013618585.1	JABSOB010000127.1	tet(A)	AMR	TETRACYCLINE	PARTIAL_CONTIG_ENDX	55.89	100.00
A	GCA_013618585.1	JABSOB010000128.1	dfrA14	AMR	TRIMETHOPRIM	EXACTX	100.00	100.00
A	GCA_013618585.1	JABSOB010000133.1	sul2	AMR	SULFONAMIDE	EXACTX	100.00	100.00
A	GCA_013618585.1	JABSOB010000133.1	aph(3'')-Ib	AMR	AMINOGLYCOSIDE	BLASTX	100.00	99.63
A	GCA_013618585.1	JABSOB010000133.1	aph(6)-Id	AMR	AMINOGLYCOSIDE	EXACTX	100.00	100.00
A	GCA_013618585.1	JABSOB010000134.1	floR	AMR	PHENICOL	BLASTX	100.00	99.50
A	GCA_013618615.1	JABSNZ010000003.1	acrF	AMR	EFFLUX	EXACTX	100.00	100.00
A	GCA_013618615.1	JABSNZ010000003.1	parC_A56T	POINT	QUINOLONE	POINTX	100.00	99.60
A	GCA_013618615.1	JABSNZ010000003.1	parC_S80I	POINT	QUINOLONE	POINTX	100.00	99.60
A	GCA_013618615.1	JABSNZ010000005.1	gyrA_D87N	POINT	QUINOLONE	POINTX	99.66	98.97
A	GCA_013618615.1	JABSNZ010000005.1	gyrA_S83L	POINT	QUINOLONE	POINTX	99.66	98.97
A	GCA_013618615.1	JABSNZ010000009.1	blaEC	AMR	BETA-LACTAM	EXACTX	100.00	100.00
A	GCA_013618615.1	JABSNZ010000025.1	mdtM	AMR	EFFLUX	BLASTX	98.29	97.27
A	GCA_013618615.1	JABSNZ010000039.1	tet(A)	AMR	TETRACYCLINE	EXACTX	100.00	100.00
A	GCA_013618615.1	JABSNZ010000042.1	mcr-1.1	AMR	COLISTIN	ALLELEX	100.00	100.00
A	GCA_013618615.1	JABSNZ010000056.1	sul3	AMR	SULFONAMIDE	EXACTX	100.00	100.00
A	GCA_013618615.1	JABSNZ010000056.1	aadA1	AMR	AMINOGLYCOSIDE	EXACTX	100.00	100.00
A	GCA_013618615.1	JABSNZ010000056.1	estX	AMR	MACROLIDE	BLASTX	100.00	99.29
A	GCA_013618615.1	JABSNZ010000056.1	aadA1	AMR	AMINOGLYCOSIDE	EXACTX	100.00	100.00
A	GCA_013618615.1	JABSNZ010000056.1	dfrA1	AMR	TRIMETHOPRIM	EXACTX	100.00	100.00
A	GCA_013618615.1	JABSNZ010000064.1	floR	AMR	PHENICOL	BLASTX	100.00	99.50
A	GCA_013618615.1	JABSNZ010000075.1	aph(3'')-Ib	AMR	AMINOGLYCOSIDE	EXACTX	100.00	100.00
A	GCA_013618615.1	JABSNZ010000091.1	aph(3')-Ia	AMR	AMINOGLYCOSIDE	EXACTX	100.00	100.00
A	GCA_013618615.1	JABSNZ010000095.1	blaTEM-1	AMR	BETA-LACTAM	ALLELEX	100.00	100.00
A	GCA_013618615.1	JABSNZ010000101.1	aac(3)-IIe	AMR	AMINOGLYCOSIDE	BLASTX	93.36	100.00
A	GCA_013618615.1	JABSNZ010000110.1	aph(6)-Id	AMR	AMINOGLYCOSIDE	PARTIAL_CONTIG_ENDX	69.78	100.00
A	GCA_014900915.1	JACVVU010000002.1	gyrA_D87N	POINT	QUINOLONE	POINTX	99.66	98.97
A	GCA_014900915.1	JACVVU010000002.1	gyrA_S83L	POINT	QUINOLONE	POINTX	99.66	98.97
A	GCA_014900915.1	JACVVU010000005.1	mcr-1.1	AMR	COLISTIN	ALLELEX	100.00	100.00
A	GCA_014900915.1	JACVVU010000011.1	blaEC	AMR	BETA-LACTAM	BLASTX	100.00	98.67
A	GCA_014900915.1	JACVVU010000012.1	parC_S80I	POINT	QUINOLONE	POINTX	100.00	99.87
A	GCA_014900915.1	JACVVU010000017.1	mdtM	AMR	EFFLUX	BLASTX	99.76	98.04
A	GCA_014900915.1	JACVVU010000019.1	acrF	AMR	EFFLUX	BLASTX	100.00	99.52
A	GCA_014900915.1	JACVVU010000055.1	aph(3'')-Ib	AMR	AMINOGLYCOSIDE	BLASTX	100.00	99.63
A	GCA_014900915.1	JACVVU010000055.1	aph(6)-Id	AMR	AMINOGLYCOSIDE	BLASTX	100.00	99.64
A	GCA_014900915.1	JACVVU010000055.1	blaTEM-1	AMR	BETA-LACTAM	ALLELEX	100.00	100.00
A	GCA_014900915.1	JACVVU010000059.1	dfrA7	AMR	TRIMETHOPRIM	EXACTX	100.00	100.00
A	GCA_014900915.1	JACVVU010000059.1	sul1	AMR	SULFONAMIDE	EXACTX	100.00	100.00
A	GCA_014900915.1	JACVVU010000059.1	mrx(A)	AMR	MACROLIDE	EXACTX	100.00	100.00
A	GCA_014900915.1	JACVVU010000059.1	mph(A)	AMR	MACROLIDE	EXACTX	100.00	100.00
A	GCA_014900915.1	JACVVU010000060.1	catA1	AMR	PHENICOL	INTERNAL_STOP	85.39	93.05
A	GCA_014900915.1	JACVVU010000066.1	floR	AMR	PHENICOL	BLASTX	100.00	99.50
A	GCA_014900915.1	JACVVU010000069.1	tet(A)	AMR	TETRACYCLINE	BLASTX	100.00	99.75
A	GCA_014900915.1	JACVVU010000071.1	tet(X5)	AMR	TETRACYCLINE	BLASTX	100.00	96.03
A	GCA_014900915.1	JACVVU010000072.1	aadA1	AMR	AMINOGLYCOSIDE	BLASTX	100.00	99.62
A	GCA_014900915.1	JACVVU010000072.1	cmlA1	AMR	PHENICOL	EXACTX	100.00	100.00
A	GCA_014900915.1	JACVVU010000072.1	aadA2	AMR	AMINOGLYCOSIDE	EXACTX	100.00	100.00
A	GCA_014900915.1	JACVVU010000074.1	sul3	AMR	SULFONAMIDE	EXACTX	100.00	100.00
A	GCA_014900915.1	JACVVU010000082.1	fosA4	AMR	FOSFOMYCIN	ALLELEX	100.00	100.00
A	GCA_014900915.1	JACVVU010000083.1	estX-3	AMR	MACROLIDE	ALLELEX	100.00	100.00
A	GCA_014900915.1	JACVVU010000092.1	aph(3')-Ia	AMR	AMINOGLYCOSIDE	EXACTX	100.00	100.00
A	GCA_014900915.1	JACVVU010000098.1	aac(3)-IIe	AMR	AMINOGLYCOSIDE	BLASTX	100.00	99.65
A	GCA_014900915.1	JACVVU010000104.1	dfrA12	AMR	TRIMETHOPRIM	EXACTX	100.00	100.00
A	GCA_014900925.1	JACVVS010000001.1	gyrA_D87N	POINT	QUINOLONE	POINTX	99.66	98.97
A	GCA_014900925.1	JACVVS010000001.1	gyrA_S83L	POINT	QUINOLONE	POINTX	99.66	98.97
A	GCA_014900925.1	JACVVS010000004.1	blaEC	AMR	BETA-LACTAM	EXACTX	100.00	100.00
A	GCA_014900925.1	JACVVS010000021.1	mdtM	AMR	EFFLUX	BLASTX	100.00	97.80
A	GCA_014900925.1	JACVVS010000026.1	parC_S80I	POINT	QUINOLONE	POINTX	100.00	99.87
A	GCA_014900925.1	JACVVS010000041.1	mcr-1.1	AMR	COLISTIN	ALLELEX	100.00	100.00
A	GCA_014900925.1	JACVVS010000054.1	blaCTX-M-15	AMR	BETA-LACTAM	ALLELEX	100.00	100.00
A	GCA_014900925.1	JACVVS010000067.1	blaTEM-1	AMR	BETA-LACTAM	ALLELEX	100.00	100.00
A	GCA_014900925.1	JACVVS010000093.1	floR	AMR	PHENICOL	BLASTX	100.00	99.75
A	GCA_014900925.1	JACVVS010000098.1	tet(A)	AMR	TETRACYCLINE	EXACTX	100.00	100.00
A	GCA_014900925.1	JACVVS010000108.1	sul3	AMR	SULFONAMIDE	EXACTX	100.00	100.00
A	GCA_014900925.1	JACVVS010000110.1	erm(B)	AMR	LINCOSAMIDE/MACROLIDE/STREPTOGRAMIN	BLASTX	100.00	99.59
A	GCA_014900925.1	JACVVS010000110.1	tet(X5)	AMR	TETRACYCLINE	BLASTX	100.00	96.03
A	GCA_014900925.1	JACVVS010000110.1	sul1	AMR	SULFONAMIDE	BLASTX	94.55	99.23
A	GCA_014900925.1	JACVVS010000113.1	mrx(A)	AMR	MACROLIDE	EXACTX	100.00	100.00
A	GCA_014900925.1	JACVVS010000113.1	mph(A)	AMR	MACROLIDE	EXACTX	100.00	100.00
A	GCA_014900925.1	JACVVS010000121.1	aph(3'')-Ib	AMR	AMINOGLYCOSIDE	BLASTX	100.00	99.63
A	GCA_014900925.1	JACVVS010000121.1	aph(6)-Id	AMR	AMINOGLYCOSIDE	BLASTX	99.64	99.64
A	GCA_014900925.1	JACVVS010000124.1	estX-3	AMR	MACROLIDE	ALLELEX	100.00	100.00
A	GCA_014900925.1	JACVVS010000124.1	aadA2	AMR	AMINOGLYCOSIDE	BLASTX	100.00	97.72
A	GCA_014900925.1	JACVVS010000129.1	aac(3)-IIe	AMR	AMINOGLYCOSIDE	EXACTX	100.00	100.00
A	GCA_014900925.1	JACVVS010000137.1	arr	AMR	RIFAMYCIN	BLASTX	96.67	100.00
A	GCA_014900925.1	JACVVS010000137.1	ere(A)	AMR	MACROLIDE	EXACTX	100.00	100.00
A	GCA_014900925.1	JACVVS010000164.1	cmlA1	AMR	PHENICOL	PARTIALX	79.47	100.00
A	GCA_014900925.1	JACVVS010000167.1	aph(3')-Ia	AMR	AMINOGLYCOSIDE	EXACTX	100.00	100.00
A	GCA_014900925.1	JACVVS010000174.1	dfrA14	AMR	TRIMETHOPRIM	EXACTX	100.00	100.00
A	GCA_014900925.1	JACVVS010000194.1	dfrA7	AMR	TRIMETHOPRIM	EXACTX	100.00	100.00
A	GCA_014900925.1	JACVVS010000196.1	dfrA1	AMR	TRIMETHOPRIM	EXACTX	100.00	100.00
A	GCA_014900925.1	JACVVS010000232.1	erm(42)	AMR	LINCOSAMIDE/MACROLIDE	PARTIAL_CONTIG_ENDX	51.50	100.00
A	GCA_014900925.1	JACVVS010000240.1	erm(42)	AMR	LINCOSAMIDE/MACROLIDE	PARTIAL_CONTIG_ENDX	50.17	100.00
A	GCA_014900935.1	JACVVR010000001.1	blaEC	AMR	BETA-LACTAM	EXACTX	100.00	100.00
A	GCA_014900935.1	JACVVR010000002.1	gyrA_D87N	POINT	QUINOLONE	POINTX	99.66	98.97
A	GCA_014900935.1	JACVVR010000002.1	gyrA_S83L	POINT	QUINOLONE	POINTX	99.66	98.97
A	GCA_014900935.1	JACVVR010000023.1	mdtM	AMR	EFFLUX	BLASTX	100.00	97.80
A	GCA_014900935.1	JACVVR010000026.1	blaCTX-M-15	AMR	BETA-LACTAM	ALLELEX	100.00	100.00
A	GCA_014900935.1	JACVVR010000028.1	mcr-1.1	AMR	COLISTIN	ALLELEX	100.00	100.00
A	GCA_014900935.1	JACVVR010000029.1	parC_S80I	POINT	QUINOLONE	POINTX	100.00	99.87
A	GCA_014900935.1	JACVVR010000066.1	tet(A)	AMR	TETRACYCLINE	EXACTX	100.00	100.00
A	GCA_014900935.1	JACVVR010000090.1	sul3	AMR	SULFONAMIDE	EXACTX	100.00	100.00
A	GCA_014900935.1	JACVVR010000092.1	erm(B)	AMR	LINCOSAMIDE/MACROLIDE/STREPTOGRAMIN	BLASTX	100.00	99.59
A	GCA_014900935.1	JACVVR010000092.1	tet(X5)	AMR	TETRACYCLINE	BLASTX	100.00	96.03
A	GCA_014900935.1	JACVVR010000092.1	sul1	AMR	SULFONAMIDE	PARTIALX	78.18	100.00
A	GCA_014900935.1	JACVVR010000092.1	dfrA7	AMR	TRIMETHOPRIM	BLASTX	98.09	100.00
A	GCA_014900935.1	JACVVR010000096.1	mrx(A)	AMR	MACROLIDE	EXACTX	100.00	100.00
A	GCA_014900935.1	JACVVR010000096.1	mph(A)	AMR	MACROLIDE	EXACTX	100.00	100.00
A	GCA_014900935.1	JACVVR010000098.1	floR	AMR	PHENICOL	BLASTX	100.00	99.75
A	GCA_014900935.1	JACVVR010000111.1	aac(3)-IIe	AMR	AMINOGLYCOSIDE	EXACTX	100.00	100.00
A	GCA_014900935.1	JACVVR010000116.1	aph(6)-Id	AMR	AMINOGLYCOSIDE	BLASTX	99.64	99.64
A	GCA_014900935.1	JACVVR010000116.1	aph(3'')-Ib	AMR	AMINOGLYCOSIDE	BLASTX	97.00	100.00
A	GCA_014900935.1	JACVVR010000118.1	arr-2	AMR	RIFAMYCIN	ALLELEX	100.00	100.00
A	GCA_014900935.1	JACVVR010000118.1	ere(A)	AMR	MACROLIDE	EXACTX	100.00	100.00
A	GCA_014900935.1	JACVVR010000121.1	blaTEM-1	AMR	BETA-LACTAM	ALLELEX	100.00	100.00
A	GCA_014900935.1	JACVVR010000129.1	estX-3	AMR	MACROLIDE	ALLELEX	100.00	100.00
A	GCA_014900935.1	JACVVR010000129.1	aadA2	AMR	AMINOGLYCOSIDE	PARTIALX	64.26	100.00
A	GCA_014900935.1	JACVVR010000152.1	cmlA1	AMR	PHENICOL	PARTIALX	79.47	100.00
A	GCA_014900935.1	JACVVR010000158.1	aph(3')-Ia	AMR	AMINOGLYCOSIDE	EXACTX	100.00	100.00
A	GCA_014900935.1	JACVVR010000161.1	erm(42)	AMR	LINCOSAMIDE/MACROLIDE	EXACTX	100.00	100.00
A	GCA_014900935.1	JACVVR010000162.1	dfrA14	AMR	TRIMETHOPRIM	EXACTX	100.00	100.00
A	GCA_014900935.1	JACVVR010000179.1	dfrA1	AMR	TRIMETHOPRIM	EXACTX	100.00	100.00
A	GCA_014900935.1	JACVVR010000193.1	aadA1	AMR	AMINOGLYCOSIDE	PARTIAL_CONTIG_ENDX	89.73	98.73
A	GCA_014900945.1	JACVVV010000002.1	gyrA_D87N	POINT	QUINOLONE	POINTX	99.66	98.97
A	GCA_014900945.1	JACVVV010000002.1	gyrA_S83L	POINT	QUINOLONE	POINTX	99.66	98.97
A	GCA_014900945.1	JACVVV010000005.1	mcr-1.1	AMR	COLISTIN	ALLELEX	100.00	100.00
A	GCA_014900945.1	JACVVV010000011.1	blaEC	AMR	BETA-LACTAM	BLASTX	100.00	98.67
A	GCA_014900945.1	JACVVV010000012.1	parC_S80I	POINT	QUINOLONE	POINTX	100.00	99.87
A	GCA_014900945.1	JACVVV010000017.1	mdtM	AMR	EFFLUX	BLASTX	99.76	98.04
A	GCA_014900945.1	JACVVV010000019.1	acrF	AMR	EFFLUX	BLASTX	100.00	99.52
A	GCA_014900945.1	JACVVV010000051.1	aph(3'')-Ib	AMR	AMINOGLYCOSIDE	BLASTX	100.00	99.63
A	GCA_014900945.1	JACVVV010000051.1	aph(6)-Id	AMR	AMINOGLYCOSIDE	BLASTX	100.00	99.64
A	GCA_014900945.1	JACVVV010000051.1	blaTEM-1	AMR	BETA-LACTAM	ALLELEX	100.00	100.00
A	GCA_014900945.1	JACVVV010000051.1	blaCTX-M-15	AMR	BETA-LACTAM	ALLELEX	100.00	100.00
A	GCA_014900945.1	JACVVV010000062.1	mrx(A)	AMR	MACROLIDE	EXACTX	100.00	100.00
A	GCA_014900945.1	JACVVV010000062.1	mph(A)	AMR	MACROLIDE	EXACTX	100.00	100.00
A	GCA_014900945.1	JACVVV010000063.1	catA1	AMR	PHENICOL	INTERNAL_STOP	85.39	93.05
A	GCA_014900945.1	JACVVV010000069.1	floR	AMR	PHENICOL	BLASTX	100.00	99.75
A	GCA_014900945.1	JACVVV010000072.1	tet(A)	AMR	TETRACYCLINE	BLASTX	100.00	99.75
A	GCA_014900945.1	JACVVV010000074.1	tet(X5)	AMR	TETRACYCLINE	BLASTX	100.00	96.03
A	GCA_014900945.1	JACVVV010000077.1	sul3	AMR	SULFONAMIDE	EXACTX	100.00	100.00
A	GCA_014900945.1	JACVVV010000083.1	cmlA1	AMR	PHENICOL	EXACTX	100.00	100.00
A	GCA_014900945.1	JACVVV010000083.1	aadA2	AMR	AMINOGLYCOSIDE	BLASTX	98.86	100.00
A	GCA_014900945.1	JACVVV010000085.1	arr-2	AMR	RIFAMYCIN	ALLELEX	100.00	100.00
A	GCA_014900945.1	JACVVV010000085.1	ere(A)	AMR	MACROLIDE	EXACTX	100.00	100.00
A	GCA_014900945.1	JACVVV010000086.1	fosA4	AMR	FOSFOMYCIN	ALLELEX	100.00	100.00
A	GCA_014900945.1	JACVVV010000088.1	estX-3	AMR	MACROLIDE	ALLELEX	100.00	100.00
A	GCA_014900945.1	JACVVV010000089.1	aac(3)-IIe	AMR	AMINOGLYCOSIDE	BLASTX	98.60	99.65
A	GCA_014900945.1	JACVVV010000096.1	aph(3')-Ia	AMR	AMINOGLYCOSIDE	EXACTX	100.00	100.00
A	GCA_014900945.1	JACVVV010000108.1	dfrA7	AMR	TRIMETHOPRIM	EXACTX	100.00	100.00
A	GCA_014900945.1	JACVVV010000110.1	dfrA12	AMR	TRIMETHOPRIM	EXACTX	100.00	100.00
A	GCA_014900945.1	JACVVV010000114.1	aadA1	AMR	AMINOGLYCOSIDE	PARTIAL_CONTIG_ENDX	89.73	100.00
A	GCA_014900955.1	JACVVT010000001.1	blaEC	AMR	BETA-LACTAM	EXACTX	100.00	100.00
A	GCA_014900955.1	JACVVT010000002.1	gyrA_D87N	POINT	QUINOLONE	POINTX	99.66	98.97
A	GCA_014900955.1	JACVVT010000002.1	gyrA_S83L	POINT	QUINOLONE	POINTX	99.66	98.97
A	GCA_014900955.1	JACVVT010000023.1	mdtM	AMR	EFFLUX	BLASTX	100.00	97.80
A	GCA_014900955.1	JACVVT010000026.1	blaCTX-M-15	AMR	BETA-LACTAM	ALLELEX	100.00	100.00
A	GCA_014900955.1	JACVVT010000028.1	parC_S80I	POINT	QUINOLONE	POINTX	100.00	99.87
A	GCA_014900955.1	JACVVT010000035.1	mcr-1.1	AMR	COLISTIN	ALLELEX	100.00	100.00
A	GCA_014900955.1	JACVVT010000062.1	blaTEM-1	AMR	BETA-LACTAM	ALLELEX	100.00	100.00
A	GCA_014900955.1	JACVVT010000090.1	sul3	AMR	SULFONAMIDE	EXACTX	100.00	100.00
A	GCA_014900955.1	JACVVT010000092.1	aph(3'')-Ib	AMR	AMINOGLYCOSIDE	BLASTX	100.00	99.63
A	GCA_014900955.1	JACVVT010000092.1	aph(6)-Id	AMR	AMINOGLYCOSIDE	BLASTX	99.64	99.64
A	GCA_014900955.1	JACVVT010000093.1	tet(A)	AMR	TETRACYCLINE	EXACTX	100.00	100.00
A	GCA_014900955.1	JACVVT010000094.1	erm(B)	AMR	LINCOSAMIDE/MACROLIDE/STREPTOGRAMIN	BLASTX	100.00	99.59
A	GCA_014900955.1	JACVVT010000094.1	tet(X5)	AMR	TETRACYCLINE	BLASTX	100.00	96.03
A	GCA_014900955.1	JACVVT010000098.1	mrx(A)	AMR	MACROLIDE	EXACTX	100.00	100.00
A	GCA_014900955.1	JACVVT010000098.1	mph(A)	AMR	MACROLIDE	EXACTX	100.00	100.00
A	GCA_014900955.1	JACVVT010000115.1	aac(3)-IIe	AMR	AMINOGLYCOSIDE	EXACTX	100.00	100.00
A	GCA_014900955.1	JACVVT010000117.1	floR	AMR	PHENICOL	BLASTX	100.00	99.75
A	GCA_014900955.1	JACVVT010000121.1	arr-2	AMR	RIFAMYCIN	ALLELEX	100.00	100.00
A	GCA_014900955.1	JACVVT010000121.1	ere(A)	AMR	MACROLIDE	EXACTX	100.00	100.00
A	GCA_014900955.1	JACVVT010000121.1	aadA1	AMR	AMINOGLYCOSIDE	PARTIAL_CONTIG_ENDX	58.94	99.35
A	GCA_014900955.1	JACVVT010000130.1	estX-3	AMR	MACROLIDE	ALLELEX	100.00	100.00
A	GCA_014900955.1	JACVVT010000130.1	aadA2	AMR	AMINOGLYCOSIDE	PARTIALX	73.76	100.00
A	GCA_014900955.1	JACVVT010000141.1	erm(42)	AMR	LINCOSAMIDE/MACROLIDE	EXACTX	100.00	100.00
A	GCA_014900955.1	JACVVT010000147.1	sul1	AMR	SULFONAMIDE	EXACTX	100.00	100.00
A	GCA_014900955.1	JACVVT010000149.1	cmlA1	AMR	PHENICOL	PARTIALX	79.47	100.00
A	GCA_014900955.1	JACVVT010000152.1	aph(3')-Ia	AMR	AMINOGLYCOSIDE	EXACTX	100.00	100.00
A	GCA_014900955.1	JACVVT010000157.1	dfrA14	AMR	TRIMETHOPRIM	EXACTX	100.00	100.00
A	GCA_014900955.1	JACVVT010000177.1	dfrA7	AMR	TRIMETHOPRIM	EXACTX	100.00	100.00
A	GCA_014900955.1	JACVVT010000182.1	dfrA1	AMR	TRIMETHOPRIM	EXACTX	100.00	100.00
A	GCA_020281985.1	JACZEQ010000003.1	cirA_D446EfsTer18	POINT_DISRUPT	BETA-LACTAM	POINTX	100.00	99.85
A	GCA_020281985.1	JACZEQ010000016.1	blaEC	AMR	BETA-LACTAM	BLASTX	100.00	98.41
A	GCA_020281985.1	JACZEQ010000017.1	mdtM	AMR	EFFLUX	BLASTX	100.00	97.80
A	GCA_020281985.1	JACZEQ010000018.1	acrF	AMR	EFFLUX	BLASTX	100.00	99.71
A	GCA_020281985.1	JACZEQ010000020.1	parC_S80I	POINT	QUINOLONE	POINTX	100.00	99.87
A	GCA_020281985.1	JACZEQ010000025.1	blaCTX-M-104	AMR	BETA-LACTAM	ALLELEX	100.00	100.00
A	GCA_020281985.1	JACZEQ010000034.1	gyrA_D87N	POINT	QUINOLONE	POINTX	99.66	98.97
A	GCA_020281985.1	JACZEQ010000034.1	gyrA_S83L	POINT	QUINOLONE	POINTX	99.66	98.97
A	GCA_020281985.1	JACZEQ010000043.1	mcr-1.1	AMR	COLISTIN	ALLELEX	100.00	100.00
A	GCA_020281985.1	JACZEQ010000052.1	aadA1	AMR	AMINOGLYCOSIDE	PARTIAL_CONTIG_ENDX	55.13	99.31
A	GCA_020281985.1	JACZEQ010000052.1	sul1	AMR	SULFONAMIDE	EXACTX	100.00	100.00
A	GCA_020281985.1	JACZEQ010000052.1	rdmCL	AMR	MACROLIDE	EXACTX	100.00	100.00
A	GCA_020281985.1	JACZEQ010000052.1	mph(B)	AMR	MACROLIDE	EXACTX	100.00	100.00
A	GCA_020281985.1	JACZEQ010000081.1	dfrA1	AMR	TRIMETHOPRIM	EXACTX	100.00	100.00
A	GCA_020281985.1	JACZEQ010000081.1	aph(6)-Id	AMR	AMINOGLYCOSIDE	EXACTX	100.00	100.00
A	GCA_020281985.1	JACZEQ010000081.1	aph(3'')-Ib	AMR	AMINOGLYCOSIDE	EXACTX	100.00	100.00
A	GCA_020281985.1	JACZEQ010000081.1	sul2	AMR	SULFONAMIDE	EXACTX	100.00	100.00
A	GCA_020281985.1	JACZEQ010000102.1	floR	AMR	PHENICOL	BLASTX	100.00	99.75
A	GCA_020281985.1	JACZEQ010000108.1	tet(A)	AMR	TETRACYCLINE	EXACTX	100.00	100.00
A	GCA_020281985.1	JACZEQ010000119.1	mrx(A)	AMR	MACROLIDE	EXACTX	100.00	100.00
A	GCA_020281985.1	JACZEQ010000119.1	mph(A)	AMR	MACROLIDE	EXACTX	100.00	100.00
A	GCA_020281985.1	JACZEQ010000128.1	fosA4	AMR	FOSFOMYCIN	ALLELEX	100.00	100.00
A	GCA_020281985.1	JACZEQ010000132.1	aac(3)-IIe	AMR	AMINOGLYCOSIDE	EXACTX	100.00	100.00
A	GCA_020281985.1	JACZEQ010000155.1	estX	AMR	MACROLIDE	EXACTX	100.00	100.00
A	GCA_020281985.1	JACZEQ010000156.1	lnu(F)	AMR	LINCOSAMIDE	EXACTX	100.00	100.00
A	GCA_020281985.1	JACZEQ010000176.1	blaTEM-1	AMR	BETA-LACTAM	ALLELEX	100.00	100.00
A	GCA_020281985.1	JACZEQ010000216.1	aadA1	AMR	AMINOGLYCOSIDE	PARTIAL_CONTIG_ENDX	76.34	100.00
A	GCA_028882105.2	JARBTG020000001.1	acrR_E190KfsTer54	POINT_DISRUPT	MULTIDRUG	POINTX	100.00	100.00
A	GCA_028882105.2	JARBTG020000001.1	mdtM	AMR	EFFLUX	BLASTX	100.00	98.05
A	GCA_028882105.2	JARBTG020000001.1	blaEC	AMR	BETA-LACTAM	BLASTX	100.00	98.14
A	GCA_028882105.2	JARBTG020000001.1	sul1	AMR	SULFONAMIDE	EXACTX	100.00	100.00
A	GCA_028882105.2	JARBTG020000001.1	aadA1	AMR	AMINOGLYCOSIDE	EXACTX	100.00	100.00
A	GCA_028882105.2	JARBTG020000001.1	ant(2'')-Ia	AMR	AMINOGLYCOSIDE	EXACTX	100.00	100.00
A	GCA_028882105.2	JARBTG020000001.1	floR	AMR	PHENICOL	EXACTX	100.00	100.00
A	GCA_028882105.2	JARBTG020000001.1	dfrA36	AMR	TRIMETHOPRIM	PARTIALX	71.79	100.00
A	GCA_028882105.2	JARBTG020000001.1	sul2	AMR	SULFONAMIDE	PARTIALX	84.13	99.12
A	GCA_028882105.2	JARBTG020000001.1	emrD	AMR	EFFLUX	BLASTX	100.00	99.75
A	GCA_028882105.2	JARBTG020000001.1	acrF	AMR	EFFLUX	BLASTX	100.00	99.52
A	GCA_028882105.2	JARBTG020000001.1	parC_E84G	POINT	QUINOLONE	POINTX	100.00	99.73
A	GCA_028882105.2	JARBTG020000001.1	parC_S80I	POINT	QUINOLONE	POINTX	100.00	99.73
A	GCA_028882105.2	JARBTG020000001.1	gyrA_D87N	POINT	QUINOLONE	POINTX	99.66	98.86
A	GCA_028882105.2	JARBTG020000001.1	gyrA_S83L	POINT	QUINOLONE	POINTX	99.66	98.86
A	GCA_028882105.2	JARBTG020000001.1	tet(B)	AMR	TETRACYCLINE	EXACTX	100.00	100.00
A	GCA_028882105.2	JARBTG020000001.1	catA1	AMR	PHENICOL	EXACTX	100.00	100.00
A	GCA_028882105.2	JARBTG020000001.1	dfrA1	AMR	TRIMETHOPRIM	EXACTX	100.00	100.00
A	GCA_028882105.2	JARBTG020000001.1	aadA1	AMR	AMINOGLYCOSIDE	EXACTX	100.00	100.00
A	GCA_028882105.2	JARBTG020000001.1	sul1	AMR	SULFONAMIDE	EXACTX	100.00	100.00
A	GCA_028882105.2	JARBTG020000001.1	dfrA24	AMR	TRIMETHOPRIM	PARTIALX	89.19	100.00
A	GCA_028882105.2	JARBTG020000001.1	sul1	AMR	SULFONAMIDE	EXACTX	100.00	100.00
A	GCA_028882105.2	JARBTG020000001.1	ompF_Y124TerfsTer0	POINT_DISRUPT	BETA-LACTAM	POINTX	100.00	92.54
A	GCA_028882105.2	JARBTG020000002.1	mcr-1.1	AMR	COLISTIN	ALLELEX	100.00	100.00
A	GCA_028882105.2	JARBTG020000002.1	catA1	AMR	PHENICOL	EXACTX	100.00	100.00
A	GCA_028882105.2	JARBTG020000002.1	estX-3	AMR	MACROLIDE	ALLELEX	100.00	100.00
A	GCA_028882105.2	JARBTG020000002.1	aadA2	AMR	AMINOGLYCOSIDE	EXACTX	100.00	100.00
A	GCA_028882105.2	JARBTG020000002.1	cmlA1	AMR	PHENICOL	EXACTX	100.00	100.00
A	GCA_028882105.2	JARBTG020000002.1	aadA1	AMR	AMINOGLYCOSIDE	EXACTX	100.00	100.00
A	GCA_028882105.2	JARBTG020000002.1	sul3	AMR	SULFONAMIDE	EXACTX	100.00	100.00
A	GCA_028882105.2	JARBTG020000002.1	blaTEM-1	AMR	BETA-LACTAM	ALLELEX	100.00	100.00
A	GCA_028882105.2	JARBTG020000002.1	aac(3)-IIe	AMR	AMINOGLYCOSIDE	EXACTX	100.00	100.00
A	GCA_028882105.2	JARBTG020000002.1	aph(3')-Ia	AMR	AMINOGLYCOSIDE	EXACTX	100.00	100.00
A	GCA_028882105.2	JARBTG020000002.1	aph(6)-Id	AMR	AMINOGLYCOSIDE	EXACTX	100.00	100.00
A	GCA_028882105.2	JARBTG020000002.1	aph(3'')-Ib	AMR	AMINOGLYCOSIDE	EXACTX	100.00	100.00
A	GCA_028882105.2	JARBTG020000002.1	sul2	AMR	SULFONAMIDE	EXACTX	100.00	100.00
A	GCA_028882105.2	JARBTG020000002.1	aph(3'')-Ib	AMR	AMINOGLYCOSIDE	EXACTX	100.00	100.00
A	GCA_028882105.2	JARBTG020000002.1	aph(6)-Id	AMR	AMINOGLYCOSIDE	EXACTX	100.00	100.00
A	GCA_028882105.2	JARBTG020000002.1	dfrA1	AMR	TRIMETHOPRIM	EXACTX	100.00	100.00
A	GCA_028882105.2	JARBTG020000002.1	aadA1	AMR	AMINOGLYCOSIDE	EXACTX	100.00	100.00
A	GCA_028882105.2	JARBTG020000002.1	sul1	AMR	SULFONAMIDE	EXACTX	100.00	100.00
A	GCA_028882105.2	JARBTG020000002.1	tet(A)	AMR	TETRACYCLINE	EXACTX	100.00	100.00
A	GCA_029953225.1	JASATV010000001.1	acrF	AMR	EFFLUX	BLASTX	100.00	99.52
A	GCA_029953225.1	JASATV010000001.1	qnrS1	AMR	QUINOLONE	ALLELEX	100.00	100.00
A	GCA_029953225.1	JASATV010000001.1	blaCTX-M-15	AMR	BETA-LACTAM	ALLELEX	100.00	100.00
A	GCA_029953225.1	JASATV010000001.1	mdtM	AMR	EFFLUX	BLASTX	98.29	98.01
A	GCA_029953225.1	JASATV010000001.1	blaEC	AMR	BETA-LACTAM	BLASTX	100.00	98.41
A	GCA_029953225.1	JASATV010000001.1	cyaA_S352T	POINT	FOSMIDOMYCIN	POINTX	100.00	99.29
A	GCA_029953225.1	JASATV010000003.1	mcr-1.1	AMR	COLISTIN	ALLELEX	100.00	100.00
A	GCA_033342895.1	JAWPEQ010000001.1	acrR_E190KfsTer54	POINT_DISRUPT	MULTIDRUG	POINTX	100.00	100.00
A	GCA_033342895.1	JAWPEQ010000001.1	mdtM	AMR	EFFLUX	BLASTX	100.00	98.05
A	GCA_033342895.1	JAWPEQ010000001.1	blaEC	AMR	BETA-LACTAM	BLASTX	100.00	98.14
A	GCA_033342895.1	JAWPEQ010000001.1	sul1	AMR	SULFONAMIDE	EXACTX	100.00	100.00
A	GCA_033342895.1	JAWPEQ010000001.1	aadA1	AMR	AMINOGLYCOSIDE	EXACTX	100.00	100.00
A	GCA_033342895.1	JAWPEQ010000001.1	ant(2'')-Ia	AMR	AMINOGLYCOSIDE	EXACTX	100.00	100.00
A	GCA_033342895.1	JAWPEQ010000001.1	floR	AMR	PHENICOL	EXACTX	100.00	100.00
A	GCA_033342895.1	JAWPEQ010000001.1	dfrA36	AMR	TRIMETHOPRIM	EXACTX	100.00	100.00
A	GCA_033342895.1	JAWPEQ010000001.1	sul2	AMR	SULFONAMIDE	EXACTX	100.00	100.00
A	GCA_033342895.1	JAWPEQ010000001.1	emrD	AMR	EFFLUX	BLASTX	100.00	99.75
A	GCA_033342895.1	JAWPEQ010000001.1	acrF	AMR	EFFLUX	BLASTX	100.00	99.52
A	GCA_033342895.1	JAWPEQ010000001.1	parC_E84G	POINT	QUINOLONE	POINTX	100.00	99.73
A	GCA_033342895.1	JAWPEQ010000001.1	parC_S80I	POINT	QUINOLONE	POINTX	100.00	99.73
A	GCA_033342895.1	JAWPEQ010000001.1	gyrA_D87N	POINT	QUINOLONE	POINTX	99.66	98.86
A	GCA_033342895.1	JAWPEQ010000001.1	gyrA_S83L	POINT	QUINOLONE	POINTX	99.66	98.86
A	GCA_033342895.1	JAWPEQ010000001.1	tet(B)	AMR	TETRACYCLINE	EXACTX	100.00	100.00
A	GCA_033342895.1	JAWPEQ010000001.1	catA1	AMR	PHENICOL	EXACTX	100.00	100.00
A	GCA_033342895.1	JAWPEQ010000001.1	blaOXA-1	AMR	BETA-LACTAM	ALLELEX	100.00	100.00
A	GCA_033342895.1	JAWPEQ010000001.1	aadA1	AMR	AMINOGLYCOSIDE	EXACTX	100.00	100.00
A	GCA_033342895.1	JAWPEQ010000001.1	sul1	AMR	SULFONAMIDE	EXACTX	100.00	100.00
A	GCA_033342895.1	JAWPEQ010000001.1	dfrA24	AMR	TRIMETHOPRIM	PARTIALX	89.19	100.00
A	GCA_033342895.1	JAWPEQ010000001.1	sul1	AMR	SULFONAMIDE	EXACTX	100.00	100.00
A	GCA_033342895.1	JAWPEQ010000001.1	ompF_Y124TerfsTer0	POINT_DISRUPT	BETA-LACTAM	POINTX	100.00	92.54
A	GCA_033342895.1	JAWPEQ010000002.1	mcr-1.1	AMR	COLISTIN	ALLELEX	100.00	100.00
A	GCA_033342895.1	JAWPEQ010000002.1	catA1	AMR	PHENICOL	EXACTX	100.00	100.00
A	GCA_033342895.1	JAWPEQ010000002.1	estX-3	AMR	MACROLIDE	ALLELEX	100.00	100.00
A	GCA_033342895.1	JAWPEQ010000002.1	aadA2	AMR	AMINOGLYCOSIDE	EXACTX	100.00	100.00
A	GCA_033342895.1	JAWPEQ010000002.1	cmlA1	AMR	PHENICOL	EXACTX	100.00	100.00
A	GCA_033342895.1	JAWPEQ010000002.1	aadA1	AMR	AMINOGLYCOSIDE	EXACTX	100.00	100.00
A	GCA_033342895.1	JAWPEQ010000002.1	sul3	AMR	SULFONAMIDE	EXACTX	100.00	100.00
A	GCA_033342895.1	JAWPEQ010000002.1	blaTEM-1	AMR	BETA-LACTAM	ALLELEX	100.00	100.00
A	GCA_033342895.1	JAWPEQ010000002.1	aac(3)-IIe	AMR	AMINOGLYCOSIDE	EXACTX	100.00	100.00
A	GCA_033342895.1	JAWPEQ010000002.1	aph(3')-Ia	AMR	AMINOGLYCOSIDE	EXACTX	100.00	100.00
A	GCA_033342895.1	JAWPEQ010000002.1	aph(6)-Id	AMR	AMINOGLYCOSIDE	EXACTX	100.00	100.00
A	GCA_033342895.1	JAWPEQ010000002.1	aph(3'')-Ib	AMR	AMINOGLYCOSIDE	EXACTX	100.00	100.00
A	GCA_033342895.1	JAWPEQ010000002.1	sul2	AMR	SULFONAMIDE	EXACTX	100.00	100.00
A	GCA_033342895.1	JAWPEQ010000002.1	aph(3'')-Ib	AMR	AMINOGLYCOSIDE	EXACTX	100.00	100.00
A	GCA_033342895.1	JAWPEQ010000002.1	aph(6)-Id	AMR	AMINOGLYCOSIDE	EXACTX	100.00	100.00
A	GCA_033342895.1	JAWPEQ010000002.1	dfrA1	AMR	TRIMETHOPRIM	EXACTX	100.00	100.00
A	GCA_033342895.1	JAWPEQ010000002.1	aadA1	AMR	AMINOGLYCOSIDE	EXACTX	100.00	100.00
A	GCA_033342895.1	JAWPEQ010000002.1	sul1	AMR	SULFONAMIDE	BLASTX	100.00	99.64
A	GCA_033342895.1	JAWPEQ010000002.1	tet(A)	AMR	TETRACYCLINE	EXACTX	100.00	100.00
A	GCA_045037815.1	CP173550.1	armA	AMR	AMINOGLYCOSIDE	PARTIALX	50.58	98.46
A	GCA_045037815.1	CP173550.1	armA	AMR	AMINOGLYCOSIDE	PARTIALX	50.58	100.00
A	GCA_045037815.1	CP173550.1	msr(E)	AMR	MACROLIDE/STREPTOGRAMIN	EXACTX	100.00	100.00
A	GCA_045037815.1	CP173550.1	mph(E)	AMR	MACROLIDE	EXACTX	100.00	100.00
A	GCA_045037815.1	CP173550.1	qnrS1	AMR	QUINOLONE	ALLELEX	100.00	100.00
A	GCA_045037815.1	CP173550.1	aph(3')-VI	AMR	AMINOGLYCOSIDE	EXACTX	100.00	100.00
A	GCA_045037815.1	CP173550.1	blaNDM-5	AMR	BETA-LACTAM	ALLELEX	100.00	100.00
A	GCA_045037815.1	CP173550.1	ble	AMR	BLEOMYCIN	EXACTX	100.00	100.00
A	GCA_045037815.1	CP173550.1	dfrA5	AMR	TRIMETHOPRIM	EXACTX	100.00	100.00
A	GCA_045037815.1	CP173550.1	sul1	AMR	SULFONAMIDE	EXACTX	100.00	100.00
A	GCA_045037815.1	CP173550.1	mrx(A)	AMR	MACROLIDE	EXACTX	100.00	100.00
A	GCA_045037815.1	CP173550.1	mph(A)	AMR	MACROLIDE	EXACTX	100.00	100.00
A	GCA_045037815.1	CP173550.1	aph(3')-Ia	AMR	AMINOGLYCOSIDE	EXACTX	100.00	100.00
A	GCA_045037815.1	CP173551.1	mcr-1	AMR	COLISTIN	PARTIAL_CONTIG_ENDX	71.53	100.00
A	GCA_045037815.1	CP173552.1	blaTEM-1	AMR	BETA-LACTAM	ALLELEX	100.00	100.00
A	GCA_045037815.1	CP173553.1	blaCTX-M-104	AMR	BETA-LACTAM	ALLELEX	100.00	100.00
A	GCA_045037815.1	CP173553.1	aadA1	AMR	AMINOGLYCOSIDE	EXACTX	100.00	100.00
A	GCA_045037815.1	CP173553.1	lnu(F)	AMR	LINCOSAMIDE	EXACTX	100.00	100.00
A	GCA_045037815.1	CP173553.1	aadA1	AMR	AMINOGLYCOSIDE	EXACTX	100.00	100.00
A	GCA_045037815.1	CP173553.1	estX	AMR	MACROLIDE	EXACTX	100.00	100.00
A	GCA_045037815.1	CP173553.1	aadA1	AMR	AMINOGLYCOSIDE	EXACTX	100.00	100.00
A	GCA_045037815.1	CP173553.1	blaTEM-1	AMR	BETA-LACTAM	ALLELEX	100.00	100.00
A	GCA_045037815.1	CP173553.1	aac(3)-IIe	AMR	AMINOGLYCOSIDE	EXACTX	100.00	100.00
A	GCA_045037815.1	CP173553.1	floR	AMR	PHENICOL	BLASTX	100.00	99.75
A	GCA_045037815.1	CP173554.1	nfsA_M110TerfsTer0	POINT_DISRUPT	NITROFURAN	POINTX	100.00	97.91
A	GCA_045037815.1	CP173554.1	mdtM	AMR	EFFLUX	BLASTX	100.00	98.05
A	GCA_045037815.1	CP173554.1	sul2	AMR	SULFONAMIDE	EXACTX	100.00	100.00
A	GCA_045037815.1	CP173554.1	tet(B)	AMR	TETRACYCLINE	BLASTX	100.00	99.75
A	GCA_045037815.1	CP173554.1	aph(3')-Ia	AMR	AMINOGLYCOSIDE	BLASTX	100.00	99.63
A	GCA_045037815.1	CP173554.1	aph(6)-Id	AMR	AMINOGLYCOSIDE	EXACTX	100.00	100.00
A	GCA_045037815.1	CP173554.1	aph(3'')-Ib	AMR	AMINOGLYCOSIDE	EXACTX	100.00	100.00
A	GCA_045037815.1	CP173554.1	blaEC	AMR	BETA-LACTAM	BLASTX	100.00	99.73
A	GCA_045037815.1	CP173554.1	cyaA_S352T	POINT	FOSMIDOMYCIN	POINTX	100.00	99.29
A	GCA_045037815.1	CP173554.1	aadA1	AMR	AMINOGLYCOSIDE	EXACTX	100.00	100.00
A	GCA_045037815.1	CP173554.1	sat2	AMR	STREPTOTHRICIN	EXACTX	100.00	100.00
A	GCA_045037815.1	CP173554.1	dfrA1	AMR	TRIMETHOPRIM	EXACTX	100.00	100.00
A	GCA_045037815.1	CP173554.1	emrD	AMR	EFFLUX	BLASTX	100.00	99.75
A	GCA_045037815.1	CP173554.1	acrF	AMR	EFFLUX	BLASTX	100.00	99.32
A	GCA_045037815.1	CP173554.1	parC_S80I	POINT	QUINOLONE	POINTX	100.00	99.87
A	GCA_045037815.1	CP173554.1	gyrA_D87Y	POINT	QUINOLONE	POINTX	99.66	98.74
A	GCA_045037815.1	CP173554.1	gyrA_S83L	POINT	QUINOLONE	POINTX	99.66	98.74
A	GCA_045037815.1	CP173555.1	aac(3)-IId	AMR	AMINOGLYCOSIDE	EXACTX	100.00	100.00
A	GCA_045037815.1	CP173555.1	aadA22	AMR	AMINOGLYCOSIDE	EXACTX	100.00	100.00
A	GCA_050106675.1	JBNIJP010000007.1	emrD	AMR	EFFLUX	BLASTX	100.00	99.49
A	GCA_050106675.1	JBNIJP010000008.1	mdtM	AMR	EFFLUX	BLASTX	100.00	97.80
A	GCA_050106675.1	JBNIJP010000037.1	acrF	AMR	EFFLUX	BLASTX	100.00	99.52
A	GCA_050106675.1	JBNIJP010000040.1	blaEC	AMR	BETA-LACTAM	BLASTX	100.00	98.14
A	GCA_050106675.1	JBNIJP010000124.1	mcr-9.1	AMR	COLISTIN	ALLELEX	100.00	100.00
A	GCA_050106675.1	JBNIJP010000124.1	qseC	AMR	COLISTIN	EXACTX	100.00	100.00
A	GCA_050106675.1	JBNIJP010000124.1	qseB	AMR	COLISTIN	EXACTX	100.00	100.00
A	GCA_050106675.1	JBNIJP010000178.1	aph(3'')-Ib	AMR	AMINOGLYCOSIDE	EXACTX	100.00	100.00
A	GCA_050106675.1	JBNIJP010000178.1	sul2	AMR	SULFONAMIDE	BLASTX	100.00	99.63
A	GCA_050106675.1	JBNIJP010000193.1	aph(6)-Id	AMR	AMINOGLYCOSIDE	PARTIAL_CONTIG_ENDX	74.10	100.00
A	GCA_050938395.1	JBPBSW010000001.1	gyrA_D87N	POINT	QUINOLONE	POINTX	99.66	98.86
A	GCA_050938395.1	JBPBSW010000001.1	gyrA_S83L	POINT	QUINOLONE	POINTX	99.66	98.86
A	GCA_050938395.1	JBPBSW010000005.1	mdtM	AMR	EFFLUX	BLASTX	100.00	97.80
A	GCA_050938395.1	JBPBSW010000011.1	acrF	AMR	EFFLUX	BLASTX	100.00	99.42
A	GCA_050938395.1	JBPBSW010000021.1	parC_E84A	POINT	QUINOLONE	POINTX	100.00	99.73
A	GCA_050938395.1	JBPBSW010000021.1	parC_S80I	POINT	QUINOLONE	POINTX	100.00	99.73
A	GCA_050938395.1	JBPBSW010000024.1	tet(A)	AMR	TETRACYCLINE	BLASTX	100.00	99.75
A	GCA_050938395.1	JBPBSW010000024.1	blaTEM-1	AMR	BETA-LACTAM	ALLELEX	100.00	100.00
A	GCA_050938395.1	JBPBSW010000027.1	mcr-1.1	AMR	COLISTIN	ALLELEX	100.00	100.00
A	GCA_050938395.1	JBPBSW010000031.1	blaEC	AMR	BETA-LACTAM	BLASTX	100.00	98.94
A	GCA_050938415.1	JBPBTA010000001.1	acrF	AMR	EFFLUX	PARTIALX	54.16	99.64
A	GCA_050938415.1	JBPBTA010000001.1	parE_I355T	POINT	QUINOLONE	POINTX	100.00	99.37
A	GCA_050938415.1	JBPBTA010000001.1	parC_E84G	POINT	QUINOLONE	POINTX	100.00	99.60
A	GCA_050938415.1	JBPBTA010000001.1	parC_S80I	POINT	QUINOLONE	POINTX	100.00	99.60
A	GCA_050938415.1	JBPBTA010000003.1	gyrA_D87N	POINT	QUINOLONE	POINTX	99.66	98.97
A	GCA_050938415.1	JBPBTA010000003.1	gyrA_S83L	POINT	QUINOLONE	POINTX	99.66	98.97
A	GCA_050938415.1	JBPBTA010000009.1	tet(A)	AMR	TETRACYCLINE	EXACTX	100.00	100.00
A	GCA_050938415.1	JBPBTA010000011.1	blaEC	AMR	BETA-LACTAM	BLASTX	100.00	99.20
A	GCA_050938415.1	JBPBTA010000022.1	cyaA_S352T	POINT	FOSMIDOMYCIN	POINTX	100.00	99.29
A	GCA_050938415.1	JBPBTA010000026.1	mcr-1.1	AMR	COLISTIN	ALLELEX	100.00	100.00
A	GCA_050938415.1	JBPBTA010000029.1	emrD	AMR	EFFLUX	BLASTX	99.75	99.49
A	GCA_050938415.1	JBPBTA010000029.1	uhpT_E350Q	POINT	FOSFOMYCIN	POINTX	100.00	99.78
A	GCA_050938415.1	JBPBTA010000030.1	mdtM	AMR	EFFLUX	BLASTX	100.00	97.80
A	GCA_050938415.1	JBPBTA010000054.1	estX-3	AMR	MACROLIDE	ALLELEX	100.00	100.00
A	GCA_050938415.1	JBPBTA010000054.1	aadA2	AMR	AMINOGLYCOSIDE	EXACTX	100.00	100.00
A	GCA_050938415.1	JBPBTA010000054.1	cmlA1	AMR	PHENICOL	EXACTX	100.00	100.00
A	GCA_050938415.1	JBPBTA010000054.1	aadA1	AMR	AMINOGLYCOSIDE	EXACTX	100.00	100.00
A	GCA_050938415.1	JBPBTA010000054.1	sul3	AMR	SULFONAMIDE	EXACTX	100.00	100.00
A	GCA_050938415.1	JBPBTA010000058.1	sul2	AMR	SULFONAMIDE	EXACTX	100.00	100.00
A	GCA_050938415.1	JBPBTA010000063.1	dfrA14	AMR	TRIMETHOPRIM	EXACTX	100.00	100.00
A	GCA_050938415.1	JBPBTA010000063.1	mrx(A)	AMR	MACROLIDE	PARTIALX	83.01	100.00
A	GCA_050938415.1	JBPBTA010000063.1	mph(A)	AMR	MACROLIDE	EXACTX	100.00	100.00
A	GCA_050938415.1	JBPBTA010000076.1	blaTEM-1	AMR	BETA-LACTAM	ALLELEX	100.00	100.00
A	GCA_050938415.1	JBPBTA010000092.1	aph(3')-Ia	AMR	AMINOGLYCOSIDE	EXACTX	100.00	100.00
A	GCA_050938435.1	JBPBSX010000005.1	blaEC	AMR	BETA-LACTAM	EXACTX	100.00	100.00
A	GCA_050938435.1	JBPBSX010000006.1	parC_S80I	POINT	QUINOLONE	POINTX	100.00	99.87
A	GCA_050938435.1	JBPBSX010000008.1	gyrA_D87Y	POINT	QUINOLONE	POINTX	99.66	98.86
A	GCA_050938435.1	JBPBSX010000008.1	gyrA_S83L	POINT	QUINOLONE	POINTX	99.66	98.86
A	GCA_050938435.1	JBPBSX010000012.1	acrF	AMR	EFFLUX	BLASTX	100.00	99.90
A	GCA_050938435.1	JBPBSX010000020.1	tet(A)	AMR	TETRACYCLINE	EXACTX	100.00	100.00
A	GCA_050938435.1	JBPBSX010000028.1	mcr-1.1	AMR	COLISTIN	ALLELEX	100.00	100.00
A	GCA_050938435.1	JBPBSX010000070.1	mdtM	AMR	EFFLUX	BLASTX	98.29	98.01
A	GCA_050938435.1	JBPBSX010000083.1	sul1	AMR	SULFONAMIDE	EXACTX	100.00	100.00
A	GCA_050938435.1	JBPBSX010000083.1	mrx(A)	AMR	MACROLIDE	PARTIALX	83.01	100.00
A	GCA_050938435.1	JBPBSX010000083.1	mph(A)	AMR	MACROLIDE	EXACTX	100.00	100.00
A	GCA_050938435.1	JBPBSX010000096.1	blaTEM-1	AMR	BETA-LACTAM	ALLELEX	100.00	100.00
A	GCA_050938435.1	JBPBSX010000097.1	aadA2	AMR	AMINOGLYCOSIDE	EXACTX	100.00	100.00
A	GCA_050938435.1	JBPBSX010000097.1	dfrA12	AMR	TRIMETHOPRIM	EXACTX	100.00	100.00
A	GCA_050938475.1	JBPBTC010000001.1	gyrA_D87N	POINT	QUINOLONE	POINTX	99.66	98.74
A	GCA_050938475.1	JBPBTC010000001.1	gyrA_S83L	POINT	QUINOLONE	POINTX	99.66	98.74
A	GCA_050938475.1	JBPBTC010000004.1	blaEC	AMR	BETA-LACTAM	BLASTX	100.00	98.41
A	GCA_050938475.1	JBPBTC010000005.1	parC_S80I	POINT	QUINOLONE	POINTX	100.00	99.87
A	GCA_050938475.1	JBPBTC010000012.1	acrF	AMR	EFFLUX	BLASTX	100.00	99.61
A	GCA_050938475.1	JBPBTC010000015.1	cyaA_S352T	POINT	FOSMIDOMYCIN	POINTX	100.00	99.29
A	GCA_050938475.1	JBPBTC010000022.1	mcr-1.1	AMR	COLISTIN	ALLELEX	100.00	100.00
A	GCA_050938475.1	JBPBTC010000037.1	estX-3	AMR	MACROLIDE	ALLELEX	100.00	100.00
A	GCA_050938475.1	JBPBTC010000037.1	aadA2	AMR	AMINOGLYCOSIDE	EXACTX	100.00	100.00
A	GCA_050938475.1	JBPBTC010000037.1	cmlA1	AMR	PHENICOL	EXACTX	100.00	100.00
A	GCA_050938475.1	JBPBTC010000037.1	aadA1	AMR	AMINOGLYCOSIDE	EXACTX	100.00	100.00
A	GCA_050938475.1	JBPBTC010000037.1	sul3	AMR	SULFONAMIDE	EXACTX	100.00	100.00
A	GCA_050938475.1	JBPBTC010000041.1	mdtM	AMR	EFFLUX	BLASTX	100.00	97.80
A	GCA_050938475.1	JBPBTC010000073.1	aph(3')-Ia	AMR	AMINOGLYCOSIDE	EXACTX	100.00	100.00
A	GCA_050938495.1	JBPBTE010000003.1	emrD	AMR	EFFLUX	BLASTX	99.75	99.24
A	GCA_050938495.1	JBPBTE010000005.1	gyrA_D87N	POINT	QUINOLONE	POINTX	99.66	98.86
A	GCA_050938495.1	JBPBTE010000005.1	gyrA_S83L	POINT	QUINOLONE	POINTX	99.66	98.86
A	GCA_050938495.1	JBPBTE010000005.1	cirA_G335AfsTer12	POINT_DISRUPT	BETA-LACTAM	POINTX	100.00	98.64
A	GCA_050938495.1	JBPBTE010000008.1	mdtM	AMR	EFFLUX	BLASTX	100.00	98.29
A	GCA_050938495.1	JBPBTE010000010.1	acrF	AMR	EFFLUX	BLASTX	100.00	99.23
A	GCA_050938495.1	JBPBTE010000020.1	parC_S80I	POINT	QUINOLONE	POINTX	100.00	99.87
A	GCA_050938495.1	JBPBTE010000023.1	cyaA_S352T	POINT	FOSMIDOMYCIN	POINTX	100.00	99.17
A	GCA_050938495.1	JBPBTE010000025.1	tet(A)	AMR	TETRACYCLINE	EXACTX	100.00	100.00
A	GCA_050938495.1	JBPBTE010000025.1	sul3	AMR	SULFONAMIDE	EXACTX	100.00	100.00
A	GCA_050938495.1	JBPBTE010000025.1	aadA1	AMR	AMINOGLYCOSIDE	EXACTX	100.00	100.00
A	GCA_050938495.1	JBPBTE010000025.1	estX	AMR	MACROLIDE	BLASTX	100.00	99.64
A	GCA_050938495.1	JBPBTE010000025.1	aadA1	AMR	AMINOGLYCOSIDE	EXACTX	100.00	100.00
A	GCA_050938495.1	JBPBTE010000025.1	dfrA1	AMR	TRIMETHOPRIM	EXACTX	100.00	100.00
A	GCA_050938495.1	JBPBTE010000027.1	mcr-1.1	AMR	COLISTIN	ALLELEX	100.00	100.00
A	GCA_050938495.1	JBPBTE010000036.1	blaEC	AMR	BETA-LACTAM	BLASTX	100.00	96.02
A	GCA_050938515.1	JBPBTH010000005.1	blaEC	AMR	BETA-LACTAM	BLASTX	94.69	99.72
A	GCA_050938515.1	JBPBTH010000007.1	gyrA_D87Y	POINT	QUINOLONE	POINTX	99.66	98.86
A	GCA_050938515.1	JBPBTH010000007.1	gyrA_S83L	POINT	QUINOLONE	POINTX	99.66	98.86
A	GCA_050938515.1	JBPBTH010000011.1	acrF	AMR	EFFLUX	BLASTX	100.00	99.90
A	GCA_050938515.1	JBPBTH010000020.1	tet(A)	AMR	TETRACYCLINE	EXACTX	100.00	100.00
A	GCA_050938515.1	JBPBTH010000021.1	parC_S80I	POINT	QUINOLONE	POINTX	100.00	99.87
A	GCA_050938515.1	JBPBTH010000029.1	mcr-1.1	AMR	COLISTIN	ALLELEX	100.00	100.00
A	GCA_050938515.1	JBPBTH010000046.1	blaTEM-1	AMR	BETA-LACTAM	ALLELEX	100.00	100.00
A	GCA_050938515.1	JBPBTH010000055.1	mdtM	AMR	EFFLUX	BLASTX	98.29	98.01
A	GCA_050938515.1	JBPBTH010000083.1	mph(A)	AMR	MACROLIDE	EXACTX	100.00	100.00
A	GCA_050938515.1	JBPBTH010000083.1	mrx(A)	AMR	MACROLIDE	PARTIALX	82.28	100.00
A	GCA_050938515.1	JBPBTH010000083.1	sul1	AMR	SULFONAMIDE	EXACTX	100.00	100.00
A	GCA_050938515.1	JBPBTH010000095.1	aadA2	AMR	AMINOGLYCOSIDE	EXACTX	100.00	100.00
A	GCA_050938515.1	JBPBTH010000095.1	dfrA12	AMR	TRIMETHOPRIM	EXACTX	100.00	100.00
A	GCA_050938535.1	JBPBTF010000001.1	gyrA_D87N	POINT	QUINOLONE	POINTX	99.66	98.86
A	GCA_050938535.1	JBPBTF010000001.1	gyrA_S83L	POINT	QUINOLONE	POINTX	99.66	98.86
A	GCA_050938535.1	JBPBTF010000001.1	cirA_Q56Ter	POINT_DISRUPT	BETA-LACTAM	POINTX	100.00	99.70
A	GCA_050938535.1	JBPBTF010000002.1	nfsB_Q26Ter	POINT_DISRUPT	NITROFURAN	POINTX	100.00	99.54
A	GCA_050938535.1	JBPBTF010000010.1	nfsA_Q26Ter	POINT_DISRUPT	NITROFURAN	POINTX	100.00	97.50
A	GCA_050938535.1	JBPBTF010000016.1	cyaA_S352T	POINT	FOSMIDOMYCIN	POINTX	100.00	99.29
A	GCA_050938535.1	JBPBTF010000017.1	uhpT_R326VfsTer10	POINT_DISRUPT	FOSFOMYCIN	POINTX	100.00	100.00
A	GCA_050938535.1	JBPBTF010000017.1	emrD	AMR	EFFLUX	BLASTX	100.00	99.75
A	GCA_050938535.1	JBPBTF010000018.1	ompF_Q88Ter	POINT	BETA-LACTAM	POINTX	100.00	99.45
A	GCA_050938535.1	JBPBTF010000019.1	acrF	AMR	EFFLUX	BLASTX	100.00	99.52
A	GCA_050938535.1	JBPBTF010000020.1	parC_E84K	POINT	QUINOLONE	POINTX	100.00	99.87
A	GCA_050938535.1	JBPBTF010000022.1	mdtM	AMR	EFFLUX	BLASTX	100.00	97.56
A	GCA_050938535.1	JBPBTF010000027.1	mcr-1.1	AMR	COLISTIN	ALLELEX	100.00	100.00
A	GCA_050938535.1	JBPBTF010000036.1	blaEC	AMR	BETA-LACTAM	BLASTX	100.00	97.88
A	GCA_050938535.1	JBPBTF010000057.1	aph(3')-Ia	AMR	AMINOGLYCOSIDE	BLASTX	100.00	99.63
A	GCA_050938535.1	JBPBTF010000057.1	aph(6)-Id	AMR	AMINOGLYCOSIDE	EXACTX	100.00	100.00
A	GCA_050938535.1	JBPBTF010000057.1	aph(3'')-Ib	AMR	AMINOGLYCOSIDE	EXACTX	100.00	100.00
A	GCA_050938535.1	JBPBTF010000069.1	tet(B)	AMR	TETRACYCLINE	EXACTX	100.00	100.00
A	GCA_050938535.1	JBPBTF010000075.1	sul2	AMR	SULFONAMIDE	EXACTX	100.00	100.00
A	GCA_050938555.1	JBPBTL010000007.1	gyrA_D87N	POINT	QUINOLONE	POINTX	99.66	98.97
A	GCA_050938555.1	JBPBTL010000007.1	gyrA_S83L	POINT	QUINOLONE	POINTX	99.66	98.97
A	GCA_050938555.1	JBPBTL010000008.1	tet(A)	AMR	TETRACYCLINE	BLASTX	100.00	99.75
A	GCA_050938555.1	JBPBTL010000008.1	qnrS1	AMR	QUINOLONE	ALLELEX	100.00	100.00
A	GCA_050938555.1	JBPBTL010000008.1	dfrA14	AMR	TRIMETHOPRIM	EXACTX	100.00	100.00
A	GCA_050938555.1	JBPBTL010000011.1	parC_A56T	POINT	QUINOLONE	POINTX	100.00	99.73
A	GCA_050938555.1	JBPBTL010000011.1	parC_S80I	POINT	QUINOLONE	POINTX	100.00	99.73
A	GCA_050938555.1	JBPBTL010000011.1	parE_S458A	POINT	QUINOLONE	POINTX	100.00	99.68
A	GCA_050938555.1	JBPBTL010000015.1	acrF	AMR	EFFLUX	BLASTX	100.00	99.61
A	GCA_050938555.1	JBPBTL010000016.1	mdtM	AMR	EFFLUX	BLASTX	100.00	98.05
A	GCA_050938555.1	JBPBTL010000021.1	blaEC	AMR	BETA-LACTAM	BLASTX	100.00	98.41
A	GCA_050938555.1	JBPBTL010000057.1	mcr-1.1	AMR	COLISTIN	ALLELEX	100.00	100.00
A	GCA_050938575.1	JBPBSG010000001.1	tet(A)	AMR	TETRACYCLINE	BLASTX	100.00	99.75
A	GCA_050938575.1	JBPBSG010000001.1	blaTEM-135	AMR	BETA-LACTAM	ALLELEX	100.00	100.00
A	GCA_050938575.1	JBPBSG010000001.1	gyrA_D87N	POINT	QUINOLONE	POINTX	99.66	98.97
A	GCA_050938575.1	JBPBSG010000001.1	gyrA_S83L	POINT	QUINOLONE	POINTX	99.66	98.97
A	GCA_050938575.1	JBPBSG010000003.1	parC_S80I	POINT	QUINOLONE	POINTX	100.00	99.87
A	GCA_050938575.1	JBPBSG010000003.1	acrF	AMR	EFFLUX	BLASTX	100.00	99.81
A	GCA_050938575.1	JBPBSG010000004.1	blaEC	AMR	BETA-LACTAM	BLASTX	94.69	99.44
A	GCA_050938575.1	JBPBSG010000013.1	emrD	AMR	EFFLUX	BLASTX	100.00	99.75
A	GCA_050938575.1	JBPBSG010000047.1	mcr-1.1	AMR	COLISTIN	ALLELEX	100.00	100.00
A	GCA_050938575.1	JBPBSG010000051.1	mdtM	AMR	EFFLUX	BLASTX	98.29	97.52
A	GCA_050938575.1	JBPBSG010000059.1	blaSHV-1	AMR	BETA-LACTAM	ALLELEX	100.00	100.00
A	GCA_050938575.1	JBPBSG010000062.1	dfrA12	AMR	TRIMETHOPRIM	EXACTX	100.00	100.00
A	GCA_050938575.1	JBPBSG010000062.1	aadA2	AMR	AMINOGLYCOSIDE	EXACTX	100.00	100.00
A	GCA_050938575.1	JBPBSG010000062.1	sul1	AMR	SULFONAMIDE	EXACTX	100.00	100.00
A	GCA_050938575.1	JBPBSG010000063.1	sul2	AMR	SULFONAMIDE	EXACTX	100.00	100.00
A	GCA_050938575.1	JBPBSG010000068.1	tet(D)	AMR	TETRACYCLINE	EXACTX	100.00	100.00
A	GCA_050938575.1	JBPBSG010000069.1	mrx(A)	AMR	MACROLIDE	PARTIALX	83.01	100.00
A	GCA_050938575.1	JBPBSG010000069.1	mph(A)	AMR	MACROLIDE	EXACTX	100.00	100.00
A	GCA_050938575.1	JBPBSG010000086.1	aph(3')-Ia	AMR	AMINOGLYCOSIDE	EXACTX	100.00	100.00
A	GCA_050938595.1	JBPBSI010000003.1	parE_S458A	POINT	QUINOLONE	POINTX	100.00	99.68
A	GCA_050938595.1	JBPBSI010000003.1	parC_S80I	POINT	QUINOLONE	POINTX	100.00	99.87
A	GCA_050938595.1	JBPBSI010000008.1	gyrA_D87N	POINT	QUINOLONE	POINTX	99.66	98.97
A	GCA_050938595.1	JBPBSI010000008.1	gyrA_S83L	POINT	QUINOLONE	POINTX	99.66	98.97
A	GCA_050938595.1	JBPBSI010000011.1	acrF	AMR	EFFLUX	BLASTX	100.00	99.71
A	GCA_050938595.1	JBPBSI010000015.1	uhpT_E350Q	POINT	FOSFOMYCIN	POINTX	100.00	99.78
A	GCA_050938595.1	JBPBSI010000019.1	mdtM	AMR	EFFLUX	BLASTX	100.00	97.56
A	GCA_050938595.1	JBPBSI010000034.1	blaEC	AMR	BETA-LACTAM	BLASTX	100.00	98.41
A	GCA_050938595.1	JBPBSI010000035.1	mcr-1.1	AMR	COLISTIN	ALLELEX	100.00	100.00
A	GCA_050938595.1	JBPBSI010000037.1	sul3	AMR	SULFONAMIDE	EXACTX	100.00	100.00
A	GCA_050938595.1	JBPBSI010000037.1	aadA1	AMR	AMINOGLYCOSIDE	EXACTX	100.00	100.00
A	GCA_050938595.1	JBPBSI010000037.1	cmlA1	AMR	PHENICOL	EXACTX	100.00	100.00
A	GCA_050938595.1	JBPBSI010000037.1	aadA2	AMR	AMINOGLYCOSIDE	EXACTX	100.00	100.00
A	GCA_050938595.1	JBPBSI010000037.1	dfrA12	AMR	TRIMETHOPRIM	EXACTX	100.00	100.00
A	GCA_050938595.1	JBPBSI010000040.1	tet(A)	AMR	TETRACYCLINE	BLASTX	100.00	99.75
A	GCA_050938735.1	JBPBSO010000003.1	blaEC	AMR	BETA-LACTAM	EXACTX	100.00	100.00
A	GCA_050938735.1	JBPBSO010000004.1	gyrA_D87N	POINT	QUINOLONE	POINTX	99.66	98.97
A	GCA_050938735.1	JBPBSO010000004.1	gyrA_S83L	POINT	QUINOLONE	POINTX	99.66	98.97
A	GCA_050938735.1	JBPBSO010000018.1	parC_A56T	POINT	QUINOLONE	POINTX	100.00	99.60
A	GCA_050938735.1	JBPBSO010000018.1	parC_S80I	POINT	QUINOLONE	POINTX	100.00	99.60
A	GCA_050938735.1	JBPBSO010000038.1	mdtM	AMR	EFFLUX	BLASTX	98.29	97.27
A	GCA_050938735.1	JBPBSO010000042.1	acrF	AMR	EFFLUX	EXACTX	100.00	100.00
A	GCA_050938735.1	JBPBSO010000062.1	catA1	AMR	PHENICOL	EXACTX	100.00	100.00
A	GCA_050938735.1	JBPBSO010000062.1	dfrA14	AMR	TRIMETHOPRIM	EXACTX	100.00	100.00
A	GCA_050938735.1	JBPBSO010000062.1	mrx(A)	AMR	MACROLIDE	PARTIALX	82.28	100.00
A	GCA_050938735.1	JBPBSO010000062.1	mph(A)	AMR	MACROLIDE	EXACTX	100.00	100.00
A	GCA_050938735.1	JBPBSO010000077.1	tet(B)	AMR	TETRACYCLINE	EXACTX	100.00	100.00
A	GCA_050938735.1	JBPBSO010000088.1	mcr-1.5	AMR	COLISTIN	ALLELEX	100.00	100.00
A	GCA_050938755.1	JBPBSU010000001.1	nfsA_H11Y	POINT	NITROFURAN	POINTX	100.00	99.17
A	GCA_050938755.1	JBPBSU010000002.1	cirA_W621Ter	POINT_DISRUPT	BETA-LACTAM	POINTX	100.00	99.70
A	GCA_050938755.1	JBPBSU010000002.1	gyrA_D87N	POINT	QUINOLONE	POINTX	99.66	98.74
A	GCA_050938755.1	JBPBSU010000002.1	gyrA_S83L	POINT	QUINOLONE	POINTX	99.66	98.74
A	GCA_050938755.1	JBPBSU010000005.1	blaEC	AMR	BETA-LACTAM	BLASTX	100.00	98.41
A	GCA_050938755.1	JBPBSU010000007.1	acrF	AMR	EFFLUX	BLASTX	100.00	99.42
A	GCA_050938755.1	JBPBSU010000014.1	cyaA_S352T	POINT	FOSMIDOMYCIN	POINTX	100.00	99.29
A	GCA_050938755.1	JBPBSU010000018.1	mdtM	AMR	EFFLUX	BLASTX	100.00	97.56
A	GCA_050938755.1	JBPBSU010000019.1	parC_S80I	POINT	QUINOLONE	POINTX	100.00	99.87
A	GCA_050938755.1	JBPBSU010000026.1	mcr-1.1	AMR	COLISTIN	ALLELEX	100.00	100.00
A	GCA_050938755.1	JBPBSU010000053.1	sul2	AMR	SULFONAMIDE	EXACTX	100.00	100.00
A	GCA_050938755.1	JBPBSU010000053.1	aph(3'')-Ib	AMR	AMINOGLYCOSIDE	EXACTX	100.00	100.00
A	GCA_050938755.1	JBPBSU010000053.1	aph(6)-Id	AMR	AMINOGLYCOSIDE	PARTIALX	66.19	100.00
A	GCA_050938755.1	JBPBSU010000053.1	dfrA1	AMR	TRIMETHOPRIM	EXACTX	100.00	100.00
A	GCA_050938755.1	JBPBSU010000053.1	aadA1	AMR	AMINOGLYCOSIDE	EXACTX	100.00	100.00
A	GCA_050938755.1	JBPBSU010000053.1	sul1	AMR	SULFONAMIDE	EXACTX	100.00	100.00
A	GCA_050938755.1	JBPBSU010000053.1	rdmCL	AMR	MACROLIDE	EXACTX	100.00	100.00
A	GCA_050938755.1	JBPBSU010000053.1	mph(B)	AMR	MACROLIDE	EXACTX	100.00	100.00
A	GCA_050938755.1	JBPBSU010000087.1	qnrS1	AMR	QUINOLONE	ALLELEX	100.00	100.00
A	GCA_050938755.1	JBPBSU010000089.1	tet(A)	AMR	TETRACYCLINE	EXACTX	100.00	100.00
A	GCA_050938755.1	JBPBSU010000090.1	mph(A)	AMR	MACROLIDE	EXACTX	100.00	100.00
A	GCA_050938755.1	JBPBSU010000090.1	mrx(A)	AMR	MACROLIDE	EXACTX	100.00	100.00
A	GCA_050938755.1	JBPBSU010000109.1	blaTEM-1	AMR	BETA-LACTAM	ALLELEX	100.00	100.00
A	GCA_050938775.1	JBPBSQ010000001.1	gyrA_D87N	POINT	QUINOLONE	POINTX	99.66	98.97
A	GCA_050938775.1	JBPBSQ010000001.1	gyrA_S83L	POINT	QUINOLONE	POINTX	99.66	98.97
A	GCA_050938775.1	JBPBSQ010000004.1	mdtM	AMR	EFFLUX	BLASTX	99.76	98.04
A	GCA_050938775.1	JBPBSQ010000004.1	blaEC	AMR	BETA-LACTAM	BLASTX	100.00	98.67
A	GCA_050938775.1	JBPBSQ010000013.1	parE_S458A	POINT	QUINOLONE	POINTX	100.00	99.68
A	GCA_050938775.1	JBPBSQ010000013.1	parC_S80I	POINT	QUINOLONE	POINTX	100.00	99.87
A	GCA_050938775.1	JBPBSQ010000018.1	acrF	AMR	EFFLUX	BLASTX	100.00	99.52
A	GCA_050938775.1	JBPBSQ010000051.1	sul2	AMR	SULFONAMIDE	EXACTX	100.00	100.00
A	GCA_050938775.1	JBPBSQ010000051.1	floR	AMR	PHENICOL	BLASTX	100.00	99.50
A	GCA_050938775.1	JBPBSQ010000051.1	dfrA12	AMR	TRIMETHOPRIM	EXACTX	100.00	100.00
A	GCA_050938775.1	JBPBSQ010000051.1	aadA2	AMR	AMINOGLYCOSIDE	EXACTX	100.00	100.00
A	GCA_050938775.1	JBPBSQ010000051.1	cmlA1	AMR	PHENICOL	EXACTX	100.00	100.00
A	GCA_050938775.1	JBPBSQ010000051.1	aadA1	AMR	AMINOGLYCOSIDE	EXACTX	100.00	100.00
A	GCA_050938775.1	JBPBSQ010000051.1	tet(M)	AMR	TETRACYCLINE	BLASTX	100.00	98.12
A	GCA_050938775.1	JBPBSQ010000054.1	mcr-1.1	AMR	COLISTIN	ALLELEX	100.00	100.00
A	GCA_050938795.1	JBPBSP010000001.1	gyrA_D87N	POINT	QUINOLONE	POINTX	99.66	98.74
A	GCA_050938795.1	JBPBSP010000001.1	gyrA_S83L	POINT	QUINOLONE	POINTX	99.66	98.74
A	GCA_050938795.1	JBPBSP010000004.1	parC_S80I	POINT	QUINOLONE	POINTX	100.00	99.87
A	GCA_050938795.1	JBPBSP010000006.1	blaEC	AMR	BETA-LACTAM	BLASTX	100.00	98.41
A	GCA_050938795.1	JBPBSP010000010.1	acrF	AMR	EFFLUX	BLASTX	100.00	99.61
A	GCA_050938795.1	JBPBSP010000017.1	cyaA_S352T	POINT	FOSMIDOMYCIN	POINTX	100.00	99.29
A	GCA_050938795.1	JBPBSP010000026.1	mdtM	AMR	EFFLUX	BLASTX	100.00	97.80
A	GCA_050938795.1	JBPBSP010000030.1	mcr-1.1	AMR	COLISTIN	ALLELEX	100.00	100.00
A	GCA_050938795.1	JBPBSP010000055.1	blaTEM-135	AMR	BETA-LACTAM	ALLELEX	100.00	100.00
A	GCA_050938795.1	JBPBSP010000055.1	tet(A)	AMR	TETRACYCLINE	EXACTX	100.00	100.00
A	GCA_050938795.1	JBPBSP010000062.1	estX-3	AMR	MACROLIDE	ALLELEX	100.00	100.00
A	GCA_050938795.1	JBPBSP010000062.1	aadA2	AMR	AMINOGLYCOSIDE	EXACTX	100.00	100.00
A	GCA_050938795.1	JBPBSP010000062.1	cmlA1	AMR	PHENICOL	EXACTX	100.00	100.00
A	GCA_050938795.1	JBPBSP010000062.1	aadA1	AMR	AMINOGLYCOSIDE	EXACTX	100.00	100.00
A	GCA_050938795.1	JBPBSP010000062.1	sul3	AMR	SULFONAMIDE	EXACTX	100.00	100.00
A	GCA_050938795.1	JBPBSP010000069.1	dfrA14	AMR	TRIMETHOPRIM	EXACTX	100.00	100.00
A	GCA_050938795.1	JBPBSP010000069.1	mrx(A)	AMR	MACROLIDE	PARTIALX	83.01	100.00
A	GCA_050938795.1	JBPBSP010000069.1	mph(A)	AMR	MACROLIDE	EXACTX	100.00	100.00
A	GCA_050938795.1	JBPBSP010000103.1	aph(3')-Ia	AMR	AMINOGLYCOSIDE	EXACTX	100.00	100.00
A	GCA_050938815.1	JBPBSZ010000012.1	blaEC	AMR	BETA-LACTAM	BLASTX	100.00	99.73
A	GCA_050938815.1	JBPBSZ010000016.1	acrF	AMR	EFFLUX	BLASTX	100.00	99.61
A	GCA_050938815.1	JBPBSZ010000029.1	mcr-1.1	AMR	COLISTIN	ALLELEX	100.00	100.00
A	GCA_050938815.1	JBPBSZ010000040.1	mdtM	AMR	EFFLUX	BLASTX	100.00	97.56
A	GCA_050938815.1	JBPBSZ010000068.1	tet(B)	AMR	TETRACYCLINE	EXACTX	100.00	100.00
A	GCA_050938835.1	JBPBSS010000002.1	acrF	AMR	EFFLUX	BLASTX	100.00	98.57
A	GCA_050938835.1	JBPBSS010000006.1	blaEC	AMR	BETA-LACTAM	EXACTX	100.00	100.00
A	GCA_050938835.1	JBPBSS010000027.1	mcr-1.1	AMR	COLISTIN	ALLELEX	100.00	100.00
A	GCA_050938835.1	JBPBSS010000044.1	mdtM	AMR	EFFLUX	BLASTX	100.00	97.56
A	GCA_050938835.1	JBPBSS010000049.1	parC_S80I	POINT	QUINOLONE	POINTX	100.00	99.87
A	GCA_050938835.1	JBPBSS010000051.1	gyrA_D87N	POINT	QUINOLONE	POINTX	99.66	98.86
A	GCA_050938835.1	JBPBSS010000051.1	gyrA_S83L	POINT	QUINOLONE	POINTX	99.66	98.86
A	GCA_050938855.1	JBPBST010000001.1	gyrA_D87N	POINT	QUINOLONE	POINTX	99.66	98.97
A	GCA_050938855.1	JBPBST010000001.1	gyrA_S83L	POINT	QUINOLONE	POINTX	99.66	98.97
A	GCA_050938855.1	JBPBST010000008.1	blaEC	AMR	BETA-LACTAM	BLASTX	100.00	99.73
A	GCA_050938855.1	JBPBST010000010.1	parE_S458A	POINT	QUINOLONE	POINTX	100.00	99.68
A	GCA_050938855.1	JBPBST010000010.1	parC_S80I	POINT	QUINOLONE	POINTX	100.00	99.87
A	GCA_050938855.1	JBPBST010000013.1	acrF	AMR	EFFLUX	BLASTX	100.00	99.61
A	GCA_050938855.1	JBPBST010000019.1	uhpT_E350Q	POINT	FOSFOMYCIN	POINTX	100.00	99.78
A	GCA_050938855.1	JBPBST010000021.1	mdtM	AMR	EFFLUX	BLASTX	100.00	97.56
A	GCA_050938855.1	JBPBST010000026.1	mcr-1.1	AMR	COLISTIN	ALLELEX	100.00	100.00
A	GCA_050938855.1	JBPBST010000038.1	tet(A)	AMR	TETRACYCLINE	BLASTX	100.00	99.75
A	GCA_050938855.1	JBPBST010000055.1	sul2	AMR	SULFONAMIDE	EXACTX	100.00	100.00
A	GCA_050938855.1	JBPBST010000055.1	aph(3'')-Ib	AMR	AMINOGLYCOSIDE	EXACTX	100.00	100.00
A	GCA_050938855.1	JBPBST010000055.1	aph(6)-Id	AMR	AMINOGLYCOSIDE	PARTIALX	66.19	100.00
A	GCA_050938855.1	JBPBST010000055.1	dfrA14	AMR	TRIMETHOPRIM	EXACTX	100.00	100.00
A	GCA_050938855.1	JBPBST010000055.1	mrx(A)	AMR	MACROLIDE	PARTIALX	83.01	100.00
A	GCA_050938855.1	JBPBST010000055.1	mph(A)	AMR	MACROLIDE	EXACTX	100.00	100.00
A	GCA_050938855.1	JBPBST010000081.1	blaTEM-1	AMR	BETA-LACTAM	ALLELEX	100.00	100.00
A	GCA_050938855.1	JBPBST010000103.1	aph(3')-Ia	AMR	AMINOGLYCOSIDE	EXACTX	100.00	100.00
A	GCA_050938875.1	JBPBSV010000001.1	gyrA_D87N	POINT	QUINOLONE	POINTX	99.66	98.97
A	GCA_050938875.1	JBPBSV010000001.1	gyrA_S83L	POINT	QUINOLONE	POINTX	99.66	98.97
A	GCA_050938875.1	JBPBSV010000004.1	acrF	AMR	EFFLUX	BLASTX	100.00	99.52
A	GCA_050938875.1	JBPBSV010000010.1	blaEC	AMR	BETA-LACTAM	BLASTX	100.00	97.35
A	GCA_050938875.1	JBPBSV010000015.1	parC_S80I	POINT	QUINOLONE	POINTX	100.00	99.87
A	GCA_050938875.1	JBPBSV010000019.1	mdtM	AMR	EFFLUX	BLASTX	100.00	97.56
A	GCA_050938875.1	JBPBSV010000024.1	cirA_Q60Ter	POINT_DISRUPT	BETA-LACTAM	POINTX	100.00	99.70
A	GCA_050938875.1	JBPBSV010000030.1	mcr-1.1	AMR	COLISTIN	ALLELEX	100.00	100.00
A	GCA_050938875.1	JBPBSV010000041.1	tet(A)	AMR	TETRACYCLINE	EXACTX	100.00	100.00
A	GCA_050938875.1	JBPBSV010000073.1	estX-3	AMR	MACROLIDE	ALLELEX	100.00	100.00
A	GCA_050938875.1	JBPBSV010000073.1	sul3	AMR	SULFONAMIDE	EXACTX	100.00	100.00
A	GCA_050938875.1	JBPBSV010000075.1	dfrA14	AMR	TRIMETHOPRIM	EXACTX	100.00	100.00
A	GCA_050938875.1	JBPBSV010000075.1	mrx(A)	AMR	MACROLIDE	PARTIALX	83.01	100.00
A	GCA_050938875.1	JBPBSV010000075.1	mph(A)	AMR	MACROLIDE	EXACTX	100.00	100.00
A	GCA_050938875.1	JBPBSV010000096.1	blaTEM-1	AMR	BETA-LACTAM	ALLELEX	100.00	100.00
A	GCA_050938875.1	JBPBSV010000098.1	aph(3')-Ia	AMR	AMINOGLYCOSIDE	EXACTX	100.00	100.00
A	GCA_050938885.1	JBPBSY010000001.1	gyrA_D87N	POINT	QUINOLONE	POINTX	99.66	98.97
A	GCA_050938885.1	JBPBSY010000001.1	gyrA_S83L	POINT	QUINOLONE	POINTX	99.66	98.97
A	GCA_050938885.1	JBPBSY010000002.1	acrF	AMR	EFFLUX	BLASTX	100.00	99.42
A	GCA_050938885.1	JBPBSY010000002.1	parC_E84A	POINT	QUINOLONE	POINTX	100.00	99.73
A	GCA_050938885.1	JBPBSY010000002.1	parC_S80I	POINT	QUINOLONE	POINTX	100.00	99.73
A	GCA_050938885.1	JBPBSY010000005.1	mdtM	AMR	EFFLUX	BLASTX	100.00	97.80
A	GCA_050938885.1	JBPBSY010000027.1	tet(A)	AMR	TETRACYCLINE	BLASTX	100.00	99.75
A	GCA_050938885.1	JBPBSY010000027.1	blaTEM-1	AMR	BETA-LACTAM	ALLELEX	100.00	100.00
A	GCA_050938885.1	JBPBSY010000030.1	blaEC	AMR	BETA-LACTAM	BLASTX	100.00	98.94
A	GCA_050938885.1	JBPBSY010000037.1	mcr-1.1	AMR	COLISTIN	ALLELEX	100.00	100.00
A	GCA_050938935.1	JBPBTB010000001.1	blaEC	AMR	BETA-LACTAM	BLASTX	100.00	99.73
A	GCA_050938935.1	JBPBTB010000006.1	cirA_V26SfsTer14	POINT_DISRUPT	BETA-LACTAM	POINTX	100.00	99.69
A	GCA_050938935.1	JBPBTB010000007.1	parC_S80I	POINT	QUINOLONE	POINTX	100.00	99.73
A	GCA_050938935.1	JBPBTB010000009.1	acrF	AMR	EFFLUX	BLASTX	100.00	99.52
A	GCA_050938935.1	JBPBTB010000022.1	gyrA_D87N	POINT	QUINOLONE	POINTX	99.66	98.97
A	GCA_050938935.1	JBPBTB010000022.1	gyrA_S83L	POINT	QUINOLONE	POINTX	99.66	98.97
A	GCA_050938935.1	JBPBTB010000024.1	mdtM	AMR	EFFLUX	BLASTX	100.00	97.80
A	GCA_050938935.1	JBPBTB010000028.1	blaTEM-135	AMR	BETA-LACTAM	ALLELEX	100.00	100.00
A	GCA_050938935.1	JBPBTB010000029.1	mcr-1.1	AMR	COLISTIN	ALLELEX	100.00	100.00
A	GCA_050938935.1	JBPBTB010000044.1	tet(A)	AMR	TETRACYCLINE	EXACTX	100.00	100.00
A	GCA_050938975.1	JBPBSN010000001.1	gyrA_D87N	POINT	QUINOLONE	POINTX	99.66	98.97
A	GCA_050938975.1	JBPBSN010000001.1	gyrA_S83L	POINT	QUINOLONE	POINTX	99.66	98.97
A	GCA_050938975.1	JBPBSN010000002.1	parC_E84A	POINT	QUINOLONE	POINTX	100.00	99.73
A	GCA_050938975.1	JBPBSN010000002.1	parC_S80I	POINT	QUINOLONE	POINTX	100.00	99.73
A	GCA_050938975.1	JBPBSN010000002.1	acrF	AMR	EFFLUX	BLASTX	100.00	99.42
A	GCA_050938975.1	JBPBSN010000009.1	mdtM	AMR	EFFLUX	BLASTX	100.00	97.80
A	GCA_050938975.1	JBPBSN010000027.1	mcr-1.1	AMR	COLISTIN	ALLELEX	100.00	100.00
A	GCA_050938975.1	JBPBSN010000028.1	blaEC	AMR	BETA-LACTAM	BLASTX	100.00	98.94
A	GCA_050938975.1	JBPBSN010000033.1	tet(A)	AMR	TETRACYCLINE	BLASTX	100.00	99.75
A	GCA_050938975.1	JBPBSN010000033.1	blaTEM-1	AMR	BETA-LACTAM	ALLELEX	100.00	100.00
A	GCA_050939015.1	JBPBSL010000001.1	gyrA_D87N	POINT	QUINOLONE	POINTX	99.66	98.97
A	GCA_050939015.1	JBPBSL010000001.1	gyrA_S83L	POINT	QUINOLONE	POINTX	99.66	98.97
A	GCA_050939015.1	JBPBSL010000003.1	acrF	AMR	EFFLUX	BLASTX	100.00	99.42
A	GCA_050939015.1	JBPBSL010000003.1	parC_E84A	POINT	QUINOLONE	POINTX	100.00	99.73
A	GCA_050939015.1	JBPBSL010000003.1	parC_S80I	POINT	QUINOLONE	POINTX	100.00	99.73
A	GCA_050939015.1	JBPBSL010000026.1	mdtM	AMR	EFFLUX	BLASTX	100.00	97.80
A	GCA_050939015.1	JBPBSL010000030.1	mcr-1.1	AMR	COLISTIN	ALLELEX	100.00	100.00
A	GCA_050939015.1	JBPBSL010000033.1	blaEC	AMR	BETA-LACTAM	BLASTX	100.00	98.94
A	GCA_050939015.1	JBPBSL010000038.1	tet(A)	AMR	TETRACYCLINE	EXACTX	100.00	100.00
A	GCA_050939015.1	JBPBSL010000038.1	blaTEM-1	AMR	BETA-LACTAM	ALLELEX	100.00	100.00
A	GCA_050939015.1	JBPBSL010000053.1	aph(3')-Ia	AMR	AMINOGLYCOSIDE	EXACTX	100.00	100.00
A	GCA_050939015.1	JBPBSL010000053.1	sul3	AMR	SULFONAMIDE	EXACTX	100.00	100.00
A	GCA_050939015.1	JBPBSL010000053.1	aadA1	AMR	AMINOGLYCOSIDE	EXACTX	100.00	100.00
A	GCA_050939015.1	JBPBSL010000053.1	cmlA1	AMR	PHENICOL	PARTIALX	81.86	100.00
A	GCA_050939015.1	JBPBSL010000053.1	aadA2	AMR	AMINOGLYCOSIDE	PARTIALX	54.75	100.00
A	GCA_050939015.1	JBPBSL010000053.1	estX-3	AMR	MACROLIDE	ALLELEX	100.00	100.00
A	GCA_050939015.1	JBPBSL010000074.1	dfrA14	AMR	TRIMETHOPRIM	EXACTX	100.00	100.00
A	GCA_050939015.1	JBPBSL010000074.1	mrx(A)	AMR	MACROLIDE	PARTIALX	62.14	100.00
A	GCA_050939035.1	JBPBSR010000005.1	acrF	AMR	EFFLUX	BLASTX	100.00	98.57
A	GCA_050939035.1	JBPBSR010000025.1	blaEC	AMR	BETA-LACTAM	EXACTX	100.00	100.00
A	GCA_050939035.1	JBPBSR010000027.1	mcr-1.1	AMR	COLISTIN	ALLELEX	100.00	100.00
A	GCA_050939035.1	JBPBSR010000046.1	mdtM	AMR	EFFLUX	BLASTX	100.00	97.56
A	GCA_050939035.1	JBPBSR010000050.1	parC_S80I	POINT	QUINOLONE	POINTX	100.00	99.87
A	GCA_050939035.1	JBPBSR010000053.1	gyrA_D87N	POINT	QUINOLONE	POINTX	99.66	98.86
A	GCA_050939035.1	JBPBSR010000053.1	gyrA_S83L	POINT	QUINOLONE	POINTX	99.66	98.86
A	GCA_050939035.1	JBPBSR010000082.1	tet(A)	AMR	TETRACYCLINE	BLASTX	100.00	99.75
A	GCA_050939035.1	JBPBSR010000086.1	blaTEM-1	AMR	BETA-LACTAM	ALLELEX	100.00	100.00
A	GCA_050939035.1	JBPBSR010000135.1	aph(3')-Ia	AMR	AMINOGLYCOSIDE	EXACTX	100.00	100.00
A	GCA_050939035.1	JBPBSR010000137.1	dfrA14	AMR	TRIMETHOPRIM	PARTIAL_CONTIG_ENDX	52.87	100.00
A	GCA_050939055.1	JBPBSF010000001.1	blaEC	AMR	BETA-LACTAM	EXACTX	100.00	100.00
A	GCA_050939055.1	JBPBSF010000002.1	gyrA_D87N	POINT	QUINOLONE	POINTX	99.66	98.97
A	GCA_050939055.1	JBPBSF010000002.1	gyrA_S83L	POINT	QUINOLONE	POINTX	99.66	98.97
A	GCA_050939055.1	JBPBSF010000003.1	acrF	AMR	EFFLUX	BLASTX	100.00	99.71
A	GCA_050939055.1	JBPBSF010000003.1	parC_S80I	POINT	QUINOLONE	POINTX	100.00	99.87
A	GCA_050939055.1	JBPBSF010000015.1	cyaA_S352T	POINT	FOSMIDOMYCIN	POINTX	100.00	99.29
A	GCA_050939055.1	JBPBSF010000020.1	mdtM	AMR	EFFLUX	BLASTX	100.00	97.80
A	GCA_050939055.1	JBPBSF010000037.1	mcr-1.1	AMR	COLISTIN	ALLELEX	100.00	100.00
A	GCA_050939075.1	JBPBSH010000001.1	gyrA_D87N	POINT	QUINOLONE	POINTX	99.66	98.97
A	GCA_050939075.1	JBPBSH010000001.1	gyrA_S83L	POINT	QUINOLONE	POINTX	99.66	98.97
A	GCA_050939075.1	JBPBSH010000002.1	mdtM	AMR	EFFLUX	BLASTX	100.00	97.80
A	GCA_050939075.1	JBPBSH010000009.1	acrF	AMR	EFFLUX	BLASTX	100.00	99.42
A	GCA_050939075.1	JBPBSH010000022.1	parC_E84A	POINT	QUINOLONE	POINTX	100.00	99.73
A	GCA_050939075.1	JBPBSH010000022.1	parC_S80I	POINT	QUINOLONE	POINTX	100.00	99.73
A	GCA_050939075.1	JBPBSH010000029.1	blaEC	AMR	BETA-LACTAM	BLASTX	100.00	98.94
A	GCA_050939075.1	JBPBSH010000034.1	blaTEM-1	AMR	BETA-LACTAM	ALLELEX	100.00	100.00
A	GCA_050939075.1	JBPBSH010000034.1	tet(A)	AMR	TETRACYCLINE	BLASTX	100.00	99.75
A	GCA_050939075.1	JBPBSH010000051.1	mcr-1.1	AMR	COLISTIN	ALLELEX	100.00	100.00
A	GCA_050939115.1	JBPBRN010000001.1	acrF	AMR	EFFLUX	BLASTX	100.00	99.71
A	GCA_050939115.1	JBPBRN010000001.1	parE_S458A	POINT	QUINOLONE	POINTX	100.00	99.68
A	GCA_050939115.1	JBPBRN010000001.1	parC_S80I	POINT	QUINOLONE	POINTX	100.00	99.87
A	GCA_050939115.1	JBPBRN010000002.1	blaEC	AMR	BETA-LACTAM	BLASTX	100.00	97.08
A	GCA_050939115.1	JBPBRN010000004.1	gyrA_D87N	POINT	QUINOLONE	POINTX	99.66	98.97
A	GCA_050939115.1	JBPBRN010000004.1	gyrA_S83L	POINT	QUINOLONE	POINTX	99.66	98.97
A	GCA_050939115.1	JBPBRN010000015.1	mdtM	AMR	EFFLUX	BLASTX	100.00	97.56
A	GCA_050939115.1	JBPBRN010000029.1	mcr-1.1	AMR	COLISTIN	ALLELEX	100.00	100.00
A	GCA_050939115.1	JBPBRN010000055.1	sul3	AMR	SULFONAMIDE	EXACTX	100.00	100.00
A	GCA_050939115.1	JBPBRN010000055.1	estX-3	AMR	MACROLIDE	ALLELEX	100.00	100.00
A	GCA_050939115.1	JBPBRN010000055.1	aph(3')-Ia	AMR	AMINOGLYCOSIDE	EXACTX	100.00	100.00
A	GCA_050939115.1	JBPBRN010000057.1	blaTEM-1	AMR	BETA-LACTAM	ALLELEX	100.00	100.00
A	GCA_050939115.1	JBPBRN010000057.1	tet(A)	AMR	TETRACYCLINE	BLASTX	100.00	99.75
A	GCA_050939115.1	JBPBRN010000062.1	mph(A)	AMR	MACROLIDE	EXACTX	100.00	100.00
A	GCA_050939115.1	JBPBRN010000062.1	mrx(A)	AMR	MACROLIDE	EXACTX	100.00	100.00
A	GCA_050939115.1	JBPBRN010000062.1	dfrA14	AMR	TRIMETHOPRIM	EXACTX	100.00	100.00
A	GCA_050939135.1	JBPBRM010000001.1	parC_S80I	POINT	QUINOLONE	POINTX	100.00	99.87
A	GCA_050939135.1	JBPBRM010000001.1	parE_S458A	POINT	QUINOLONE	POINTX	100.00	99.68
A	GCA_050939135.1	JBPBRM010000001.1	acrF	AMR	EFFLUX	BLASTX	100.00	99.71
A	GCA_050939135.1	JBPBRM010000004.1	gyrA_D87N	POINT	QUINOLONE	POINTX	99.66	98.97
A	GCA_050939135.1	JBPBRM010000004.1	gyrA_S83L	POINT	QUINOLONE	POINTX	99.66	98.97
A	GCA_050939135.1	JBPBRM010000011.1	blaEC	AMR	BETA-LACTAM	BLASTX	100.00	97.08
A	GCA_050939135.1	JBPBRM010000015.1	mdtM	AMR	EFFLUX	BLASTX	100.00	97.56
A	GCA_050939135.1	JBPBRM010000030.1	mcr-1.1	AMR	COLISTIN	ALLELEX	100.00	100.00
A	GCA_050939135.1	JBPBRM010000038.1	blaTEM-1	AMR	BETA-LACTAM	ALLELEX	100.00	100.00
A	GCA_050939135.1	JBPBRM010000054.1	sul3	AMR	SULFONAMIDE	EXACTX	100.00	100.00
A	GCA_050939135.1	JBPBRM010000054.1	estX-3	AMR	MACROLIDE	ALLELEX	100.00	100.00
A	GCA_050939135.1	JBPBRM010000054.1	aph(3')-Ia	AMR	AMINOGLYCOSIDE	EXACTX	100.00	100.00
A	GCA_050939135.1	JBPBRM010000060.1	dfrA14	AMR	TRIMETHOPRIM	EXACTX	100.00	100.00
A	GCA_050939135.1	JBPBRM010000060.1	mrx(A)	AMR	MACROLIDE	PARTIALX	82.28	100.00
A	GCA_050939135.1	JBPBRM010000060.1	mph(A)	AMR	MACROLIDE	EXACTX	100.00	100.00
A	GCA_050939135.1	JBPBRM010000062.1	tet(A)	AMR	TETRACYCLINE	BLASTX	100.00	99.75
A	GCA_050939155.1	JBPBTJ010000001.1	cirA_Q56Ter	POINT_DISRUPT	BETA-LACTAM	POINTX	100.00	99.85
A	GCA_050939155.1	JBPBTJ010000001.1	gyrA_D87N	POINT	QUINOLONE	POINTX	99.66	98.74
A	GCA_050939155.1	JBPBTJ010000001.1	gyrA_S83L	POINT	QUINOLONE	POINTX	99.66	98.74
A	GCA_050939155.1	JBPBTJ010000002.1	parC_S57T	POINT	QUINOLONE	POINTX	100.00	99.07
A	GCA_050939155.1	JBPBTJ010000002.1	parC_S80I	POINT	QUINOLONE	POINTX	100.00	99.07
A	GCA_050939155.1	JBPBTJ010000009.1	acrF	AMR	EFFLUX	PARTIALX	70.21	98.76
A	GCA_050939155.1	JBPBTJ010000016.1	cyaA_S352T	POINT	FOSMIDOMYCIN	POINTX	100.00	99.29
A	GCA_050939155.1	JBPBTJ010000028.1	mcr-1.1	AMR	COLISTIN	ALLELEX	100.00	100.00
A	GCA_050939155.1	JBPBTJ010000037.1	mdtM	AMR	EFFLUX	BLASTX	98.29	98.01
A	GCA_050939155.1	JBPBTJ010000043.1	blaEC	AMR	BETA-LACTAM	BLASTX	100.00	98.41
A	GCA_050939155.1	JBPBTJ010000058.1	dfrA1	AMR	TRIMETHOPRIM	EXACTX	100.00	100.00
A	GCA_050939155.1	JBPBTJ010000058.1	aadA1	AMR	AMINOGLYCOSIDE	EXACTX	100.00	100.00
A	GCA_050939155.1	JBPBTJ010000058.1	blaTEM-1	AMR	BETA-LACTAM	ALLELEX	100.00	100.00
A	GCA_050939155.1	JBPBTJ010000090.1	tet(A)	AMR	TETRACYCLINE	EXACTX	100.00	100.00
A	GCA_050939175.1	JBPBTN010000002.1	gyrA_D87N	POINT	QUINOLONE	POINTX	99.66	98.97
A	GCA_050939175.1	JBPBTN010000002.1	gyrA_S83L	POINT	QUINOLONE	POINTX	99.66	98.97
A	GCA_050939175.1	JBPBTN010000012.1	parE_S458A	POINT	QUINOLONE	POINTX	100.00	99.68
A	GCA_050939175.1	JBPBTN010000012.1	parC_S80I	POINT	QUINOLONE	POINTX	100.00	99.87
A	GCA_050939175.1	JBPBTN010000017.1	acrR_R162PfsTer24	POINT_DISRUPT	MULTIDRUG	POINTX	100.00	100.00
A	GCA_050939175.1	JBPBTN010000027.1	mcr-1.1	AMR	COLISTIN	ALLELEX	100.00	100.00
A	GCA_050939175.1	JBPBTN010000030.1	acrF	AMR	EFFLUX	BLASTX	100.00	99.81
A	GCA_050939175.1	JBPBTN010000032.1	tet(A)	AMR	TETRACYCLINE	EXACTX	100.00	100.00
A	GCA_050939175.1	JBPBTN010000070.1	blaEC	AMR	BETA-LACTAM	BLASTX	100.00	98.41
A	GCA_050939175.1	JBPBTN010000105.1	sul3	AMR	SULFONAMIDE	EXACTX	100.00	100.00
A	GCA_050939175.1	JBPBTN010000105.1	estX-3	AMR	MACROLIDE	ALLELEX	100.00	100.00
A	GCA_050939175.1	JBPBTN010000106.1	mph(A)	AMR	MACROLIDE	EXACTX	100.00	100.00
A	GCA_050939175.1	JBPBTN010000106.1	mrx(A)	AMR	MACROLIDE	PARTIALX	83.01	100.00
A	GCA_050939175.1	JBPBTN010000107.1	mdtM	AMR	EFFLUX	BLASTX	98.29	97.27
A	GCA_050939175.1	JBPBTN010000149.1	blaTEM-1	AMR	BETA-LACTAM	ALLELEX	100.00	100.00
A	GCA_050939175.1	JBPBTN010000151.1	dfrA12	AMR	TRIMETHOPRIM	EXACTX	100.00	100.00
A	GCA_050939175.1	JBPBTN010000151.1	aadA2	AMR	AMINOGLYCOSIDE	EXACTX	100.00	100.00
A	GCA_050939175.1	JBPBTN010000156.1	dfrA1	AMR	TRIMETHOPRIM	EXACTX	100.00	100.00
A	GCA_050939175.1	JBPBTN010000156.1	aadA1	AMR	AMINOGLYCOSIDE	EXACTX	100.00	100.00
A	GCA_050939175.1	JBPBTN010000159.1	sul1	AMR	SULFONAMIDE	EXACTX	100.00	100.00
A	GCA_050939175.1	JBPBTN010000164.1	aph(3')-Ia	AMR	AMINOGLYCOSIDE	EXACTX	100.00	100.00
A	GCA_050939195.1	JBPBTK010000001.1	gyrA_D87N	POINT	QUINOLONE	POINTX	99.66	98.86
A	GCA_050939195.1	JBPBTK010000001.1	gyrA_S83L	POINT	QUINOLONE	POINTX	99.66	98.86
A	GCA_050939195.1	JBPBTK010000001.1	cirA_Q56Ter	POINT_DISRUPT	BETA-LACTAM	POINTX	100.00	99.70
A	GCA_050939195.1	JBPBTK010000002.1	nfsB_Q26Ter	POINT_DISRUPT	NITROFURAN	POINTX	100.00	99.54
A	GCA_050939195.1	JBPBTK010000010.1	blaEC	AMR	BETA-LACTAM	BLASTX	100.00	97.88
A	GCA_050939195.1	JBPBTK010000012.1	nfsA_Q26Ter	POINT_DISRUPT	NITROFURAN	POINTX	100.00	97.50
A	GCA_050939195.1	JBPBTK010000016.1	cyaA_S352T	POINT	FOSMIDOMYCIN	POINTX	100.00	99.29
A	GCA_050939195.1	JBPBTK010000017.1	emrD	AMR	EFFLUX	BLASTX	99.24	99.75
A	GCA_050939195.1	JBPBTK010000018.1	acrF	AMR	EFFLUX	BLASTX	100.00	99.52
A	GCA_050939195.1	JBPBTK010000020.1	parC_E84K	POINT	QUINOLONE	POINTX	100.00	99.87
A	GCA_050939195.1	JBPBTK010000023.1	mdtM	AMR	EFFLUX	BLASTX	100.00	97.56
A	GCA_050939195.1	JBPBTK010000028.1	mcr-1.1	AMR	COLISTIN	ALLELEX	100.00	100.00
A	GCA_050939195.1	JBPBTK010000037.1	ompF_Q88Ter	POINT	BETA-LACTAM	POINTX	100.00	99.45
A	GCA_050939195.1	JBPBTK010000055.1	aph(3')-Ia	AMR	AMINOGLYCOSIDE	BLASTX	100.00	99.63
A	GCA_050939195.1	JBPBTK010000055.1	aph(6)-Id	AMR	AMINOGLYCOSIDE	EXACTX	100.00	100.00
A	GCA_050939195.1	JBPBTK010000055.1	aph(3'')-Ib	AMR	AMINOGLYCOSIDE	EXACTX	100.00	100.00
A	GCA_050939195.1	JBPBTK010000068.1	tet(B)	AMR	TETRACYCLINE	EXACTX	100.00	100.00
A	GCA_050939195.1	JBPBTK010000075.1	sul2	AMR	SULFONAMIDE	EXACTX	100.00	100.00
A	GCA_050939215.1	JBPBTM010000001.1	gyrA_S83L	POINT	QUINOLONE	POINTX	99.66	99.09
A	GCA_050939215.1	JBPBTM010000008.1	acrF	AMR	EFFLUX	BLASTX	100.00	99.61
A	GCA_050939215.1	JBPBTM010000016.1	mdtM	AMR	EFFLUX	BLASTX	100.00	97.80
A	GCA_050939215.1	JBPBTM010000028.1	mcr-1.1	AMR	COLISTIN	ALLELEX	100.00	100.00
A	GCA_050939215.1	JBPBTM010000029.1	blaEC	AMR	BETA-LACTAM	BLASTX	100.00	98.94
A	GCA_050939215.1	JBPBTM010000045.1	tet(A)	AMR	TETRACYCLINE	BLASTX	100.00	99.75
A	GCA_050939215.1	JBPBTM010000045.1	blaTEM-1	AMR	BETA-LACTAM	ALLELEX	100.00	100.00
A	GCA_050939215.1	JBPBTM010000062.1	tet(M)	AMR	TETRACYCLINE	BLASTX	100.00	99.53
A	GCA_050939215.1	JBPBTM010000074.1	mph(A)	AMR	MACROLIDE	EXACTX	100.00	100.00
A	GCA_050939215.1	JBPBTM010000074.1	mrx(A)	AMR	MACROLIDE	PARTIALX	82.28	100.00
A	GCA_050939215.1	JBPBTM010000092.1	fosA4	AMR	FOSFOMYCIN	ALLELEX	100.00	100.00
A	GCA_050939235.1	JBPBRZ010000001.1	gyrA_D87N	POINT	QUINOLONE	POINTX	99.66	98.97
A	GCA_050939235.1	JBPBRZ010000001.1	gyrA_S83L	POINT	QUINOLONE	POINTX	99.66	98.97
A	GCA_050939235.1	JBPBRZ010000001.1	cirA_Q42Ter	POINT	BETA-LACTAM	POINTX	100.00	99.85
A	GCA_050939235.1	JBPBRZ010000004.1	nfsA_Q195Ter	POINT_DISRUPT	NITROFURAN	POINTX	100.00	99.17
A	GCA_050939235.1	JBPBRZ010000013.1	acrF	AMR	EFFLUX	BLASTX	100.00	99.52
A	GCA_050939235.1	JBPBRZ010000020.1	blaEC	AMR	BETA-LACTAM	BLASTX	100.00	98.41
A	GCA_050939235.1	JBPBRZ010000032.1	mcr-1.1	AMR	COLISTIN	ALLELEX	100.00	100.00
A	GCA_050939235.1	JBPBRZ010000033.1	nfsB_F167LfsTer11	POINT_DISRUPT	NITROFURAN	POINTX	100.00	98.61
A	GCA_050939235.1	JBPBRZ010000040.1	parC_S80I	POINT	QUINOLONE	POINTX	100.00	99.87
A	GCA_050939235.1	JBPBRZ010000055.1	sul2	AMR	SULFONAMIDE	EXACTX	100.00	100.00
A	GCA_050939235.1	JBPBRZ010000059.1	blaTEM-1	AMR	BETA-LACTAM	ALLELEX	100.00	100.00
A	GCA_050939235.1	JBPBRZ010000085.1	dfrA14	AMR	TRIMETHOPRIM	EXACTX	100.00	100.00
A	GCA_050939235.1	JBPBRZ010000085.1	mrx(A)	AMR	MACROLIDE	PARTIALX	82.28	100.00
A	GCA_050939235.1	JBPBRZ010000085.1	mph(A)	AMR	MACROLIDE	EXACTX	100.00	100.00
A	GCA_050939235.1	JBPBRZ010000109.1	tet(A)	AMR	TETRACYCLINE	EXACTX	100.00	100.00
A	GCA_050939235.1	JBPBRZ010000135.1	catA1	AMR	PHENICOL	EXACTX	100.00	100.00
A	GCA_050939295.1	JBPBSK010000002.1	parC_E84G	POINT	QUINOLONE	POINTX	100.00	99.60
A	GCA_050939295.1	JBPBSK010000002.1	parC_S80I	POINT	QUINOLONE	POINTX	100.00	99.60
A	GCA_050939295.1	JBPBSK010000002.1	parE_I355T	POINT	QUINOLONE	POINTX	100.00	99.37
A	GCA_050939295.1	JBPBSK010000002.1	acrF	AMR	EFFLUX	PARTIALX	54.16	99.64
A	GCA_050939295.1	JBPBSK010000004.1	gyrA_D87N	POINT	QUINOLONE	POINTX	99.66	98.97
A	GCA_050939295.1	JBPBSK010000004.1	gyrA_S83L	POINT	QUINOLONE	POINTX	99.66	98.97
A	GCA_050939295.1	JBPBSK010000010.1	blaEC	AMR	BETA-LACTAM	BLASTX	100.00	99.20
A	GCA_050939295.1	JBPBSK010000020.1	cyaA_S352T	POINT	FOSMIDOMYCIN	POINTX	100.00	99.29
A	GCA_050939295.1	JBPBSK010000030.1	mcr-1.1	AMR	COLISTIN	ALLELEX	100.00	100.00
A	GCA_050939295.1	JBPBSK010000032.1	uhpT_E350Q	POINT	FOSFOMYCIN	POINTX	100.00	99.78
A	GCA_050939295.1	JBPBSK010000032.1	emrD	AMR	EFFLUX	BLASTX	100.00	99.75
A	GCA_050939295.1	JBPBSK010000033.1	mdtM	AMR	EFFLUX	BLASTX	100.00	97.80
A	GCA_050939295.1	JBPBSK010000039.1	tet(A)	AMR	TETRACYCLINE	EXACTX	100.00	100.00
A	GCA_050939295.1	JBPBSK010000056.1	aph(6)-Id	AMR	AMINOGLYCOSIDE	PARTIALX	66.19	100.00
A	GCA_050939295.1	JBPBSK010000056.1	aph(3'')-Ib	AMR	AMINOGLYCOSIDE	EXACTX	100.00	100.00
A	GCA_050939295.1	JBPBSK010000056.1	sul2	AMR	SULFONAMIDE	EXACTX	100.00	100.00
A	GCA_050939295.1	JBPBSK010000059.1	dfrA7	AMR	TRIMETHOPRIM	EXACTX	100.00	100.00
A	GCA_050939295.1	JBPBSK010000059.1	sul1	AMR	SULFONAMIDE	BLASTX	93.45	98.83
A	GCA_050939295.1	JBPBSK010000065.1	blaTEM-1	AMR	BETA-LACTAM	ALLELEX	100.00	100.00
A	GCA_050939315.1	JBPBSA010000002.1	acrF	AMR	EFFLUX	BLASTX	100.00	99.52
A	GCA_050939315.1	JBPBSA010000007.1	gyrA_S83L	POINT	QUINOLONE	POINTX	99.66	99.09
A	GCA_050939315.1	JBPBSA010000007.1	cirA_W243Ter	POINT_DISRUPT	BETA-LACTAM	POINTX	100.00	99.70
A	GCA_050939315.1	JBPBSA010000010.1	mdtM	AMR	EFFLUX	BLASTX	99.76	98.04
A	GCA_050939315.1	JBPBSA010000012.1	blaEC	AMR	BETA-LACTAM	BLASTX	100.00	98.67
A	GCA_050939315.1	JBPBSA010000023.1	tet(A)	AMR	TETRACYCLINE	EXACTX	100.00	100.00
A	GCA_050939315.1	JBPBSA010000057.1	mcr-1.1	AMR	COLISTIN	ALLELEX	100.00	100.00
A	GCA_050939335.1	JBPBSE010000002.1	mdtM	AMR	EFFLUX	BLASTX	99.76	98.04
A	GCA_050939335.1	JBPBSE010000002.1	blaEC	AMR	BETA-LACTAM	BLASTX	100.00	98.67
A	GCA_050939335.1	JBPBSE010000004.1	acrF	AMR	EFFLUX	BLASTX	100.00	99.52
A	GCA_050939335.1	JBPBSE010000005.1	cirA_W243Ter	POINT_DISRUPT	BETA-LACTAM	POINTX	100.00	99.70
A	GCA_050939335.1	JBPBSE010000005.1	gyrA_S83L	POINT	QUINOLONE	POINTX	99.66	99.09
A	GCA_050939335.1	JBPBSE010000015.1	tet(A)	AMR	TETRACYCLINE	EXACTX	100.00	100.00
A	GCA_050939335.1	JBPBSE010000026.1	mcr-1.1	AMR	COLISTIN	ALLELEX	100.00	100.00
A	GCA_050939375.1	JBPBRV010000003.1	acrF	AMR	EFFLUX	BLASTX	100.00	99.52
A	GCA_050939375.1	JBPBRV010000004.1	gyrA_S83L	POINT	QUINOLONE	POINTX	99.66	99.09
A	GCA_050939375.1	JBPBRV010000004.1	cirA_W243Ter	POINT_DISRUPT	BETA-LACTAM	POINTX	100.00	99.70
A	GCA_050939375.1	JBPBRV010000010.1	mdtM	AMR	EFFLUX	BLASTX	99.76	98.04
A	GCA_050939375.1	JBPBRV010000014.1	tet(A)	AMR	TETRACYCLINE	EXACTX	100.00	100.00
A	GCA_050939375.1	JBPBRV010000024.1	blaEC	AMR	BETA-LACTAM	BLASTX	100.00	98.67
A	GCA_050939375.1	JBPBRV010000028.1	mcr-1.1	AMR	COLISTIN	ALLELEX	100.00	100.00
A	GCA_050939415.1	JBPBRX010000001.1	cirA_Q42Ter	POINT	BETA-LACTAM	POINTX	100.00	99.85
A	GCA_050939415.1	JBPBRX010000001.1	gyrA_D87N	POINT	QUINOLONE	POINTX	99.66	98.97
A	GCA_050939415.1	JBPBRX010000001.1	gyrA_S83L	POINT	QUINOLONE	POINTX	99.66	98.97
A	GCA_050939415.1	JBPBRX010000012.1	acrF	AMR	EFFLUX	BLASTX	100.00	99.52
A	GCA_050939415.1	JBPBRX010000024.1	blaEC	AMR	BETA-LACTAM	BLASTX	100.00	98.41
A	GCA_050939415.1	JBPBRX010000026.1	nfsA_Q195Ter	POINT_DISRUPT	NITROFURAN	POINTX	100.00	99.17
A	GCA_050939415.1	JBPBRX010000033.1	mcr-1.1	AMR	COLISTIN	ALLELEX	100.00	100.00
A	GCA_050939415.1	JBPBRX010000039.1	parC_S80I	POINT	QUINOLONE	POINTX	100.00	99.87
A	GCA_050939415.1	JBPBRX010000053.1	sul2	AMR	SULFONAMIDE	EXACTX	100.00	100.00
A	GCA_050939415.1	JBPBRX010000056.1	blaTEM-1	AMR	BETA-LACTAM	ALLELEX	100.00	100.00
A	GCA_050939415.1	JBPBRX010000070.1	nfsB_F167LfsTer11	POINT_DISRUPT	NITROFURAN	POINTX	100.00	98.61
A	GCA_050939415.1	JBPBRX010000090.1	dfrA14	AMR	TRIMETHOPRIM	EXACTX	100.00	100.00
A	GCA_050939415.1	JBPBRX010000090.1	mrx(A)	AMR	MACROLIDE	PARTIALX	83.01	100.00
A	GCA_050939415.1	JBPBRX010000090.1	mph(A)	AMR	MACROLIDE	EXACTX	100.00	100.00
A	GCA_050939415.1	JBPBRX010000116.1	tet(A)	AMR	TETRACYCLINE	EXACTX	100.00	100.00
A	GCA_050939415.1	JBPBRX010000145.1	catA1	AMR	PHENICOL	EXACTX	100.00	100.00
A	GCA_050939515.1	JBPBRR010000001.1	gyrA_D87N	POINT	QUINOLONE	POINTX	99.66	98.74
A	GCA_050939515.1	JBPBRR010000001.1	gyrA_S83L	POINT	QUINOLONE	POINTX	99.66	98.74
A	GCA_050939515.1	JBPBRR010000005.1	acrF	AMR	EFFLUX	BLASTX	100.00	99.71
A	GCA_050939515.1	JBPBRR010000007.1	blaEC	AMR	BETA-LACTAM	BLASTX	100.00	98.41
A	GCA_050939515.1	JBPBRR010000014.1	parC_S80I	POINT	QUINOLONE	POINTX	100.00	99.87
A	GCA_050939515.1	JBPBRR010000022.1	cyaA_S352T	POINT	FOSMIDOMYCIN	POINTX	100.00	99.29
A	GCA_050939515.1	JBPBRR010000058.1	mcr-1.1	AMR	COLISTIN	ALLELEX	100.00	100.00
A	GCA_050939515.1	JBPBRR010000074.1	tet(A)	AMR	TETRACYCLINE	EXACTX	100.00	100.00
A	GCA_050939515.1	JBPBRR010000086.1	mdtM	AMR	EFFLUX	BLASTX	100.00	97.07
A	GCA_050939535.1	JBPBRY010000001.1	mdtM	AMR	EFFLUX	BLASTX	99.76	98.04
A	GCA_050939535.1	JBPBRY010000001.1	blaEC	AMR	BETA-LACTAM	BLASTX	100.00	98.67
A	GCA_050939535.1	JBPBRY010000003.1	acrF	AMR	EFFLUX	BLASTX	100.00	99.52
A	GCA_050939535.1	JBPBRY010000004.1	cirA_W243Ter	POINT_DISRUPT	BETA-LACTAM	POINTX	100.00	99.70
A	GCA_050939535.1	JBPBRY010000004.1	gyrA_S83L	POINT	QUINOLONE	POINTX	99.66	99.09
A	GCA_050939535.1	JBPBRY010000016.1	tet(A)	AMR	TETRACYCLINE	EXACTX	100.00	100.00
A	GCA_050939535.1	JBPBRY010000027.1	mcr-1.1	AMR	COLISTIN	ALLELEX	100.00	100.00
A	GCA_051305755.1	JBPPKP010000001.1	mdtM	AMR	EFFLUX	BLASTX	100.00	97.80
A	GCA_051305755.1	JBPPKP010000001.1	blaEC	AMR	BETA-LACTAM	BLASTX	100.00	98.41
A	GCA_051305755.1	JBPPKP010000001.1	acrF	AMR	EFFLUX	BLASTX	100.00	99.71
A	GCA_051305755.1	JBPPKP010000001.1	parC_S80I	POINT	QUINOLONE	POINTX	100.00	99.87
A	GCA_051305755.1	JBPPKP010000001.1	gyrA_D87N	POINT	QUINOLONE	POINTX	99.66	98.97
A	GCA_051305755.1	JBPPKP010000001.1	gyrA_S83L	POINT	QUINOLONE	POINTX	99.66	98.97
A	GCA_051305755.1	JBPPKP010000001.1	cirA_I160SfsTer34	POINT_DISRUPT	BETA-LACTAM	POINTX	100.00	99.85
A	GCA_051305755.1	JBPPKP010000001.1	blaCMY-2	AMR	BETA-LACTAM	ALLELEX	100.00	100.00
A	GCA_051305755.1	JBPPKP010000002.1	sul2	AMR	SULFONAMIDE	EXACTX	100.00	100.00
A	GCA_051305755.1	JBPPKP010000002.1	blaTEM-1	AMR	BETA-LACTAM	ALLELEX	100.00	100.00
A	GCA_051305755.1	JBPPKP010000003.1	floR	AMR	PHENICOL	BLASTX	100.00	99.26
A	GCA_051305755.1	JBPPKP010000005.1	mcr-1.1	AMR	COLISTIN	ALLELEX	100.00	100.00
A	GCA_053044225.1	JBIZWJ010000008.1	blaEC	AMR	BETA-LACTAM	BLASTX	100.00	98.67
A	GCA_053044225.1	JBIZWJ010000013.1	acrF	AMR	EFFLUX	BLASTX	100.00	99.42
A	GCA_053044225.1	JBIZWJ010000029.1	mdtM	AMR	EFFLUX	BLASTX	99.76	98.04
A	GCA_053044225.1	JBIZWJ010000031.1	mcr-1.1	AMR	COLISTIN	ALLELEX	100.00	100.00
A	GCA_053044225.1	JBIZWJ010000077.1	blaTEM-1	AMR	BETA-LACTAM	ALLELEX	100.00	100.00
A	GCA_053044225.1	JBIZWJ010000077.1	sul3	AMR	SULFONAMIDE	EXACTX	100.00	100.00
A	GCA_053044225.1	JBIZWJ010000078.1	tet(A)	AMR	TETRACYCLINE	BLASTX	100.00	99.75
A	GCA_053044225.1	JBIZWJ010000081.1	aph(6)-Id	AMR	AMINOGLYCOSIDE	PARTIALX	84.89	100.00
A	GCA_053044225.1	JBIZWJ010000082.1	aac(3)-IId	AMR	AMINOGLYCOSIDE	EXACTX	100.00	100.00
A	GCA_053044225.1	JBIZWJ010000088.1	qnrS1	AMR	QUINOLONE	ALLELEX	100.00	100.00
A	GCA_053044225.1	JBIZWJ010000098.1	dfrA14	AMR	TRIMETHOPRIM	EXACTX	100.00	100.00
A	GCA_053044235.1	JBIZWI010000007.1	blaEC	AMR	BETA-LACTAM	BLASTX	100.00	98.67
A	GCA_053044235.1	JBIZWI010000013.1	acrF	AMR	EFFLUX	BLASTX	100.00	99.42
A	GCA_053044235.1	JBIZWI010000025.1	mcr-1.1	AMR	COLISTIN	ALLELEX	100.00	100.00
A	GCA_053044235.1	JBIZWI010000028.1	mdtM	AMR	EFFLUX	BLASTX	99.76	98.04
A	GCA_053044235.1	JBIZWI010000060.1	tet(A)	AMR	TETRACYCLINE	BLASTX	100.00	99.75
A	GCA_053044235.1	JBIZWI010000076.1	sul3	AMR	SULFONAMIDE	EXACTX	100.00	100.00
A	GCA_053044235.1	JBIZWI010000076.1	blaTEM-1	AMR	BETA-LACTAM	ALLELEX	100.00	100.00
A	GCA_053044235.1	JBIZWI010000080.1	aph(6)-Id	AMR	AMINOGLYCOSIDE	PARTIALX	84.89	100.00
A	GCA_053044235.1	JBIZWI010000082.1	aac(3)-IId	AMR	AMINOGLYCOSIDE	EXACTX	100.00	100.00
A	GCA_053044235.1	JBIZWI010000088.1	qnrS1	AMR	QUINOLONE	ALLELEX	100.00	100.00
A	GCA_053044235.1	JBIZWI010000095.1	dfrA14	AMR	TRIMETHOPRIM	EXACTX	100.00	100.00
A	GCA_053044255.1	JBIZWK010000007.1	blaEC	AMR	BETA-LACTAM	BLASTX	100.00	98.67
A	GCA_053044255.1	JBIZWK010000011.1	acrF	AMR	EFFLUX	BLASTX	100.00	99.42
A	GCA_053044255.1	JBIZWK010000027.1	mdtM	AMR	EFFLUX	BLASTX	99.76	98.04
A	GCA_053044255.1	JBIZWK010000029.1	mcr-1.1	AMR	COLISTIN	ALLELEX	100.00	100.00
A	GCA_053044255.1	JBIZWK010000057.1	tet(A)	AMR	TETRACYCLINE	BLASTX	100.00	99.75
A	GCA_053044255.1	JBIZWK010000071.1	sul3	AMR	SULFONAMIDE	EXACTX	100.00	100.00
A	GCA_053044255.1	JBIZWK010000071.1	blaTEM-1	AMR	BETA-LACTAM	ALLELEX	100.00	100.00
A	GCA_053044255.1	JBIZWK010000076.1	aph(6)-Id	AMR	AMINOGLYCOSIDE	PARTIALX	84.89	100.00
A	GCA_053044255.1	JBIZWK010000077.1	aac(3)-IId	AMR	AMINOGLYCOSIDE	EXACTX	100.00	100.00
A	GCA_053044255.1	JBIZWK010000083.1	qnrS1	AMR	QUINOLONE	ALLELEX	100.00	100.00
A	GCA_053044255.1	JBIZWK010000091.1	dfrA14	AMR	TRIMETHOPRIM	EXACTX	100.00	100.00
A	GCA_053044345.1	JBIZWH010000009.1	blaEC	AMR	BETA-LACTAM	BLASTX	100.00	98.67
A	GCA_053044345.1	JBIZWH010000009.1	pmrB_A159V	POINT	COLISTIN	POINTX	100.00	99.17
A	GCA_053044345.1	JBIZWH010000012.1	acrF	AMR	EFFLUX	BLASTX	100.00	99.42
A	GCA_053044345.1	JBIZWH010000017.1	mdtM	AMR	EFFLUX	BLASTX	99.76	98.04
A	GCA_053044345.1	JBIZWH010000027.1	mcr-1.1	AMR	COLISTIN	ALLELEX	100.00	100.00
A	GCA_053044345.1	JBIZWH010000056.1	tet(A)	AMR	TETRACYCLINE	BLASTX	100.00	99.75
A	GCA_053044345.1	JBIZWH010000071.1	sul3	AMR	SULFONAMIDE	EXACTX	100.00	100.00
A	GCA_053044345.1	JBIZWH010000071.1	blaTEM-1	AMR	BETA-LACTAM	ALLELEX	100.00	100.00
A	GCA_053044345.1	JBIZWH010000077.1	aph(6)-Id	AMR	AMINOGLYCOSIDE	PARTIALX	84.89	100.00
A	GCA_053044345.1	JBIZWH010000078.1	aac(3)-IId	AMR	AMINOGLYCOSIDE	EXACTX	100.00	100.00
A	GCA_053044345.1	JBIZWH010000085.1	qnrS1	AMR	QUINOLONE	ALLELEX	100.00	100.00
A	GCA_053044345.1	JBIZWH010000097.1	dfrA14	AMR	TRIMETHOPRIM	EXACTX	100.00	100.00
A	GCA_053044365.1	JBIZWG010000009.1	blaEC	AMR	BETA-LACTAM	BLASTX	100.00	98.67
A	GCA_053044365.1	JBIZWG010000013.1	acrF	AMR	EFFLUX	BLASTX	100.00	99.42
A	GCA_053044365.1	JBIZWG010000028.1	mdtM	AMR	EFFLUX	BLASTX	99.76	98.04
A	GCA_053044365.1	JBIZWG010000030.1	mcr-1.1	AMR	COLISTIN	ALLELEX	100.00	100.00
A	GCA_053044365.1	JBIZWG010000071.1	sul3	AMR	SULFONAMIDE	EXACTX	100.00	100.00
A	GCA_053044365.1	JBIZWG010000071.1	blaTEM-1	AMR	BETA-LACTAM	ALLELEX	100.00	100.00
A	GCA_053044365.1	JBIZWG010000075.1	tet(A)	AMR	TETRACYCLINE	BLASTX	100.00	99.75
A	GCA_053044365.1	JBIZWG010000077.1	aph(6)-Id	AMR	AMINOGLYCOSIDE	PARTIALX	84.89	100.00
A	GCA_053044365.1	JBIZWG010000078.1	aac(3)-IId	AMR	AMINOGLYCOSIDE	EXACTX	100.00	100.00
A	GCA_053044365.1	JBIZWG010000084.1	qnrS1	AMR	QUINOLONE	ALLELEX	100.00	100.00
A	GCA_053044365.1	JBIZWG010000096.1	dfrA14	AMR	TRIMETHOPRIM	EXACTX	100.00	100.00
A	GCA_053291725.1	JBRXEK010000003.1	gyrA_D87N	POINT	QUINOLONE	POINTX	99.66	98.86
A	GCA_053291725.1	JBRXEK010000003.1	gyrA_S83L	POINT	QUINOLONE	POINTX	99.66	98.86
A	GCA_053291725.1	JBRXEK010000006.1	cirA_D46MfsTer21	POINT_DISRUPT	BETA-LACTAM	POINTX	100.00	98.94
A	GCA_053291725.1	JBRXEK010000010.1	sul2	AMR	SULFONAMIDE	EXACTX	100.00	100.00
A	GCA_053291725.1	JBRXEK010000013.1	acrF	AMR	EFFLUX	BLASTX	100.00	99.52
A	GCA_053291725.1	JBRXEK010000018.1	tet(A)	AMR	TETRACYCLINE	EXACTX	100.00	100.00
A	GCA_053291725.1	JBRXEK010000018.1	blaTEM-1	AMR	BETA-LACTAM	ALLELEX	100.00	100.00
A	GCA_053291725.1	JBRXEK010000018.1	dfrA12	AMR	TRIMETHOPRIM	EXACTX	100.00	100.00
A	GCA_053291725.1	JBRXEK010000018.1	aadA2	AMR	AMINOGLYCOSIDE	EXACTX	100.00	100.00
A	GCA_053291725.1	JBRXEK010000018.1	sul1	AMR	SULFONAMIDE	EXACTX	100.00	100.00
A	GCA_053291725.1	JBRXEK010000018.1	mrx(A)	AMR	MACROLIDE	EXACTX	100.00	100.00
A	GCA_053291725.1	JBRXEK010000018.1	mph(A)	AMR	MACROLIDE	EXACTX	100.00	100.00
A	GCA_053291725.1	JBRXEK010000018.1	aph(3')-Ia	AMR	AMINOGLYCOSIDE	EXACTX	100.00	100.00
A	GCA_053291725.1	JBRXEK010000020.1	parC_S80I	POINT	QUINOLONE	POINTX	100.00	99.87
A	GCA_053291725.1	JBRXEK010000026.1	blaEC	AMR	BETA-LACTAM	BLASTX	100.00	99.20
A	GCA_053291725.1	JBRXEK010000027.1	mcr-1.1	AMR	COLISTIN	ALLELEX	100.00	100.00
A	GCA_053291725.1	JBRXEK010000031.1	mdtM	AMR	EFFLUX	BLASTX	100.00	99.76
A	GCA_054353075.1	JBTHIR010000001.1	parC_S80I	POINT	QUINOLONE	POINTX	100.00	99.87
A	GCA_054353075.1	JBTHIR010000001.1	parE_S458A	POINT	QUINOLONE	POINTX	100.00	99.68
A	GCA_054353075.1	JBTHIR010000008.1	acrR_E190RfsTer20	POINT_DISRUPT	MULTIDRUG	POINTX	100.00	100.00
A	GCA_054353075.1	JBTHIR010000009.1	blaCTX-M-276	AMR	BETA-LACTAM	ALLELEX	100.00	100.00
A	GCA_054353075.1	JBTHIR010000026.1	mcr-1.1	AMR	COLISTIN	ALLELEX	100.00	100.00
A	GCA_054353075.1	JBTHIR010000028.1	mdtM	AMR	EFFLUX	BLASTX	98.29	97.52
A	GCA_054353075.1	JBTHIR010000038.1	gyrA_D87N	POINT	QUINOLONE	POINTX	99.66	98.97
A	GCA_054353075.1	JBTHIR010000038.1	gyrA_S83L	POINT	QUINOLONE	POINTX	99.66	98.97
A	GCA_054353075.1	JBTHIR010000042.1	blaEC	AMR	BETA-LACTAM	EXACTX	100.00	100.00
A	GCA_054353075.1	JBTHIR010000048.1	acrF	AMR	EFFLUX	EXACTX	100.00	100.00
A	GCA_054353075.1	JBTHIR010000069.1	sul3	AMR	SULFONAMIDE	EXACTX	100.00	100.00
A	GCA_054353075.1	JBTHIR010000069.1	aadA1	AMR	AMINOGLYCOSIDE	BLASTX	92.78	99.59
A	GCA_054353075.1	JBTHIR010000069.1	cmlA1	AMR	PHENICOL	EXACTX	100.00	100.00
A	GCA_054353075.1	JBTHIR010000069.1	aadA2	AMR	AMINOGLYCOSIDE	EXACTX	100.00	100.00
A	GCA_054353075.1	JBTHIR010000069.1	estX-3	AMR	MACROLIDE	ALLELEX	100.00	100.00
A	GCA_054353075.1	JBTHIR010000076.1	blaTEM-1	AMR	BETA-LACTAM	ALLELEX	100.00	100.00
A	GCA_054353075.1	JBTHIR010000093.1	tet(B)	AMR	TETRACYCLINE	EXACTX	100.00	100.00
A	GCA_054353075.1	JBTHIR010000103.1	tet(A)	AMR	TETRACYCLINE	BLASTX	100.00	99.75
A	GCA_054353075.1	JBTHIR010000109.1	aac(6')-Ib-cr5	AMR	AMINOGLYCOSIDE/QUINOLONE	ALLELEX	100.00	100.00
A	GCA_054353075.1	JBTHIR010000109.1	blaOXA-1	AMR	BETA-LACTAM	ALLELEX	100.00	100.00
A	GCA_054353075.1	JBTHIR010000109.1	catB3	AMR	PHENICOL	PARTIALX	70.00	100.00
A	GCA_055786505.1	JBVVAY010000001.1	gyrA_S83L	POINT	QUINOLONE	POINTX	99.66	99.09
A	GCA_055786505.1	JBVVAY010000001.1	mdtM	AMR	EFFLUX	BLASTX	100.00	97.80
A	GCA_055786505.1	JBVVAY010000001.1	blaEC	AMR	BETA-LACTAM	BLASTX	100.00	98.94
A	GCA_055786505.1	JBVVAY010000001.1	acrF	AMR	EFFLUX	BLASTX	100.00	99.61
A	GCA_055786505.1	JBVVAY010000002.1	tet(A)	AMR	TETRACYCLINE	EXACTX	100.00	100.00
A	GCA_055786505.1	JBVVAY010000002.1	dfrA14	AMR	TRIMETHOPRIM	EXACTX	100.00	100.00
A	GCA_055786505.1	JBVVAY010000002.1	mrx(A)	AMR	MACROLIDE	EXACTX	100.00	100.00
A	GCA_055786505.1	JBVVAY010000002.1	mph(A)	AMR	MACROLIDE	EXACTX	100.00	100.00
A	GCA_055786505.1	JBVVAY010000002.1	blaTEM-1	AMR	BETA-LACTAM	ALLELEX	100.00	100.00
A	GCA_055786505.1	JBVVAY010000002.1	sul3	AMR	SULFONAMIDE	EXACTX	100.00	100.00
A	GCA_055786505.1	JBVVAY010000003.1	dfrA14	AMR	TRIMETHOPRIM	EXACTX	100.00	100.00
A	GCA_055786505.1	JBVVAY010000003.1	qnrS1	AMR	QUINOLONE	ALLELEX	100.00	100.00
A	GCA_055786505.1	JBVVAY010000003.1	tet(A)	AMR	TETRACYCLINE	PARTIALX	61.40	99.18
A	GCA_055786505.1	JBVVAY010000003.1	blaCTX-M-1	AMR	BETA-LACTAM	ALLELEX	100.00	100.00
A	GCA_055786505.1	JBVVAY010000003.1	sul2	AMR	SULFONAMIDE	EXACTX	100.00	100.00
A	GCA_055786505.1	JBVVAY010000004.1	mcr-1.1	AMR	COLISTIN	ALLELEX	100.00	100.00
A	GCA_055786575.1	JBVVBC010000001.1	mcr-1.1	AMR	COLISTIN	ALLELEX	100.00	100.00
A	GCA_055786575.1	JBVVBC010000002.1	sul2	AMR	SULFONAMIDE	EXACTX	100.00	100.00
A	GCA_055786575.1	JBVVBC010000002.1	aph(3')-Ia	AMR	AMINOGLYCOSIDE	EXACTX	100.00	100.00
A	GCA_055786575.1	JBVVBC010000002.1	dfrA14	AMR	TRIMETHOPRIM	EXACTX	100.00	100.00
A	GCA_055786575.1	JBVVBC010000002.1	qnrS1	AMR	QUINOLONE	ALLELEX	100.00	100.00
A	GCA_055786575.1	JBVVBC010000002.1	tet(A)	AMR	TETRACYCLINE	BLASTX	100.00	99.75
A	GCA_055786575.1	JBVVBC010000002.1	blaCTX-M-1	AMR	BETA-LACTAM	ALLELEX	100.00	100.00
A	GCA_055786575.1	JBVVBC010000003.1	tet(A)	AMR	TETRACYCLINE	BLASTX	100.00	99.75
A	GCA_055786575.1	JBVVBC010000003.1	qnrS1	AMR	QUINOLONE	ALLELEX	100.00	100.00
A	GCA_055786575.1	JBVVBC010000003.1	dfrA14	AMR	TRIMETHOPRIM	EXACTX	100.00	100.00
A	GCA_055786575.1	JBVVBC010000004.1	mdtM	AMR	EFFLUX	BLASTX	100.00	97.80
A	GCA_055786575.1	JBVVBC010000004.1	blaEC	AMR	BETA-LACTAM	BLASTX	100.00	99.73
A	GCA_055786575.1	JBVVBC010000004.1	acrF	AMR	EFFLUX	BLASTX	100.00	99.90
A	GCA_055786625.1	JBVVBF010000001.1	tet(A)	AMR	TETRACYCLINE	PARTIALX	61.40	99.18
A	GCA_055786625.1	JBVVBF010000001.1	blaTEM-1	AMR	BETA-LACTAM	ALLELEX	100.00	100.00
A	GCA_055786625.1	JBVVBF010000002.1	mcr-1.1	AMR	COLISTIN	ALLELEX	100.00	100.00
A	GCA_055786625.1	JBVVBF010000004.1	tet(A)	AMR	TETRACYCLINE	PARTIALX	61.40	99.18
A	GCA_055786625.1	JBVVBF010000004.1	blaCTX-M-1	AMR	BETA-LACTAM	ALLELEX	100.00	100.00
A	GCA_055786625.1	JBVVBF010000004.1	sul2	AMR	SULFONAMIDE	EXACTX	100.00	100.00
A	GCA_055786625.1	JBVVBF010000004.1	aph(3')-Ia	AMR	AMINOGLYCOSIDE	EXACTX	100.00	100.00
A	GCA_055786625.1	JBVVBF010000004.1	dfrA14	AMR	TRIMETHOPRIM	EXACTX	100.00	100.00
A	GCA_055786625.1	JBVVBF010000004.1	qnrS1	AMR	QUINOLONE	ALLELEX	100.00	100.00
A	GCA_055786625.1	JBVVBF010000005.1	gyrA_D87N	POINT	QUINOLONE	POINTX	99.66	98.97
A	GCA_055786625.1	JBVVBF010000005.1	gyrA_S83L	POINT	QUINOLONE	POINTX	99.66	98.97
A	GCA_055786625.1	JBVVBF010000005.1	mdtM	AMR	EFFLUX	BLASTX	100.00	97.80
A	GCA_055786625.1	JBVVBF010000005.1	blaEC	AMR	BETA-LACTAM	BLASTX	100.00	98.94
A	GCA_055786625.1	JBVVBF010000005.1	acrF	AMR	EFFLUX	PARTIALX	80.17	99.16
A	GCA_055786625.1	JBVVBF010000005.1	parC_E84A	POINT	QUINOLONE	POINTX	100.00	99.73
A	GCA_055786625.1	JBVVBF010000005.1	parC_S80I	POINT	QUINOLONE	POINTX	100.00	99.73
A	GCA_056711405.1	CM160040.1	acrF	AMR	EFFLUX	BLASTX	100.00	99.52
A	GCA_056711405.1	CM160040.1	parC_S80I	POINT	QUINOLONE	POINTX	100.00	99.87
A	GCA_056711405.1	CM160040.1	blaCTX-M-55	AMR	BETA-LACTAM	ALLELEX	100.00	100.00
A	GCA_056711405.1	CM160040.1	sul2	AMR	SULFONAMIDE	EXACTX	100.00	100.00
A	GCA_056711405.1	CM160040.1	aph(3'')-Ib	AMR	AMINOGLYCOSIDE	EXACTX	100.00	100.00
A	GCA_056711405.1	CM160040.1	aph(6)-Id	AMR	AMINOGLYCOSIDE	EXACTX	100.00	100.00
A	GCA_056711405.1	CM160040.1	tet(A)	AMR	TETRACYCLINE	BLASTX	100.00	99.75
A	GCA_056711405.1	CM160040.1	floR	AMR	PHENICOL	BLASTX	100.00	99.75
A	GCA_056711405.1	CM160040.1	gyrA_D87N	POINT	QUINOLONE	POINTX	99.66	98.86
A	GCA_056711405.1	CM160040.1	gyrA_S83L	POINT	QUINOLONE	POINTX	99.66	98.86
A	GCA_056711405.1	CM160040.1	blaEC	AMR	BETA-LACTAM	BLASTX	100.00	98.67
A	GCA_056711405.1	CM160040.1	mdtM	AMR	EFFLUX	EXACTX	100.00	100.00
A	GCA_056711405.1	JBWXYB010000002.1	dfrA5	AMR	TRIMETHOPRIM	EXACTX	100.00	100.00
A	GCA_056711405.1	JBWXYB010000002.1	blaTEM-1	AMR	BETA-LACTAM	ALLELEX	100.00	100.00
A	GCA_056711405.1	JBWXYB010000002.1	sul2	AMR	SULFONAMIDE	EXACTX	100.00	100.00
A	GCA_056711405.1	JBWXYB010000002.1	aph(3'')-Ib	AMR	AMINOGLYCOSIDE	EXACTX	100.00	100.00
A	GCA_056711405.1	JBWXYB010000002.1	aph(6)-Id	AMR	AMINOGLYCOSIDE	EXACTX	100.00	100.00
A	GCA_056711405.1	JBWXYB010000003.1	mcr-1.1	AMR	COLISTIN	ALLELEX	100.00	100.00
A	GCA_056837825.1	JBTFHE010000001.1	gyrA_D87N	POINT	QUINOLONE	POINTX	99.66	98.86
A	GCA_056837825.1	JBTFHE010000001.1	gyrA_S83L	POINT	QUINOLONE	POINTX	99.66	98.86
A	GCA_056837825.1	JBTFHE010000001.1	floR	AMR	PHENICOL	BLASTX	100.00	99.75
A	GCA_056837825.1	JBTFHE010000001.1	tet(A)	AMR	TETRACYCLINE	BLASTX	100.00	99.75
A	GCA_056837825.1	JBTFHE010000001.1	aph(6)-Id	AMR	AMINOGLYCOSIDE	EXACTX	100.00	100.00
A	GCA_056837825.1	JBTFHE010000001.1	aph(3'')-Ib	AMR	AMINOGLYCOSIDE	EXACTX	100.00	100.00
A	GCA_056837825.1	JBTFHE010000001.1	sul2	AMR	SULFONAMIDE	EXACTX	100.00	100.00
A	GCA_056837825.1	JBTFHE010000001.1	blaCTX-M-55	AMR	BETA-LACTAM	ALLELEX	100.00	100.00
A	GCA_056837825.1	JBTFHE010000001.1	parC_S80I	POINT	QUINOLONE	POINTX	100.00	99.87
A	GCA_056837825.1	JBTFHE010000001.1	acrF	AMR	EFFLUX	BLASTX	100.00	99.52
A	GCA_056837825.1	JBTFHE010000001.1	mdtM	AMR	EFFLUX	EXACTX	100.00	100.00
A	GCA_056837825.1	JBTFHE010000001.1	blaEC	AMR	BETA-LACTAM	BLASTX	100.00	98.67
A	GCA_056837825.1	JBTFHE010000002.1	aph(6)-Id	AMR	AMINOGLYCOSIDE	EXACTX	100.00	100.00
A	GCA_056837825.1	JBTFHE010000002.1	aph(3'')-Ib	AMR	AMINOGLYCOSIDE	EXACTX	100.00	100.00
A	GCA_056837825.1	JBTFHE010000002.1	sul2	AMR	SULFONAMIDE	EXACTX	100.00	100.00
A	GCA_056837825.1	JBTFHE010000002.1	blaTEM-1	AMR	BETA-LACTAM	ALLELEX	100.00	100.00
A	GCA_056837825.1	JBTFHE010000002.1	dfrA5	AMR	TRIMETHOPRIM	EXACTX	100.00	100.00
A	GCA_056837825.1	JBTFHE010000003.1	mcr-1.1	AMR	COLISTIN	ALLELEX	100.00	100.00
A	GCA_056837865.1	JBTFHF010000001.1	blaTEMp_C32T	POINT	BETA-LACTAM	POINTN	100.00	99.57
A	GCA_056837865.1	JBTFHF010000001.1	blaTEM-1	AMR	BETA-LACTAM	ALLELEX	100.00	100.00
A	GCA_056837865.1	JBTFHF010000001.1	mdtM	AMR	EFFLUX	EXACTX	100.00	100.00
A	GCA_056837865.1	JBTFHF010000001.1	blaEC	AMR	BETA-LACTAM	BLASTX	100.00	98.67
A	GCA_056837865.1	JBTFHF010000001.1	cyaA_S352T	POINT	FOSMIDOMYCIN	POINTX	100.00	99.29
A	GCA_056837865.1	JBTFHF010000001.1	emrD	AMR	EFFLUX	BLASTX	100.00	99.75
A	GCA_056837865.1	JBTFHF010000001.1	acrF	AMR	EFFLUX	BLASTX	100.00	99.32
A	GCA_056837865.1	JBTFHF010000001.1	parC_S80I	POINT	QUINOLONE	POINTX	100.00	99.87
A	GCA_056837865.1	JBTFHF010000001.1	gyrA_S83L	POINT	QUINOLONE	POINTX	99.66	98.86
A	GCA_056837865.1	JBTFHF010000001.1	cirA_W164Ter	POINT_DISRUPT	BETA-LACTAM	POINTX	100.00	98.49
A	GCA_056837865.1	JBTFHF010000002.1	mph(A)	AMR	MACROLIDE	BLASTX	100.00	93.69
A	GCA_056837865.1	JBTFHF010000002.1	mrx(A)	AMR	MACROLIDE	EXACTX	100.00	100.00
A	GCA_056837865.1	JBTFHF010000002.1	dfrA14	AMR	TRIMETHOPRIM	EXACTX	100.00	100.00
A	GCA_056837865.1	JBTFHF010000002.1	tet(B)	AMR	TETRACYCLINE	EXACTX	100.00	100.00
A	GCA_056837865.1	JBTFHF010000004.1	mcr-1.1	AMR	COLISTIN	ALLELEX	100.00	100.00
A	GCA_056837885.1	JBTFHG010000001.1	mdtM	AMR	EFFLUX	BLASTX	100.00	97.80
A	GCA_056837885.1	JBTFHG010000001.1	nfsA_S33R	POINT	NITROFURAN	POINTX	100.00	97.08
A	GCA_056837885.1	JBTFHG010000002.1	blaEC	AMR	BETA-LACTAM	BLASTX	100.00	97.88
A	GCA_056837885.1	JBTFHG010000002.1	cyaA_S352T	POINT	FOSMIDOMYCIN	POINTX	100.00	99.29
A	GCA_056837885.1	JBTFHG010000002.1	emrD	AMR	EFFLUX	BLASTX	100.00	99.75
A	GCA_056837885.1	JBTFHG010000002.1	uhpT_E350Q	POINT	FOSFOMYCIN	POINTX	100.00	99.78
A	GCA_056837885.1	JBTFHG010000002.1	acrF	AMR	EFFLUX	BLASTX	100.00	99.42
A	GCA_056837885.1	JBTFHG010000004.1	mcr-1.1	AMR	COLISTIN	ALLELEX	100.00	100.00
A	GCA_056837905.1	JBTFHH010000001.1	cirA_G181VfsTer13	POINT_DISRUPT	BETA-LACTAM	POINTX	100.00	98.49
A	GCA_056837905.1	JBTFHH010000001.1	gyrA_D87N	POINT	QUINOLONE	POINTX	99.66	98.86
A	GCA_056837905.1	JBTFHH010000001.1	gyrA_S83L	POINT	QUINOLONE	POINTX	99.66	98.86
A	GCA_056837905.1	JBTFHH010000001.1	parC_S80I	POINT	QUINOLONE	POINTX	100.00	99.87
A	GCA_056837905.1	JBTFHH010000001.1	parE_S458T	POINT	QUINOLONE	POINTX	100.00	99.68
A	GCA_056837905.1	JBTFHH010000001.1	acrF	AMR	EFFLUX	PARTIALX	52.71	98.53
A	GCA_056837905.1	JBTFHH010000001.1	emrD	AMR	EFFLUX	BLASTX	100.00	99.75
A	GCA_056837905.1	JBTFHH010000001.1	cyaA_S352T	POINT	FOSMIDOMYCIN	POINTX	100.00	99.29
A	GCA_056837905.1	JBTFHH010000001.1	blaCTX-M-55	AMR	BETA-LACTAM	ALLELEX	100.00	100.00
A	GCA_056837905.1	JBTFHH010000001.1	sul2	AMR	SULFONAMIDE	EXACTX	100.00	100.00
A	GCA_056837905.1	JBTFHH010000001.1	aph(3'')-Ib	AMR	AMINOGLYCOSIDE	EXACTX	100.00	100.00
A	GCA_056837905.1	JBTFHH010000001.1	aph(6)-Id	AMR	AMINOGLYCOSIDE	EXACTX	100.00	100.00
A	GCA_056837905.1	JBTFHH010000001.1	tet(A)	AMR	TETRACYCLINE	BLASTX	100.00	99.75
A	GCA_056837905.1	JBTFHH010000001.1	floR	AMR	PHENICOL	BLASTX	100.00	99.75
A	GCA_056837905.1	JBTFHH010000001.1	blaEC	AMR	BETA-LACTAM	BLASTX	100.00	97.88
A	GCA_056837905.1	JBTFHH010000001.1	mdtM	AMR	EFFLUX	BLASTX	100.00	97.56
A	GCA_056837905.1	JBTFHH010000002.1	nfsA_R15C	POINT	NITROFURAN	POINTX	100.00	97.50
A	GCA_056837905.1	JBTFHH010000003.1	aadA5	AMR	AMINOGLYCOSIDE	EXACTX	100.00	100.00
A	GCA_056837905.1	JBTFHH010000003.1	dfrA17	AMR	TRIMETHOPRIM	EXACTX	100.00	100.00
A	GCA_056837905.1	JBTFHH010000004.1	mcr-1.1	AMR	COLISTIN	ALLELEX	100.00	100.00
A	GCA_056837925.1	JBTFHI010000001.1	parC_S80I	POINT	QUINOLONE	POINTX	100.00	99.87
A	GCA_056837925.1	JBTFHI010000001.1	parE_S458A	POINT	QUINOLONE	POINTX	100.00	99.68
A	GCA_056837925.1	JBTFHI010000001.1	acrF	AMR	EFFLUX	EXACTX	100.00	100.00
A	GCA_056837925.1	JBTFHI010000001.1	blaEC	AMR	BETA-LACTAM	BLASTX	100.00	98.14
A	GCA_056837925.1	JBTFHI010000001.1	mdtM	AMR	EFFLUX	BLASTX	98.29	97.27
A	GCA_056837925.1	JBTFHI010000001.1	acrR_E190RfsTer20	POINT_DISRUPT	MULTIDRUG	POINTX	100.00	100.00
A	GCA_056837925.1	JBTFHI010000001.1	gyrA_D87N	POINT	QUINOLONE	POINTX	99.66	98.97
A	GCA_056837925.1	JBTFHI010000001.1	gyrA_S83L	POINT	QUINOLONE	POINTX	99.66	98.97
A	GCA_056837925.1	JBTFHI010000002.1	tet(A)	AMR	TETRACYCLINE	EXACTX	100.00	100.00
A	GCA_056837925.1	JBTFHI010000002.1	dfrA14	AMR	TRIMETHOPRIM	EXACTX	100.00	100.00
A	GCA_056837925.1	JBTFHI010000002.1	aph(6)-Id	AMR	AMINOGLYCOSIDE	EXACTX	100.00	100.00
A	GCA_056837925.1	JBTFHI010000002.1	aph(3'')-Ib	AMR	AMINOGLYCOSIDE	EXACTX	100.00	100.00
A	GCA_056837925.1	JBTFHI010000002.1	sul2	AMR	SULFONAMIDE	EXACTX	100.00	100.00
A	GCA_056837925.1	JBTFHI010000002.1	blaTEM-1	AMR	BETA-LACTAM	ALLELEX	100.00	100.00
A	GCA_056837925.1	JBTFHI010000002.1	mrx(A)	AMR	MACROLIDE	EXACTX	100.00	100.00
A	GCA_056837925.1	JBTFHI010000002.1	mph(A)	AMR	MACROLIDE	EXACTX	100.00	100.00
A	GCA_056837925.1	JBTFHI010000002.1	blaTEM-1	AMR	BETA-LACTAM	ALLELEX	100.00	100.00
A	GCA_056837925.1	JBTFHI010000002.1	mrx(A)	AMR	MACROLIDE	EXACTX	100.00	100.00
A	GCA_056837925.1	JBTFHI010000002.1	mph(A)	AMR	MACROLIDE	EXACTX	100.00	100.00
A	GCA_056837925.1	JBTFHI010000003.1	mcr-1.1	AMR	COLISTIN	ALLELEX	100.00	100.00
A	GCA_056837925.1	JBTFHI010000003.1	mcr-1.1	AMR	COLISTIN	ALLELEX	100.00	100.00
A	GCA_056837925.1	JBTFHI010000004.1	dfrA14	AMR	TRIMETHOPRIM	EXACTX	100.00	100.00
A	GCA_056837925.1	JBTFHI010000004.1	qnrS1	AMR	QUINOLONE	ALLELEX	100.00	100.00
A	GCA_056837925.1	JBTFHI010000004.1	tet(A)	AMR	TETRACYCLINE	BLASTX	100.00	99.50
A	GCA_056837925.1	JBTFHI010000004.1	aph(3')-Ia	AMR	AMINOGLYCOSIDE	EXACTX	100.00	100.00
A	GCA_056837985.1	JBTFHJ010000001.1	blaEC	AMR	BETA-LACTAM	BLASTX	100.00	98.67
A	GCA_056837985.1	JBTFHJ010000001.1	mdtM	AMR	EFFLUX	BLASTX	100.00	98.05
A	GCA_056837985.1	JBTFHJ010000001.1	ompF_W83Ter	POINT_DISRUPT	BETA-LACTAM	POINTX	100.00	92.29
A	GCA_056837985.1	JBTFHJ010000001.1	gyrA_D87N	POINT	QUINOLONE	POINTX	99.66	98.97
A	GCA_056837985.1	JBTFHJ010000001.1	gyrA_S83L	POINT	QUINOLONE	POINTX	99.66	98.97
A	GCA_056837985.1	JBTFHJ010000001.1	blaTEM-1	AMR	BETA-LACTAM	ALLELEX	100.00	100.00
A	GCA_056837985.1	JBTFHJ010000001.1	parC_S80I	POINT	QUINOLONE	POINTX	100.00	99.73
A	GCA_056837985.1	JBTFHJ010000001.1	acrF	AMR	EFFLUX	BLASTX	100.00	99.52
A	GCA_056837985.1	JBTFHJ010000001.1	emrD	AMR	EFFLUX	EXACTX	100.00	100.00
A	GCA_056837985.1	JBTFHJ010000002.1	tet(A)	AMR	TETRACYCLINE	EXACTX	100.00	100.00
A	GCA_056837985.1	JBTFHJ010000002.1	mph(A)	AMR	MACROLIDE	EXACTX	100.00	100.00
A	GCA_056837985.1	JBTFHJ010000002.1	mrx(A)	AMR	MACROLIDE	EXACTX	100.00	100.00
A	GCA_056837985.1	JBTFHJ010000002.1	sul1	AMR	SULFONAMIDE	EXACTX	100.00	100.00
A	GCA_056837985.1	JBTFHJ010000002.1	aadA2	AMR	AMINOGLYCOSIDE	EXACTX	100.00	100.00
A	GCA_056837985.1	JBTFHJ010000002.1	dfrA12	AMR	TRIMETHOPRIM	EXACTX	100.00	100.00
A	GCA_056837985.1	JBTFHJ010000004.1	floR	AMR	PHENICOL	BLASTX	100.00	99.26
A	GCA_056837985.1	JBTFHJ010000006.1	mcr-1.1	AMR	COLISTIN	ALLELEX	100.00	100.00
A	GCA_977857605.1	CDWHEH010000001.1	parC_S80R	POINT	QUINOLONE	POINTX	100.00	99.73
A	GCA_977857605.1	CDWHEH010000002.1	blaEC	AMR	BETA-LACTAM	BLASTX	100.00	98.41
A	GCA_977857605.1	CDWHEH010000012.1	mdtM	AMR	EFFLUX	BLASTX	100.00	97.80
A	GCA_977857605.1	CDWHEH010000013.1	gyrA_D87N	POINT	QUINOLONE	POINTX	99.66	98.74
A	GCA_977857605.1	CDWHEH010000013.1	gyrA_S83L	POINT	QUINOLONE	POINTX	99.66	98.74
A	GCA_977857605.1	CDWHEH010000025.1	blaCTX-M-125	AMR	BETA-LACTAM	ALLELEX	100.00	100.00
A	GCA_977857605.1	CDWHEH010000027.1	acrF	AMR	EFFLUX	BLASTX	100.00	99.71
A	GCA_977857605.1	CDWHEH010000028.1	mcr-1.1	AMR	COLISTIN	ALLELEX	100.00	100.00
A	GCA_977857605.1	CDWHEH010000072.1	dfrA12	AMR	TRIMETHOPRIM	EXACTX	100.00	100.00
A	GCA_977857605.1	CDWHEH010000072.1	aadA2	AMR	AMINOGLYCOSIDE	EXACTX	100.00	100.00
A	GCA_977857605.1	CDWHEH010000072.1	cmlA1	AMR	PHENICOL	EXACTX	100.00	100.00
A	GCA_977857605.1	CDWHEH010000072.1	aadA1	AMR	AMINOGLYCOSIDE	EXACTX	100.00	100.00
A	GCA_977857605.1	CDWHEH010000077.1	qnrS1	AMR	QUINOLONE	ALLELEX	100.00	100.00
A	GCA_977857605.1	CDWHEH010000081.1	tet(A)	AMR	TETRACYCLINE	EXACTX	100.00	100.00
A	GCA_977857605.1	CDWHEH010000086.1	tet(M)	AMR	TETRACYCLINE	BLASTX	100.00	98.12
A	GCA_977857605.1	CDWHEH010000090.1	sul3	AMR	SULFONAMIDE	EXACTX	100.00	100.00
A	GCA_977857605.1	CDWHEH010000099.1	blaTEM-1	AMR	BETA-LACTAM	ALLELEX	100.00	100.00
A	GCA_988286365.1	ENA|CGBNHJ010000001|CGBNHJ010000001.1	gyrA_D87N	POINT	QUINOLONE	POINTX	99.66	98.97
A	GCA_988286365.1	ENA|CGBNHJ010000001|CGBNHJ010000001.1	gyrA_S83L	POINT	QUINOLONE	POINTX	99.66	98.97
A	GCA_988286365.1	ENA|CGBNHJ010000001|CGBNHJ010000001.1	parC_S80I	POINT	QUINOLONE	POINTX	100.00	99.87
A	GCA_988286365.1	ENA|CGBNHJ010000001|CGBNHJ010000001.1	parE_S458A	POINT	QUINOLONE	POINTX	100.00	99.68
A	GCA_988286365.1	ENA|CGBNHJ010000001|CGBNHJ010000001.1	acrF	AMR	EFFLUX	BLASTX	100.00	99.61
A	GCA_988286365.1	ENA|CGBNHJ010000001|CGBNHJ010000001.1	blaEC	AMR	BETA-LACTAM	BLASTX	100.00	98.41
A	GCA_988286365.1	ENA|CGBNHJ010000001|CGBNHJ010000001.1	mdtM	AMR	EFFLUX	BLASTX	100.00	97.80
A	GCA_988286365.1	ENA|CGBNHJ010000002|CGBNHJ010000002.1	mcr-1.1	AMR	COLISTIN	ALLELEX	100.00	100.00
A	GCA_988286365.1	ENA|CGBNHJ010000003|CGBNHJ010000003.1	ant(3'')-Ia	AMR	AMINOGLYCOSIDE	BLASTX	100.00	96.96
A	GCA_988286365.1	ENA|CGBNHJ010000003|CGBNHJ010000003.1	lnu(F)	AMR	LINCOSAMIDE	EXACTX	100.00	100.00
A	GCA_988286365.1	ENA|CGBNHJ010000010|CGBNHJ010000010.1	mrx(A)	AMR	MACROLIDE	EXACTX	100.00	100.00
A	GCA_988286365.1	ENA|CGBNHJ010000010|CGBNHJ010000010.1	mph(A)	AMR	MACROLIDE	EXACTX	100.00	100.00
A	GCA_988286365.1	ENA|CGBNHJ010000010|CGBNHJ010000010.1	fosA4	AMR	FOSFOMYCIN	ALLELEX	100.00	100.00
A	GCA_988286365.1	ENA|CGBNHJ010000010|CGBNHJ010000010.1	tet(A)	AMR	TETRACYCLINE	BLASTX	100.00	99.75
A	GCA_988286365.1	ENA|CGBNHJ010000010|CGBNHJ010000010.1	qnrS1	AMR	QUINOLONE	ALLELEX	100.00	100.00
A	GCA_988286365.1	ENA|CGBNHJ010000010|CGBNHJ010000010.1	blaTEM-1	AMR	BETA-LACTAM	ALLELEX	100.00	100.00
A	GCA_988286365.1	ENA|CGBNHJ010000010|CGBNHJ010000010.1	aph(3')-Ia	AMR	AMINOGLYCOSIDE	EXACTX	100.00	100.00
A	GCA_988286365.1	ENA|CGBNHJ010000010|CGBNHJ010000010.1	dfrA12	AMR	TRIMETHOPRIM	EXACTX	100.00	100.00
A	GCA_988286365.1	ENA|CGBNHJ010000010|CGBNHJ010000010.1	aadA2	AMR	AMINOGLYCOSIDE	EXACTX	100.00	100.00
A	GCA_988286365.1	ENA|CGBNHJ010000010|CGBNHJ010000010.1	cmlA1	AMR	PHENICOL	EXACTX	100.00	100.00
A	GCA_988286365.1	ENA|CGBNHJ010000010|CGBNHJ010000010.1	aadA1	AMR	AMINOGLYCOSIDE	EXACTX	100.00	100.00
A	GCA_988286365.1	ENA|CGBNHJ010000010|CGBNHJ010000010.1	sul3	AMR	SULFONAMIDE	EXACTX	100.00	100.00
A	GCA_988286365.1	ENA|CGBNHJ010000010|CGBNHJ010000010.1	floR	AMR	PHENICOL	BLASTX	100.00	99.50
P	GCA_007993675.2	CP042470.1	IncHI2_1	65.75	100.00
P	GCA_007993675.2	CP042470.1	IncFIB(AP001918)_1	100.00	98.39
P	GCA_007993675.2	CP042470.1	IncI2_1	100.00	100.00
P	GCA_007993675.2	CP042470.1	IncX1_1	100.00	98.93
P	GCA_007993675.2	CP042471.2	IncI2_1	100.00	100.00
P	GCA_009925145.1	WHYU01000010.1	IncFII(pCoo)_1_pCoo	99.62	96.56
P	GCA_009925145.1	WHYU01000010.1	IncFIB(AP001918)_1	100.00	98.39
P	GCA_009925145.1	WHYU01000041.1	IncX4_1	100.00	100.00
P	GCA_009925165.1	WHYW01000025.1	IncFII(pCoo)_1_pCoo	99.62	96.56
P	GCA_009925165.1	WHYW01000025.1	IncFIB(AP001918)_1	100.00	98.39
P	GCA_009925165.1	WHYW01000038.1	IncX4_1	100.00	100.00
P	GCA_009925175.1	WHYV01000027.1	IncFII(pCoo)_1_pCoo	99.62	96.56
P	GCA_009925175.1	WHYV01000027.1	IncFIB(AP001918)_1	100.00	98.39
P	GCA_009925175.1	WHYV01000041.1	IncX4_1	100.00	100.00
P	GCA_009925195.1	WHYY01000027.1	IncHI2A_1	100.00	99.52
P	GCA_009925195.1	WHYY01000027.1	IncHI2_1	100.00	100.00
P	GCA_009925195.1	WHYY01000033.1	IncI2_1_Delta	100.00	97.15
P	GCA_009925195.1	WHYY01000038.1	IncN_1	100.00	100.00
P	GCA_009925195.1	WHYY01000048.1	IncFIB(AP001918)_1	100.00	98.39
P	GCA_009925195.1	WHYY01000049.1	IncFIC(FII)_1	99.60	95.59
P	GCA_009925195.1	WHYY01000052.1	IncI1_1_Alpha	100.00	100.00
P	GCA_009925195.1	WHYY01000063.1	IncX1_1	100.00	98.93
P	GCA_009925485.1	WHZL01000004.1	IncFIB(AP001918)_1	100.00	98.39
P	GCA_009925485.1	WHZL01000004.1	IncFII(pCoo)_1_pCoo	99.62	96.56
P	GCA_009925485.1	WHZL01000037.1	IncX4_1	100.00	100.00
P	GCA_009925505.1	WHZO01000015.1	IncX4_1	100.00	100.00
P	GCA_009925505.1	WHZO01000033.1	IncFIB(AP001918)_1	100.00	98.53
P	GCA_009925515.1	WHZM01000001.1	IncFIB(AP001918)_1	100.00	98.39
P	GCA_009925515.1	WHZM01000001.1	IncFII(pCoo)_1_pCoo	99.62	96.56
P	GCA_009925515.1	WHZM01000052.1	IncX4_1	100.00	100.00
P	GCA_013187405.1	JABMLY010000019.1	IncFIB(AP001918)_1	100.00	98.39
P	GCA_013187405.1	JABMLY010000026.1	IncX4_1	100.00	100.00
P	GCA_013187405.1	JABMLY010000028.1	IncX1_1	100.00	98.40
P	GCA_013187405.1	JABMLY010000035.1	IncFIC(FII)_1	99.60	95.59
P	GCA_013187405.1	JABMLY010000070.1	IncFIA_1	71.91	100.00
P	GCA_013187505.1	JABMMA010000020.1	IncFIA_1	71.91	100.00
P	GCA_013187505.1	JABMMA010000021.1	IncFIB(AP001918)_1	100.00	98.39
P	GCA_013187505.1	JABMMA010000028.1	IncX4_1	100.00	100.00
P	GCA_013187505.1	JABMMA010000033.1	IncX1_1	100.00	98.40
P	GCA_013187505.1	JABMMA010000040.1	IncFIC(FII)_1	99.60	95.59
P	GCA_013187515.1	JABMLX010000025.1	IncFIB(AP001918)_1	100.00	99.12
P	GCA_013187515.1	JABMLX010000038.1	IncX4_1	100.00	100.00
P	GCA_013187515.1	JABMLX010000058.1	p0111_1	100.00	98.64
P	GCA_013618585.1	JABSOB010000054.1	IncX4_1	100.00	100.00
P	GCA_013618585.1	JABSOB010000064.1	IncFIB(AP001918)_1	100.00	99.12
P	GCA_013618585.1	JABSOB010000137.1	p0111_1	100.00	98.64
P	GCA_013618615.1	JABSNZ010000042.1	IncX4_1	100.00	100.00
P	GCA_013618615.1	JABSNZ010000045.1	IncX1_1	100.00	98.66
P	GCA_013618615.1	JABSNZ010000046.1	p0111_1	100.00	99.21
P	GCA_013618615.1	JABSNZ010000055.1	IncFIB(AP001918)_1	100.00	98.39
P	GCA_014900915.1	JACVVU010000005.1	IncHI2_1	100.00	100.00
P	GCA_014900915.1	JACVVU010000005.1	IncHI2A_1	100.00	99.52
P	GCA_014900915.1	JACVVU010000032.1	IncFII(pCoo)_1_pCoo	99.62	96.56
P	GCA_014900915.1	JACVVU010000046.1	IncFIB(AP001918)_1	100.00	96.77
P	GCA_014900915.1	JACVVU010000051.1	IncFIA_1	68.56	100.00
P	GCA_014900915.1	JACVVU010000073.1	IncFIC(FII)_1	99.60	95.59
P	GCA_014900925.1	JACVVS010000027.1	p0111_1	100.00	98.42
P	GCA_014900925.1	JACVVS010000054.1	IncI1_1_Alpha	100.00	99.30
P	GCA_014900925.1	JACVVS010000066.1	IncHI2_1	100.00	100.00
P	GCA_014900925.1	JACVVS010000079.1	IncX1_1	100.00	98.13
P	GCA_014900925.1	JACVVS010000089.1	IncFIB(AP001918)_1	100.00	98.39
P	GCA_014900925.1	JACVVS010000095.1	IncN_1	100.00	100.00
P	GCA_014900925.1	JACVVS010000099.1	IncHI2A_1	100.00	99.52
P	GCA_014900925.1	JACVVS010000154.1	Col(MG828)_1	99.24	95.00
P	GCA_014900935.1	JACVVR010000017.1	p0111_1	100.00	98.42
P	GCA_014900935.1	JACVVR010000026.1	IncI1_1_Alpha	100.00	99.30
P	GCA_014900935.1	JACVVR010000042.1	IncHI2_1	100.00	100.00
P	GCA_014900935.1	JACVVR010000068.1	IncX1_1	100.00	98.13
P	GCA_014900935.1	JACVVR010000072.1	IncFIB(AP001918)_1	100.00	98.39
P	GCA_014900935.1	JACVVR010000080.1	IncN_1	100.00	100.00
P	GCA_014900935.1	JACVVR010000084.1	IncHI2A_1	100.00	99.52
P	GCA_014900935.1	JACVVR010000140.1	Col(MG828)_1	99.24	95.00
P	GCA_014900945.1	JACVVV010000005.1	IncHI2_1	100.00	100.00
P	GCA_014900945.1	JACVVV010000005.1	IncHI2A_1	100.00	99.52
P	GCA_014900945.1	JACVVV010000033.1	IncFII(pCoo)_1_pCoo	99.62	96.56
P	GCA_014900945.1	JACVVV010000049.1	IncFIB(AP001918)_1	100.00	97.07
P	GCA_014900945.1	JACVVV010000055.1	IncFIA_1	68.56	100.00
P	GCA_014900945.1	JACVVV010000075.1	IncFIC(FII)_1	99.60	95.59
P	GCA_014900955.1	JACVVT010000017.1	p0111_1	100.00	98.42
P	GCA_014900955.1	JACVVT010000026.1	IncI1_1_Alpha	100.00	99.30
P	GCA_014900955.1	JACVVT010000058.1	IncHI2_1	100.00	100.00
P	GCA_014900955.1	JACVVT010000068.1	IncX1_1	100.00	98.13
P	GCA_014900955.1	JACVVT010000075.1	IncFIB(AP001918)_1	100.00	98.39
P	GCA_014900955.1	JACVVT010000080.1	IncN_1	100.00	100.00
P	GCA_014900955.1	JACVVT010000085.1	IncHI2A_1	100.00	99.52
P	GCA_014900955.1	JACVVT010000140.1	Col(MG828)_1	99.24	95.00
P	GCA_020281985.1	JACZEQ010000025.1	IncHI2_1	100.00	100.00
P	GCA_020281985.1	JACZEQ010000025.1	IncHI2A_1	100.00	99.52
P	GCA_020281985.1	JACZEQ010000033.1	IncI2_1	100.00	100.00
P	GCA_020281985.1	JACZEQ010000058.1	IncFIC(FII)_1	99.60	95.59
P	GCA_020281985.1	JACZEQ010000067.1	IncFIB(AP001918)_1	100.00	98.39
P	GCA_020281985.1	JACZEQ010000070.1	IncFII(29)_1_pUTI89	100.00	100.00
P	GCA_020281985.1	JACZEQ010000081.1	IncQ1_1	66.46	100.00
P	GCA_020281985.1	JACZEQ010000117.1	IncB/O/K/Z_2	97.50	95.54
P	GCA_020281985.1	JACZEQ010000143.1	IncFIA_1	68.56	100.00
P	GCA_028882105.2	JARBTG020000002.1	IncHI2_1	100.00	100.00
P	GCA_028882105.2	JARBTG020000002.1	IncQ1_1	66.46	100.00
P	GCA_028882105.2	JARBTG020000002.1	IncHI2A_1	100.00	99.52
P	GCA_029953225.1	JASATV010000002.1	IncFIC(FII)_1	100.00	95.63
P	GCA_029953225.1	JASATV010000003.1	IncX4_1	100.00	100.00
P	GCA_033342895.1	JAWPEQ010000002.1	IncHI2_1	100.00	100.00
P	GCA_033342895.1	JAWPEQ010000002.1	IncQ1_1	66.46	100.00
P	GCA_033342895.1	JAWPEQ010000002.1	IncHI2A_1	100.00	99.52
P	GCA_045037815.1	CP173548.1	IncFIB(Mar)_1_pNDM-Mar	99.77	98.64
P	GCA_045037815.1	CP173548.1	IncFIB(Mar)_1_pNDM-Mar	100.00	99.54
P	GCA_045037815.1	CP173549.1	IncHI1B_1_pNDM-MAR	100.00	99.47
P	GCA_045037815.1	CP173551.1	IncX4_1	100.00	100.00
P	GCA_045037815.1	CP173552.1	IncFIB(AP001918)_1	100.00	98.39
P	GCA_045037815.1	CP173552.1	IncFII_1	100.00	100.00
P	GCA_045037815.1	CP173553.1	IncHI2A_1	100.00	99.52
P	GCA_045037815.1	CP173553.1	IncHI2_1	100.00	100.00
P	GCA_045037815.1	CP173555.1	IncI1_1_Alpha	100.00	100.00
P	GCA_050106675.1	JBNIJP010000001.1	IncHI2A_1	100.00	99.52
P	GCA_050106675.1	JBNIJP010000001.1	IncHI2_1	100.00	100.00
P	GCA_050106675.1	JBNIJP010000027.1	IncX1_1	100.00	98.93
P	GCA_050106675.1	JBNIJP010000075.1	IncFIB(AP001918)_1	100.00	98.39
P	GCA_050938395.1	JBPBSW010000019.1	p0111_1	100.00	99.10
P	GCA_050938395.1	JBPBSW010000024.1	IncFIC(FII)_1	99.60	95.59
P	GCA_050938395.1	JBPBSW010000027.1	IncI2_1_Delta	100.00	97.15
P	GCA_050938395.1	JBPBSW010000043.1	IncFIB(AP001918)_1	100.00	98.39
P	GCA_050938415.1	JBPBTA010000009.1	IncHI2_1	100.00	100.00
P	GCA_050938415.1	JBPBTA010000009.1	IncHI2A_1	100.00	99.52
P	GCA_050938415.1	JBPBTA010000026.1	IncI2_1_Delta	100.00	97.15
P	GCA_050938435.1	JBPBSX010000028.1	IncI2_1_Delta	100.00	97.15
P	GCA_050938435.1	JBPBSX010000050.1	IncX1_1	100.00	98.66
P	GCA_050938435.1	JBPBSX010000075.1	p0111_1	100.00	98.53
P	GCA_050938435.1	JBPBSX010000095.1	IncI1_1_Alpha	100.00	99.30
P	GCA_050938475.1	JBPBTC010000022.1	IncI2_1	100.00	100.00
P	GCA_050938475.1	JBPBTC010000036.1	IncFIA_1	100.00	99.74
P	GCA_050938475.1	JBPBTC010000049.1	IncFIB(AP001918)_1	100.00	98.39
P	GCA_050938495.1	JBPBTE010000022.1	p0111_1	100.00	99.32
P	GCA_050938495.1	JBPBTE010000027.1	IncI2_1_Delta	100.00	97.15
P	GCA_050938495.1	JBPBTE010000040.1	IncFIB(AP001918)_1	100.00	98.24
P	GCA_050938495.1	JBPBTE010000064.1	Col156_1	98.70	98.03
P	GCA_050938495.1	JBPBTE010000088.1	ColpVC_1	100.00	99.48
P	GCA_050938515.1	JBPBTH010000029.1	IncI2_1_Delta	100.00	97.15
P	GCA_050938515.1	JBPBTH010000050.1	IncX1_1	100.00	98.66
P	GCA_050938515.1	JBPBTH010000074.1	p0111_1	100.00	98.53
P	GCA_050938515.1	JBPBTH010000094.1	IncI1_1_Alpha	100.00	99.30
P	GCA_050938535.1	JBPBTF010000027.1	IncI2_1_Delta	100.00	97.15
P	GCA_050938535.1	JBPBTF010000028.1	IncFIC(FII)_1	99.60	95.59
P	GCA_050938535.1	JBPBTF010000067.1	IncFIB(AP001918)_1	100.00	98.39
P	GCA_050938555.1	JBPBTL010000031.1	IncI2_1_Delta	100.00	97.15
P	GCA_050938555.1	JBPBTL010000051.1	IncFIB(AP001918)_1	100.00	98.39
P	GCA_050938575.1	JBPBSG010000019.1	IncFIB(K)_1_Kpn3	100.00	100.00
P	GCA_050938575.1	JBPBSG010000040.1	IncI2_1_Delta	100.00	97.15
P	GCA_050938595.1	JBPBSI010000023.1	IncI2_1_Delta	100.00	97.15
P	GCA_050938595.1	JBPBSI010000027.1	IncX4_1	100.00	100.00
P	GCA_050938735.1	JBPBSO010000030.1	IncFIC(FII)_1	99.60	95.59
P	GCA_050938735.1	JBPBSO010000036.1	IncI2_1_Delta	100.00	97.15
P	GCA_050938735.1	JBPBSO010000050.1	IncFIB(AP001918)_1	100.00	98.39
P	GCA_050938735.1	JBPBSO010000064.1	IncFIA_1	71.91	100.00
P	GCA_050938755.1	JBPBSU010000012.1	IncHI2_1	100.00	100.00
P	GCA_050938755.1	JBPBSU010000012.1	IncHI2A_1	100.00	99.52
P	GCA_050938755.1	JBPBSU010000026.1	IncI2_1	100.00	100.00
P	GCA_050938755.1	JBPBSU010000027.1	IncFIC(FII)_1	99.60	95.59
P	GCA_050938755.1	JBPBSU010000053.1	IncQ1_1	66.46	100.00
P	GCA_050938755.1	JBPBSU010000075.1	IncFIA_1	68.56	100.00
P	GCA_050938755.1	JBPBSU010000078.1	IncFIB(AP001918)_1	100.00	97.07
P	GCA_050938775.1	JBPBSQ010000028.1	IncI2_1	100.00	100.00
P	GCA_050938775.1	JBPBSQ010000043.1	IncI1_1_Alpha	100.00	99.30
P	GCA_050938775.1	JBPBSQ010000065.1	IncFIB(AP001918)_1	100.00	97.65
P	GCA_050938775.1	JBPBSQ010000081.1	ColpVC_1	100.00	98.96
P	GCA_050938795.1	JBPBSP010000022.1	IncI1_1_Alpha	99.30	99.30
P	GCA_050938795.1	JBPBSP010000030.1	IncI2_1	100.00	100.00
P	GCA_050938795.1	JBPBSP010000044.1	IncFIA_1	100.00	99.74
P	GCA_050938795.1	JBPBSP010000059.1	IncFIB(AP001918)_1	100.00	98.39
P	GCA_050938815.1	JBPBSZ010000021.1	IncI1_1_Alpha	100.00	99.30
P	GCA_050938815.1	JBPBSZ010000029.1	IncI2_1_Delta	100.00	97.15
P	GCA_050938835.1	JBPBSS010000013.1	IncI1_1_Alpha	100.00	100.00
P	GCA_050938835.1	JBPBSS010000027.1	IncI2_1_Delta	100.00	97.15
P	GCA_050938835.1	JBPBSS010000084.1	ColpEC648	99.86	99.14
P	GCA_050938855.1	JBPBST010000026.1	IncI2_1_Delta	100.00	97.15
P	GCA_050938855.1	JBPBST010000038.1	IncR_1	100.00	100.00
P	GCA_050938855.1	JBPBST010000055.1	IncQ1_1	65.58	100.00
P	GCA_050938855.1	JBPBST010000056.1	IncFIB(AP001918)_1	100.00	98.39
P	GCA_050938875.1	JBPBSV010000030.1	IncI2_1	100.00	100.00
P	GCA_050938875.1	JBPBSV010000061.1	p0111_1	100.00	98.53
P	GCA_050938885.1	JBPBSY010000018.1	p0111_1	100.00	99.10
P	GCA_050938885.1	JBPBSY010000027.1	IncFIC(FII)_1	99.60	95.59
P	GCA_050938885.1	JBPBSY010000045.1	IncI2_1_Delta	100.00	97.15
P	GCA_050938885.1	JBPBSY010000046.1	IncFIB(AP001918)_1	100.00	98.39
P	GCA_050938935.1	JBPBTB010000028.1	IncI1_1_Alpha	100.00	99.30
P	GCA_050938935.1	JBPBTB010000029.1	IncI2_1_Delta	100.00	97.15
P	GCA_050938935.1	JBPBTB010000031.1	IncFIC(FII)_1	99.60	95.59
P	GCA_050938935.1	JBPBTB010000061.1	IncFIA_1	71.91	100.00
P	GCA_050938935.1	JBPBTB010000066.1	IncFIB(AP001918)_1	100.00	98.39
P	GCA_050938975.1	JBPBSN010000027.1	IncI2_1_Delta	100.00	97.15
P	GCA_050938975.1	JBPBSN010000033.1	IncFIC(FII)_1	99.60	95.59
P	GCA_050938975.1	JBPBSN010000046.1	IncFIB(AP001918)_1	100.00	98.39
P	GCA_050939015.1	JBPBSL010000030.1	IncI2_1_Delta	100.00	97.15
P	GCA_050939015.1	JBPBSL010000038.1	IncFIC(FII)_1	99.60	95.59
P	GCA_050939015.1	JBPBSL010000047.1	IncFIB(AP001918)_1	100.00	98.39
P	GCA_050939015.1	JBPBSL010000051.1	p0111_1	100.00	98.64
P	GCA_050939035.1	JBPBSR010000013.1	IncI1_1_Alpha	100.00	100.00
P	GCA_050939035.1	JBPBSR010000027.1	IncI2_1_Delta	100.00	97.15
P	GCA_050939035.1	JBPBSR010000070.1	p0111_1	100.00	98.53
P	GCA_050939035.1	JBPBSR010000098.1	ColpEC648	99.86	99.14
P	GCA_050939055.1	JBPBSF010000014.1	IncFII_1	100.00	99.62
P	GCA_050939055.1	JBPBSF010000014.1	IncFIB(AP001918)_1	100.00	97.07
P	GCA_050939055.1	JBPBSF010000016.1	IncY_1	100.00	99.61
P	GCA_050939055.1	JBPBSF010000029.1	IncI2_1_Delta	100.00	97.15
P	GCA_050939055.1	JBPBSF010000040.1	Col156_1	98.70	97.37
P	GCA_050939075.1	JBPBSH010000032.1	IncI2_1_Delta	100.00	97.15
P	GCA_050939075.1	JBPBSH010000034.1	IncFIC(FII)_1	99.60	95.59
P	GCA_050939075.1	JBPBSH010000038.1	IncI1_1_Alpha	100.00	100.00
P	GCA_050939075.1	JBPBSH010000044.1	IncFIB(AP001918)_1	100.00	98.39
P	GCA_050939115.1	JBPBRN010000024.1	IncFIC(FII)_1	99.60	95.59
P	GCA_050939115.1	JBPBRN010000029.1	IncI2_1	100.00	100.00
P	GCA_050939115.1	JBPBRN010000050.1	IncFIB(AP001918)_1	100.00	98.39
P	GCA_050939115.1	JBPBRN010000052.1	IncI1_1_Alpha	100.00	99.30
P	GCA_050939115.1	JBPBRN010000053.1	p0111_1	100.00	98.53
P	GCA_050939135.1	JBPBRM010000020.1	IncI1_1_Alpha	100.00	99.30
P	GCA_050939135.1	JBPBRM010000029.1	IncFIC(FII)_1	99.60	95.59
P	GCA_050939135.1	JBPBRM010000030.1	IncI2_1	100.00	100.00
P	GCA_050939135.1	JBPBRM010000045.1	IncFIB(AP001918)_1	100.00	98.39
P	GCA_050939135.1	JBPBRM010000051.1	p0111_1	100.00	98.53
P	GCA_050939155.1	JBPBTJ010000008.1	IncFIB(AP001918)_1	100.00	98.39
P	GCA_050939155.1	JBPBTJ010000020.1	IncI1_1_Alpha	100.00	100.00
P	GCA_050939155.1	JBPBTJ010000028.1	IncI2_1_Delta	100.00	97.15
P	GCA_050939175.1	JBPBTN010000027.1	IncI2_1_Delta	100.00	97.15
P	GCA_050939175.1	JBPBTN010000083.1	IncFIB(AP001918)_1	100.00	98.39
P	GCA_050939175.1	JBPBTN010000089.1	IncY_1	100.00	98.95
P	GCA_050939175.1	JBPBTN010000113.1	Col156_1	98.70	98.03
P	GCA_050939195.1	JBPBTK010000028.1	IncI2_1_Delta	100.00	97.15
P	GCA_050939195.1	JBPBTK010000029.1	IncFIC(FII)_1	99.60	95.59
P	GCA_050939195.1	JBPBTK010000066.1	IncFIB(AP001918)_1	100.00	98.39
P	GCA_050939215.1	JBPBTM010000028.1	IncI2_1	100.00	100.00
P	GCA_050939215.1	JBPBTM010000046.1	IncFIB(AP001918)_1	100.00	98.39
P	GCA_050939215.1	JBPBTM010000047.1	IncFII(pCoo)_1_pCoo	99.62	96.56
P	GCA_050939215.1	JBPBTM010000056.1	IncY_1	100.00	99.48
P	GCA_050939215.1	JBPBTM010000075.1	IncFIC(FII)_1	99.60	95.59
P	GCA_050939235.1	JBPBRZ010000028.1	p0111_1	100.00	98.64
P	GCA_050939235.1	JBPBRZ010000032.1	IncI2_1_Delta	100.00	97.15
P	GCA_050939235.1	JBPBRZ010000050.1	IncFIC(FII)_1	99.60	95.59
P	GCA_050939235.1	JBPBRZ010000059.1	IncX1_4	100.00	99.47
P	GCA_050939235.1	JBPBRZ010000087.1	IncFIB(AP001918)_1	100.00	98.39
P	GCA_050939295.1	JBPBSK010000030.1	IncI2_1_Delta	100.00	97.15
P	GCA_050939295.1	JBPBSK010000056.1	IncQ1_1	66.46	100.00
P	GCA_050939315.1	JBPBSA010000025.1	IncFIC(FII)_1	99.60	95.59
P	GCA_050939315.1	JBPBSA010000039.1	IncI2_1_Delta	100.00	97.15
P	GCA_050939315.1	JBPBSA010000044.1	IncFIB(AP001918)_1	100.00	98.39
P	GCA_050939315.1	JBPBSA010000062.1	IncI1_1_Alpha	100.00	100.00
P	GCA_050939335.1	JBPBSE010000026.1	IncI2_1_Delta	100.00	97.15
P	GCA_050939335.1	JBPBSE010000027.1	IncFIC(FII)_1	99.60	95.59
P	GCA_050939335.1	JBPBSE010000035.1	IncI1_1_Alpha	100.00	100.00
P	GCA_050939335.1	JBPBSE010000039.1	IncFIB(AP001918)_1	100.00	98.39
P	GCA_050939375.1	JBPBRV010000028.1	IncI2_1_Delta	100.00	97.15
P	GCA_050939375.1	JBPBRV010000029.1	IncFIC(FII)_1	99.60	95.59
P	GCA_050939375.1	JBPBRV010000044.1	IncI1_1_Alpha	100.00	100.00
P	GCA_050939375.1	JBPBRV010000063.1	IncFIB(AP001918)_1	100.00	98.39
P	GCA_050939415.1	JBPBRX010000033.1	IncI2_1_Delta	100.00	97.15
P	GCA_050939415.1	JBPBRX010000042.1	p0111_1	100.00	98.64
P	GCA_050939415.1	JBPBRX010000056.1	IncX1_4	100.00	99.47
P	GCA_050939415.1	JBPBRX010000058.1	IncFIC(FII)_1	99.60	95.59
P	GCA_050939415.1	JBPBRX010000091.1	IncFIB(AP001918)_1	100.00	98.39
P	GCA_050939515.1	JBPBRR010000020.1	IncFIB(AP001918)_1	100.00	98.39
P	GCA_050939515.1	JBPBRR010000043.1	IncI2_1_Delta	100.00	97.15
P	GCA_050939535.1	JBPBRY010000027.1	IncI2_1_Delta	100.00	97.15
P	GCA_050939535.1	JBPBRY010000037.1	IncI1_1_Alpha	100.00	100.00
P	GCA_050939535.1	JBPBRY010000041.1	IncFIB(AP001918)_1	100.00	98.39
P	GCA_050939535.1	JBPBRY010000071.1	IncFIC(FII)_1	99.60	95.59
P	GCA_051305755.1	JBPPKP010000002.1	IncFIB(AP001918)_1	88.42	97.35
P	GCA_051305755.1	JBPPKP010000002.1	IncFII_1	100.00	99.62
P	GCA_051305755.1	JBPPKP010000003.1	IncI1_1_Alpha	100.00	100.00
P	GCA_051305755.1	JBPPKP010000005.1	IncI2_1_Delta	88.92	96.80
P	GCA_053044225.1	JBIZWJ010000031.1	IncI2_1_Delta	100.00	97.15
P	GCA_053044225.1	JBIZWJ010000034.1	IncFIB(H89-PhagePlasmid)_1	100.00	99.90
P	GCA_053044225.1	JBIZWJ010000051.1	IncFII(pRSB107)_1_pRSB107	100.00	96.18
P	GCA_053044225.1	JBIZWJ010000053.1	IncFIB(AP001918)_1	100.00	98.39
P	GCA_053044225.1	JBIZWJ010000059.1	IncFII(pCoo)_1_pCoo	100.00	97.71
P	GCA_053044225.1	JBIZWJ010000072.1	IncX1_1	100.00	98.66
P	GCA_053044235.1	JBIZWI010000025.1	IncI2_1_Delta	100.00	97.15
P	GCA_053044235.1	JBIZWI010000031.1	IncFIB(H89-PhagePlasmid)_1	100.00	99.90
P	GCA_053044235.1	JBIZWI010000049.1	IncFII(pRSB107)_1_pRSB107	100.00	96.18
P	GCA_053044235.1	JBIZWI010000051.1	IncFIB(AP001918)_1	100.00	98.39
P	GCA_053044235.1	JBIZWI010000054.1	IncFII(pCoo)_1_pCoo	100.00	97.71
P	GCA_053044235.1	JBIZWI010000060.1	IncX1_1	100.00	98.66
P	GCA_053044255.1	JBIZWK010000029.1	IncI2_1_Delta	100.00	97.15
P	GCA_053044255.1	JBIZWK010000031.1	IncFIB(H89-PhagePlasmid)_1	100.00	99.90
P	GCA_053044255.1	JBIZWK010000047.1	IncFII(pRSB107)_1_pRSB107	100.00	96.18
P	GCA_053044255.1	JBIZWK010000049.1	IncFIB(AP001918)_1	100.00	98.39
P	GCA_053044255.1	JBIZWK010000051.1	IncFII(pCoo)_1_pCoo	100.00	97.71
P	GCA_053044255.1	JBIZWK010000057.1	IncX1_1	100.00	98.66
P	GCA_053044345.1	JBIZWH010000027.1	IncI2_1_Delta	100.00	97.15
P	GCA_053044345.1	JBIZWH010000030.1	IncFIB(H89-PhagePlasmid)_1	100.00	99.90
P	GCA_053044345.1	JBIZWH010000048.1	IncFII(pRSB107)_1_pRSB107	100.00	96.18
P	GCA_053044345.1	JBIZWH010000049.1	IncFIB(AP001918)_1	100.00	98.39
P	GCA_053044345.1	JBIZWH010000051.1	IncFII(pCoo)_1_pCoo	100.00	97.71
P	GCA_053044345.1	JBIZWH010000056.1	IncX1_1	100.00	98.66
P	GCA_053044365.1	JBIZWG010000030.1	IncI2_1_Delta	100.00	97.15
P	GCA_053044365.1	JBIZWG010000032.1	IncFIB(H89-PhagePlasmid)_1	100.00	99.90
P	GCA_053044365.1	JBIZWG010000048.1	IncFII(pRSB107)_1_pRSB107	100.00	96.18
P	GCA_053044365.1	JBIZWG010000050.1	IncFIB(AP001918)_1	100.00	98.39
P	GCA_053044365.1	JBIZWG010000052.1	IncFII(pCoo)_1_pCoo	100.00	97.71
P	GCA_053044365.1	JBIZWG010000065.1	IncX1_1	100.00	98.66
P	GCA_053291725.1	JBRXEK010000018.1	IncY_1	100.00	96.86
P	GCA_053291725.1	JBRXEK010000027.1	IncI2_1	100.00	99.38
P	GCA_054353075.1	JBTHIR010000026.1	IncI2_1	100.00	99.38
P	GCA_054353075.1	JBTHIR010000030.1	IncFIC(FII)_1	99.60	95.59
P	GCA_054353075.1	JBTHIR010000062.1	IncFIB(AP001918)_1	100.00	98.39
P	GCA_054353075.1	JBTHIR010000064.1	IncI1_1_Alpha	100.00	100.00
P	GCA_054353075.1	JBTHIR010000083.1	IncFIA_1	71.91	100.00
P	GCA_054353075.1	JBTHIR010000111.1	Col(BS512)_1	100.00	100.00
P	GCA_055786505.1	JBVVAY010000002.1	IncFIC(FII)_1	99.60	95.59
P	GCA_055786505.1	JBVVAY010000002.1	IncFIB(AP001918)_1	100.00	98.39
P	GCA_055786505.1	JBVVAY010000003.1	IncI1_1_Alpha	100.00	99.30
P	GCA_055786505.1	JBVVAY010000004.1	IncI2_1_Delta	100.00	97.15
P	GCA_055786575.1	JBVVBC010000001.1	IncI2_1_Delta	100.00	97.15
P	GCA_055786575.1	JBVVBC010000002.1	IncI1_1_Alpha	100.00	99.30
P	GCA_055786575.1	JBVVBC010000003.1	IncFIB(AP001918)_1	100.00	97.36
P	GCA_055786575.1	JBVVBC010000003.1	IncFIC(FII)_1	100.00	100.00
P	GCA_055786625.1	JBVVBF010000001.1	IncFIB(AP001918)_1	100.00	98.39
P	GCA_055786625.1	JBVVBF010000001.1	IncFIC(FII)_1	99.60	95.59
P	GCA_055786625.1	JBVVBF010000002.1	IncI2_1_Delta	100.00	97.15
P	GCA_055786625.1	JBVVBF010000004.1	IncI1_1_Alpha	100.00	99.30
P	GCA_056711405.1	JBWXYB010000002.1	IncFIB(AP001918)_1	88.42	98.51
P	GCA_056711405.1	JBWXYB010000002.1	IncFII_1	100.00	100.00
P	GCA_056711405.1	JBWXYB010000003.1	IncI2_1_Delta	88.92	96.80
P	GCA_056837825.1	JBTFHE010000002.1	IncFII_1	100.00	100.00
P	GCA_056837825.1	JBTFHE010000002.1	IncFIB(AP001918)_1	100.00	98.39
P	GCA_056837825.1	JBTFHE010000003.1	IncI2_1_Delta	100.00	97.15
P	GCA_056837865.1	JBTFHF010000002.1	Col156_1	92.21	98.59
P	GCA_056837865.1	JBTFHF010000002.1	IncFIB(AP001918)_1	100.00	97.95
P	GCA_056837865.1	JBTFHF010000002.1	IncFIA(HI1)_1_HI1	99.74	98.45
P	GCA_056837865.1	JBTFHF010000002.1	IncY_1	100.00	98.82
P	GCA_056837865.1	JBTFHF010000003.1	IncB/O/K/Z_2	100.00	100.00
P	GCA_056837865.1	JBTFHF010000004.1	IncI2_1_Delta	100.00	97.15
P	GCA_056837885.1	JBTFHG010000004.1	IncI2_1_Delta	100.00	97.15
P	GCA_056837905.1	JBTFHH010000003.1	IncFIC(FII)_1	99.60	95.59
P	GCA_056837905.1	JBTFHH010000003.1	IncFIB(AP001918)_1	100.00	98.39
P	GCA_056837905.1	JBTFHH010000004.1	IncI2_1	100.00	100.00
P	GCA_056837925.1	JBTFHI010000002.1	IncFIB(AP001918)_1	100.00	98.39
P	GCA_056837925.1	JBTFHI010000002.1	IncQ1_1	64.20	99.80
P	GCA_056837925.1	JBTFHI010000003.1	IncX4_1	100.00	100.00
P	GCA_056837925.1	JBTFHI010000003.1	IncX4_1	100.00	100.00
P	GCA_056837925.1	JBTFHI010000004.1	IncX1_1	100.00	98.93
P	GCA_056837985.1	JBTFHJ010000002.1	IncFIB(AP001918)_1	100.00	98.24
P	GCA_056837985.1	JBTFHJ010000002.1	IncFIC(FII)_1	99.60	95.59
P	GCA_056837985.1	JBTFHJ010000004.1	IncI1_1_Alpha	100.00	100.00
P	GCA_056837985.1	JBTFHJ010000005.1	p0111_1	100.00	98.64
P	GCA_056837985.1	JBTFHJ010000006.1	IncX4_1	100.00	100.00
P	GCA_977857605.1	CDWHEH010000029.1	IncHI1B(R27)_1_R27	100.00	100.00
P	GCA_977857605.1	CDWHEH010000029.1	IncHI1A_1	100.00	100.00
P	GCA_977857605.1	CDWHEH010000059.1	IncFIA(HI1)_1_HI1	100.00	100.00
P	GCA_977857605.1	CDWHEH010000071.1	IncFIB(K)_1_Kpn3	100.00	98.93
P	GCA_988286365.1	ENA|CGBNHJ010000002|CGBNHJ010000002.1	IncI2_1_Delta	100.00	97.15
P	GCA_988286365.1	ENA|CGBNHJ010000003|CGBNHJ010000003.1	IncI1_1_Alpha	100.00	99.30
P	GCA_988286365.1	ENA|CGBNHJ010000010|CGBNHJ010000010.1	IncFIB(AP001918)_1	100.00	98.39
P	GCA_988286365.1	ENA|CGBNHJ010000010|CGBNHJ010000010.1	IncFIC(FII)_1	99.60	95.59
R	ncbi	GCA_007993675.2	CP042470.1	mcr-1.1	100.00	100.00
R	ncbi	GCA_007993675.2	CP042471.2	mcr-1.1	100.00	100.00
R	ncbi	GCA_009925145.1	WHYU01000041.1	mcr-1.1	100.00	100.00
R	ncbi	GCA_009925165.1	WHYW01000038.1	mcr-1.1	100.00	100.00
R	ncbi	GCA_009925175.1	WHYV01000041.1	mcr-1.1	100.00	100.00
R	ncbi	GCA_009925195.1	WHYY01000051.1	mcr-1.1	100.00	100.00
R	ncbi	GCA_009925485.1	WHZL01000037.1	mcr-1.1	100.00	100.00
R	ncbi	GCA_009925505.1	WHZO01000015.1	mcr-1.1	100.00	100.00
R	ncbi	GCA_009925515.1	WHZM01000052.1	mcr-1.1	100.00	100.00
R	ncbi	GCA_013187405.1	JABMLY010000026.1	mcr-1.1	100.00	100.00
R	ncbi	GCA_013187505.1	JABMMA010000028.1	mcr-1.1	100.00	100.00
R	ncbi	GCA_013187515.1	JABMLX010000038.1	mcr-1.1	100.00	100.00
R	ncbi	GCA_013618585.1	JABSOB010000054.1	mcr-1.1	100.00	100.00
R	ncbi	GCA_013618615.1	JABSNZ010000042.1	mcr-1.1	100.00	100.00
R	ncbi	GCA_014900915.1	JACVVU010000005.1	mcr-1.1	100.00	100.00
R	ncbi	GCA_014900925.1	JACVVS010000041.1	mcr-1.1	100.00	100.00
R	ncbi	GCA_014900935.1	JACVVR010000028.1	mcr-1.1	100.00	100.00
R	ncbi	GCA_014900945.1	JACVVV010000005.1	mcr-1.1	100.00	100.00
R	ncbi	GCA_014900955.1	JACVVT010000035.1	mcr-1.1	100.00	100.00
R	ncbi	GCA_020281985.1	JACZEQ010000043.1	mcr-1.1	100.00	100.00
R	ncbi	GCA_028882105.2	JARBTG020000002.1	mcr-1.1	100.00	100.00
R	ncbi	GCA_029953225.1	JASATV010000003.1	mcr-1.1	100.00	100.00
R	ncbi	GCA_033342895.1	JAWPEQ010000002.1	mcr-1.1	100.00	100.00
R	ncbi	GCA_050938395.1	JBPBSW010000027.1	mcr-1.1	100.00	100.00
R	ncbi	GCA_050938415.1	JBPBTA010000026.1	mcr-1.1	100.00	100.00
R	ncbi	GCA_050938435.1	JBPBSX010000028.1	mcr-1.1	100.00	100.00
R	ncbi	GCA_050938475.1	JBPBTC010000022.1	mcr-1.1	100.00	100.00
R	ncbi	GCA_050938495.1	JBPBTE010000027.1	mcr-1.1	100.00	100.00
R	ncbi	GCA_050938515.1	JBPBTH010000029.1	mcr-1.1	100.00	100.00
R	ncbi	GCA_050938535.1	JBPBTF010000027.1	mcr-1.1	100.00	100.00
R	ncbi	GCA_050938555.1	JBPBTL010000057.1	mcr-1.1	100.00	100.00
R	ncbi	GCA_050938575.1	JBPBSG010000047.1	mcr-1.1	100.00	100.00
R	ncbi	GCA_050938595.1	JBPBSI010000035.1	mcr-1.1	100.00	100.00
R	ncbi	GCA_050938735.1	JBPBSO010000088.1	mcr-1.5	100.00	100.00
R	ncbi	GCA_050938755.1	JBPBSU010000026.1	mcr-1.1	100.00	100.00
R	ncbi	GCA_050938775.1	JBPBSQ010000054.1	mcr-1.1	100.00	100.00
R	ncbi	GCA_050938795.1	JBPBSP010000030.1	mcr-1.1	100.00	100.00
R	ncbi	GCA_050938815.1	JBPBSZ010000029.1	mcr-1.1	100.00	100.00
R	ncbi	GCA_050938835.1	JBPBSS010000027.1	mcr-1.1	100.00	100.00
R	ncbi	GCA_050938855.1	JBPBST010000026.1	mcr-1.1	100.00	100.00
R	ncbi	GCA_050938875.1	JBPBSV010000030.1	mcr-1.1	100.00	100.00
R	ncbi	GCA_050938885.1	JBPBSY010000037.1	mcr-1.1	100.00	100.00
R	ncbi	GCA_050938935.1	JBPBTB010000029.1	mcr-1.1	100.00	100.00
R	ncbi	GCA_050938975.1	JBPBSN010000027.1	mcr-1.1	100.00	100.00
R	ncbi	GCA_050939015.1	JBPBSL010000030.1	mcr-1.1	100.00	100.00
R	ncbi	GCA_050939035.1	JBPBSR010000027.1	mcr-1.1	100.00	100.00
R	ncbi	GCA_050939055.1	JBPBSF010000037.1	mcr-1.1	100.00	100.00
R	ncbi	GCA_050939075.1	JBPBSH010000051.1	mcr-1.1	100.00	100.00
R	ncbi	GCA_050939115.1	JBPBRN010000029.1	mcr-1.1	100.00	100.00
R	ncbi	GCA_050939135.1	JBPBRM010000030.1	mcr-1.1	100.00	100.00
R	ncbi	GCA_050939155.1	JBPBTJ010000028.1	mcr-1.1	100.00	100.00
R	ncbi	GCA_050939175.1	JBPBTN010000027.1	mcr-1.1	100.00	100.00
R	ncbi	GCA_050939195.1	JBPBTK010000028.1	mcr-1.1	100.00	100.00
R	ncbi	GCA_050939215.1	JBPBTM010000028.1	mcr-1.1	100.00	100.00
R	ncbi	GCA_050939235.1	JBPBRZ010000032.1	mcr-1.1	100.00	100.00
R	ncbi	GCA_050939295.1	JBPBSK010000030.1	mcr-1.1	100.00	100.00
R	ncbi	GCA_050939315.1	JBPBSA010000057.1	mcr-1.1	100.00	100.00
R	ncbi	GCA_050939335.1	JBPBSE010000026.1	mcr-1.1	100.00	100.00
R	ncbi	GCA_050939375.1	JBPBRV010000028.1	mcr-1.1	100.00	100.00
R	ncbi	GCA_050939415.1	JBPBRX010000033.1	mcr-1.1	100.00	100.00
R	ncbi	GCA_050939515.1	JBPBRR010000058.1	mcr-1.1	100.00	100.00
R	ncbi	GCA_050939535.1	JBPBRY010000027.1	mcr-1.1	100.00	100.00
R	ncbi	GCA_051305755.1	JBPPKP010000005.1	mcr-1.1	100.00	100.00
R	ncbi	GCA_053044225.1	JBIZWJ010000031.1	mcr-1.1	100.00	100.00
R	ncbi	GCA_053044235.1	JBIZWI010000025.1	mcr-1.1	100.00	100.00
R	ncbi	GCA_053044255.1	JBIZWK010000029.1	mcr-1.1	100.00	100.00
R	ncbi	GCA_053044345.1	JBIZWH010000027.1	mcr-1.1	100.00	100.00
R	ncbi	GCA_053044365.1	JBIZWG010000030.1	mcr-1.1	100.00	100.00
R	ncbi	GCA_053291725.1	JBRXEK010000027.1	mcr-1.1	100.00	100.00
R	ncbi	GCA_054353075.1	JBTHIR010000026.1	mcr-1.1	100.00	100.00
R	ncbi	GCA_055786505.1	JBVVAY010000004.1	mcr-1.1	100.00	100.00
R	ncbi	GCA_055786575.1	JBVVBC010000001.1	mcr-1.1	100.00	100.00
R	ncbi	GCA_055786625.1	JBVVBF010000002.1	mcr-1.1	100.00	100.00
R	ncbi	GCA_056711405.1	JBWXYB010000003.1	mcr-1.1	100.00	100.00
R	ncbi	GCA_056837825.1	JBTFHE010000003.1	mcr-1.1	100.00	100.00
R	ncbi	GCA_056837865.1	JBTFHF010000004.1	mcr-1.1	100.00	100.00
R	ncbi	GCA_056837885.1	JBTFHG010000004.1	mcr-1.1	100.00	100.00
R	ncbi	GCA_056837905.1	JBTFHH010000004.1	mcr-1.1	100.00	100.00
R	ncbi	GCA_056837925.1	JBTFHI010000003.1	mcr-1.1	100.00	100.00
R	ncbi	GCA_056837925.1	JBTFHI010000003.1	mcr-1.1	100.00	100.00
R	ncbi	GCA_056837985.1	JBTFHJ010000006.1	mcr-1.1	100.00	100.00
R	ncbi	GCA_977857605.1	CDWHEH010000028.1	mcr-1.1	100.00	100.00
R	resfinder	GCA_007993675.2	CP042470.1	mcr-1.1_1	100.00	100.00
R	resfinder	GCA_007993675.2	CP042471.2	mcr-1.1_1	100.00	100.00
R	resfinder	GCA_009925145.1	WHYU01000041.1	mcr-1.1_1	100.00	100.00
R	resfinder	GCA_009925165.1	WHYW01000038.1	mcr-1.1_1	100.00	100.00
R	resfinder	GCA_009925175.1	WHYV01000041.1	mcr-1.1_1	100.00	100.00
R	resfinder	GCA_009925195.1	WHYY01000051.1	mcr-1.1_1	100.00	100.00
R	resfinder	GCA_009925485.1	WHZL01000037.1	mcr-1.1_1	100.00	100.00
R	resfinder	GCA_009925505.1	WHZO01000015.1	mcr-1.1_1	100.00	100.00
R	resfinder	GCA_009925515.1	WHZM01000052.1	mcr-1.1_1	100.00	100.00
R	resfinder	GCA_013187405.1	JABMLY010000026.1	mcr-1.1_1	100.00	100.00
R	resfinder	GCA_013187505.1	JABMMA010000028.1	mcr-1.1_1	100.00	100.00
R	resfinder	GCA_013187515.1	JABMLX010000038.1	mcr-1.1_1	100.00	100.00
R	resfinder	GCA_013618585.1	JABSOB010000054.1	mcr-1.1_1	100.00	100.00
R	resfinder	GCA_013618615.1	JABSNZ010000042.1	mcr-1.1_1	100.00	100.00
R	resfinder	GCA_014900915.1	JACVVU010000005.1	mcr-1.1_1	100.00	100.00
R	resfinder	GCA_014900925.1	JACVVS010000041.1	mcr-1.1_1	100.00	100.00
R	resfinder	GCA_014900935.1	JACVVR010000028.1	mcr-1.1_1	100.00	100.00
R	resfinder	GCA_014900945.1	JACVVV010000005.1	mcr-1.1_1	100.00	100.00
R	resfinder	GCA_014900955.1	JACVVT010000035.1	mcr-1.1_1	100.00	100.00
R	resfinder	GCA_020281985.1	JACZEQ010000043.1	mcr-1.1_1	100.00	100.00
R	resfinder	GCA_028882105.2	JARBTG020000002.1	mcr-1.1_1	100.00	100.00
R	resfinder	GCA_029953225.1	JASATV010000003.1	mcr-1.1_1	100.00	100.00
R	resfinder	GCA_033342895.1	JAWPEQ010000002.1	mcr-1.1_1	100.00	100.00
R	resfinder	GCA_050106675.1	JBNIJP010000124.1	mcr-9.1_1	100.00	100.00
R	resfinder	GCA_050938395.1	JBPBSW010000027.1	mcr-1.1_1	100.00	100.00
R	resfinder	GCA_050938415.1	JBPBTA010000026.1	mcr-1.1_1	100.00	100.00
R	resfinder	GCA_050938435.1	JBPBSX010000028.1	mcr-1.1_1	100.00	100.00
R	resfinder	GCA_050938475.1	JBPBTC010000022.1	mcr-1.1_1	100.00	100.00
R	resfinder	GCA_050938495.1	JBPBTE010000027.1	mcr-1.1_1	100.00	100.00
R	resfinder	GCA_050938515.1	JBPBTH010000029.1	mcr-1.1_1	100.00	100.00
R	resfinder	GCA_050938535.1	JBPBTF010000027.1	mcr-1.1_1	100.00	100.00
R	resfinder	GCA_050938555.1	JBPBTL010000057.1	mcr-1.1_1	100.00	100.00
R	resfinder	GCA_050938575.1	JBPBSG010000047.1	mcr-1.1_1	100.00	100.00
R	resfinder	GCA_050938595.1	JBPBSI010000035.1	mcr-1.1_1	100.00	100.00
R	resfinder	GCA_050938735.1	JBPBSO010000088.1	mcr-1.5_1	100.00	100.00
R	resfinder	GCA_050938755.1	JBPBSU010000026.1	mcr-1.1_1	100.00	100.00
R	resfinder	GCA_050938775.1	JBPBSQ010000054.1	mcr-1.1_1	100.00	100.00
R	resfinder	GCA_050938795.1	JBPBSP010000030.1	mcr-1.1_1	100.00	100.00
R	resfinder	GCA_050938815.1	JBPBSZ010000029.1	mcr-1.1_1	100.00	100.00
R	resfinder	GCA_050938835.1	JBPBSS010000027.1	mcr-1.1_1	100.00	100.00
R	resfinder	GCA_050938855.1	JBPBST010000026.1	mcr-1.1_1	100.00	100.00
R	resfinder	GCA_050938875.1	JBPBSV010000030.1	mcr-1.1_1	100.00	100.00
R	resfinder	GCA_050938885.1	JBPBSY010000037.1	mcr-1.1_1	100.00	100.00
R	resfinder	GCA_050938935.1	JBPBTB010000029.1	mcr-1.1_1	100.00	100.00
R	resfinder	GCA_050938975.1	JBPBSN010000027.1	mcr-1.1_1	100.00	100.00
R	resfinder	GCA_050939015.1	JBPBSL010000030.1	mcr-1.1_1	100.00	100.00
R	resfinder	GCA_050939035.1	JBPBSR010000027.1	mcr-1.1_1	100.00	100.00
R	resfinder	GCA_050939055.1	JBPBSF010000037.1	mcr-1.1_1	100.00	100.00
R	resfinder	GCA_050939075.1	JBPBSH010000051.1	mcr-1.1_1	100.00	100.00
R	resfinder	GCA_050939115.1	JBPBRN010000029.1	mcr-1.1_1	100.00	100.00
R	resfinder	GCA_050939135.1	JBPBRM010000030.1	mcr-1.1_1	100.00	100.00
R	resfinder	GCA_050939155.1	JBPBTJ010000028.1	mcr-1.1_1	100.00	100.00
R	resfinder	GCA_050939175.1	JBPBTN010000027.1	mcr-1.1_1	100.00	100.00
R	resfinder	GCA_050939195.1	JBPBTK010000028.1	mcr-1.1_1	100.00	100.00
R	resfinder	GCA_050939215.1	JBPBTM010000028.1	mcr-1.1_1	100.00	100.00
R	resfinder	GCA_050939235.1	JBPBRZ010000032.1	mcr-1.1_1	100.00	100.00
R	resfinder	GCA_050939295.1	JBPBSK010000030.1	mcr-1.1_1	100.00	100.00
R	resfinder	GCA_050939315.1	JBPBSA010000057.1	mcr-1.1_1	100.00	100.00
R	resfinder	GCA_050939335.1	JBPBSE010000026.1	mcr-1.1_1	100.00	100.00
R	resfinder	GCA_050939375.1	JBPBRV010000028.1	mcr-1.1_1	100.00	100.00
R	resfinder	GCA_050939415.1	JBPBRX010000033.1	mcr-1.1_1	100.00	100.00
R	resfinder	GCA_050939515.1	JBPBRR010000058.1	mcr-1.1_1	100.00	100.00
R	resfinder	GCA_050939535.1	JBPBRY010000027.1	mcr-1.1_1	100.00	100.00
R	resfinder	GCA_051305755.1	JBPPKP010000005.1	mcr-1.1_1	100.00	100.00
R	resfinder	GCA_053044225.1	JBIZWJ010000031.1	mcr-1.1_1	100.00	100.00
R	resfinder	GCA_053044235.1	JBIZWI010000025.1	mcr-1.1_1	100.00	100.00
R	resfinder	GCA_053044255.1	JBIZWK010000029.1	mcr-1.1_1	100.00	100.00
R	resfinder	GCA_053044345.1	JBIZWH010000027.1	mcr-1.1_1	100.00	100.00
R	resfinder	GCA_053044365.1	JBIZWG010000030.1	mcr-1.1_1	100.00	100.00
R	resfinder	GCA_053291725.1	JBRXEK010000027.1	mcr-1.1_1	100.00	100.00
R	resfinder	GCA_054353075.1	JBTHIR010000026.1	mcr-1.1_1	100.00	100.00
R	resfinder	GCA_055786505.1	JBVVAY010000004.1	mcr-1.1_1	100.00	100.00
R	resfinder	GCA_055786575.1	JBVVBC010000001.1	mcr-1.1_1	100.00	100.00
R	resfinder	GCA_055786625.1	JBVVBF010000002.1	mcr-1.1_1	100.00	100.00
R	resfinder	GCA_056711405.1	JBWXYB010000003.1	mcr-1.1_1	100.00	100.00
R	resfinder	GCA_056837825.1	JBTFHE010000003.1	mcr-1.1_1	100.00	100.00
R	resfinder	GCA_056837865.1	JBTFHF010000004.1	mcr-1.1_1	100.00	100.00
R	resfinder	GCA_056837885.1	JBTFHG010000004.1	mcr-1.1_1	100.00	100.00
R	resfinder	GCA_056837905.1	JBTFHH010000004.1	mcr-1.1_1	100.00	100.00
R	resfinder	GCA_056837925.1	JBTFHI010000003.1	mcr-1.1_1	100.00	100.00
R	resfinder	GCA_056837925.1	JBTFHI010000003.1	mcr-1.1_1	100.00	100.00
R	resfinder	GCA_056837985.1	JBTFHJ010000006.1	mcr-1.1_1	100.00	100.00
R	resfinder	GCA_977857605.1	CDWHEH010000028.1	mcr-1.1_1	100.00	100.00
R	ncbi	GCA_988286365.1	ENA|CGBNHJ010000002|CGBNHJ010000002.1	mcr-1.1	100.00	100.00
R	resfinder	GCA_988286365.1	ENA|CGBNHJ010000002|CGBNHJ010000002.1	mcr-1.1_1	100.00	100.00
M	GCA_007993675.2	ecoli_achtman_4	10	adk(10)	fumC(11)	gyrB(4)	icd(8)	mdh(8)	purA(8)	recA(2)
M	GCA_009925145.1	ecoli_achtman_4	46	adk(8)	fumC(7)	gyrB(1)	icd(8)	mdh(8)	purA(8)	recA(6)
M	GCA_009925165.1	ecoli_achtman_4	46	adk(8)	fumC(7)	gyrB(1)	icd(8)	mdh(8)	purA(8)	recA(6)
M	GCA_009925175.1	ecoli_achtman_4	46	adk(8)	fumC(7)	gyrB(1)	icd(8)	mdh(8)	purA(8)	recA(6)
M	GCA_009925195.1	ecoli_achtman_4	155	adk(6)	fumC(4)	gyrB(14)	icd(16)	mdh(24)	purA(8)	recA(14)
M	GCA_009925485.1	ecoli_achtman_4	46	adk(8)	fumC(7)	gyrB(1)	icd(8)	mdh(8)	purA(8)	recA(6)
M	GCA_009925505.1	ecoli_achtman_4	224	adk(6)	fumC(4)	gyrB(33)	icd(16)	mdh(11)	purA(8)	recA(6)
M	GCA_009925515.1	ecoli_achtman_4	46	adk(8)	fumC(7)	gyrB(1)	icd(8)	mdh(8)	purA(8)	recA(6)
M	GCA_013187405.1	ecoli_achtman_4	2485	adk(6)	fumC(4)	gyrB(159)	icd(140)	mdh(112)	purA(1)	recA(17)
M	GCA_013187505.1	ecoli_achtman_4	2485	adk(6)	fumC(4)	gyrB(159)	icd(140)	mdh(112)	purA(1)	recA(17)
M	GCA_013187515.1	ecoli_achtman_4	191	adk(6)	fumC(29)	gyrB(5)	icd(18)	mdh(11)	purA(8)	recA(41)
M	GCA_013618585.1	ecoli_achtman_4	191	adk(6)	fumC(29)	gyrB(5)	icd(18)	mdh(11)	purA(8)	recA(41)
M	GCA_013618615.1	ecoli_achtman_4	744	adk(10)	fumC(11)	gyrB(135)	icd(8)	mdh(8)	purA(8)	recA(2)
M	GCA_014900915.1	ecoli_achtman_4	155	adk(6)	fumC(4)	gyrB(14)	icd(16)	mdh(24)	purA(8)	recA(14)
M	GCA_014900925.1	ecoli_achtman_4	10	adk(10)	fumC(11)	gyrB(4)	icd(8)	mdh(8)	purA(8)	recA(2)
M	GCA_014900935.1	ecoli_achtman_4	10	adk(10)	fumC(11)	gyrB(4)	icd(8)	mdh(8)	purA(8)	recA(2)
M	GCA_014900945.1	ecoli_achtman_4	155	adk(6)	fumC(4)	gyrB(14)	icd(16)	mdh(24)	purA(8)	recA(14)
M	GCA_014900955.1	ecoli_achtman_4	10	adk(10)	fumC(11)	gyrB(4)	icd(8)	mdh(8)	purA(8)	recA(2)
M	GCA_020281985.1	ecoli_achtman_4	224	adk(6)	fumC(4)	gyrB(33)	icd(16)	mdh(11)	purA(8)	recA(6)
M	GCA_028882105.2	ecoli_achtman_4	1266	adk(168)	fumC(184)	gyrB(53)	icd(140)	mdh(24)	purA(85)	recA(42)
M	GCA_029953225.1	ecoli_achtman_4	484	adk(6)	fumC(11)	gyrB(4)	icd(10)	mdh(7)	purA(84)	recA(6)
M	GCA_033342895.1	ecoli_achtman_4	1266	adk(168)	fumC(184)	gyrB(53)	icd(140)	mdh(24)	purA(85)	recA(42)
M	GCA_045037815.1	ecoli_achtman_4	624	adk(92)	fumC(4)	gyrB(87)	icd(96)	mdh(70)	purA(58)	recA(91)
M	GCA_050106675.1	ecoli_achtman_4	1494	adk(1)	fumC(4)	gyrB(44)	icd(9)	mdh(11)	purA(35)	recA(7)
M	GCA_050938395.1	ecoli_achtman_4	162	adk(9)	fumC(65)	gyrB(5)	icd(1)	mdh(9)	purA(13)	recA(6)
M	GCA_050938415.1	ecoli_achtman_4	354	adk(85)	fumC(88)	gyrB(78)	icd(29)	mdh(59)	purA(58)	recA(62)
M	GCA_050938435.1	ecoli_achtman_4	189	adk(10)	fumC(27)	gyrB(5)	icd(10)	mdh(12)	purA(8)	recA(49)
M	GCA_050938475.1	ecoli_achtman_4	3941	adk(6)	fumC(511)	gyrB(4)	icd(10)	mdh(7)	purA(8)	recA(6)
M	GCA_050938495.1	ecoli_achtman_4	770	adk(52)	fumC(116)	gyrB(55)	icd(101)	mdh(113)	purA(40)	recA(38)
M	GCA_050938515.1	ecoli_achtman_4	189	adk(10)	fumC(27)	gyrB(5)	icd(10)	mdh(12)	purA(8)	recA(49)
M	GCA_050938535.1	ecoli_achtman_4	117	adk(20)	fumC(45)	gyrB(41)	icd(43)	mdh(5)	purA(32)	recA(2)
M	GCA_050938555.1	ecoli_achtman_4	6756	adk(136)	fumC(7)	gyrB(4)	icd(8)	mdh(561)	purA(8)	recA(2)
M	GCA_050938575.1	ecoli_achtman_4	226	adk(10)	fumC(27)	gyrB(5)	icd(8)	mdh(8)	purA(7)	recA(2)
M	GCA_050938595.1	ecoli_achtman_4	224	adk(6)	fumC(4)	gyrB(33)	icd(16)	mdh(11)	purA(8)	recA(6)
M	GCA_050938735.1	ecoli_achtman_4	744	adk(10)	fumC(11)	gyrB(135)	icd(8)	mdh(8)	purA(8)	recA(2)
M	GCA_050938755.1	ecoli_achtman_4	93	adk(6)	fumC(11)	gyrB(4)	icd(10)	mdh(7)	purA(8)	recA(6)
M	GCA_050938775.1	ecoli_achtman_4	155	adk(6)	fumC(4)	gyrB(14)	icd(16)	mdh(24)	purA(8)	recA(14)
M	GCA_050938795.1	ecoli_achtman_4	3941	adk(6)	fumC(511)	gyrB(4)	icd(10)	mdh(7)	purA(8)	recA(6)
M	GCA_050938815.1	ecoli_achtman_4	453	adk(99)	fumC(6)	gyrB(33)	icd(33)	mdh(24)	purA(8)	recA(7)
M	GCA_050938835.1	senterica_achtman_2	-	aroC(621)	dnaN(559)	hemD(494)	hisD(765?)	purE(615)	sucA(581)	thrA(695)
M	GCA_050938855.1	ecoli_achtman_4	7518	adk(6)	fumC(6)	gyrB(644)	icd(26)	mdh(11)	purA(8)	recA(2)
M	GCA_050938875.1	ecoli_achtman_4	297	adk(6)	fumC(65)	gyrB(32)	icd(26)	mdh(9)	purA(8)	recA(2)
M	GCA_050938885.1	ecoli_achtman_4	162	adk(9)	fumC(65)	gyrB(5)	icd(1)	mdh(9)	purA(13)	recA(6)
M	GCA_050938935.1	ecoli_achtman_4	23	adk(6)	fumC(4)	gyrB(12)	icd(1)	mdh(20)	purA(13)	recA(7)
M	GCA_050938975.1	ecoli_achtman_4	162	adk(9)	fumC(65)	gyrB(5)	icd(1)	mdh(9)	purA(13)	recA(6)
M	GCA_050939015.1	ecoli_achtman_4	162	adk(9)	fumC(65)	gyrB(5)	icd(1)	mdh(9)	purA(13)	recA(6)
M	GCA_050939035.1	ecoli_achtman_4	7139	adk(10)	fumC(11)	gyrB(4)	icd(724)	mdh(8)	purA(8)	recA(2)
M	GCA_050939055.1	ecoli_achtman_4	11956	adk(10)	fumC(11)	gyrB(5)	icd(8)	mdh(7)	purA(18)	recA(2)
M	GCA_050939075.1	ecoli_achtman_4	162	adk(9)	fumC(65)	gyrB(5)	icd(1)	mdh(9)	purA(13)	recA(6)
M	GCA_050939115.1	ecoli_achtman_4	8492	adk(6)	fumC(65)	gyrB(32)	icd(26)	mdh(11)	purA(8)	recA(6)
M	GCA_050939135.1	ecoli_achtman_4	8492	adk(6)	fumC(65)	gyrB(32)	icd(26)	mdh(11)	purA(8)	recA(6)
M	GCA_050939155.1	ecoli_achtman_4	93	adk(6)	fumC(11)	gyrB(4)	icd(10)	mdh(7)	purA(8)	recA(6)
M	GCA_050939175.1	ecoli_achtman_4	-	adk(6)	fumC(11)	gyrB(4)	icd(8)	mdh(276)	purA(8)	recA(6)
M	GCA_050939195.1	ecoli_achtman_4	117	adk(20)	fumC(45)	gyrB(41)	icd(43)	mdh(5)	purA(32)	recA(2)
M	GCA_050939215.1	ecoli_achtman_4	162	adk(9)	fumC(65)	gyrB(5)	icd(1)	mdh(9)	purA(13)	recA(6)
M	GCA_050939235.1	ecoli_achtman_4	101	adk(43)	fumC(41)	gyrB(15)	icd(18)	mdh(11)	purA(7)	recA(6)
M	GCA_050939295.1	ecoli_achtman_4	354	adk(85)	fumC(88)	gyrB(78)	icd(29)	mdh(59)	purA(58)	recA(62)
M	GCA_050939315.1	ecoli_achtman_4	616	adk(6)	fumC(4)	gyrB(12)	icd(16)	mdh(24)	purA(8)	recA(14)
M	GCA_050939335.1	ecoli_achtman_4	616	adk(6)	fumC(4)	gyrB(12)	icd(16)	mdh(24)	purA(8)	recA(14)
M	GCA_050939375.1	ecoli_achtman_4	616	adk(6)	fumC(4)	gyrB(12)	icd(16)	mdh(24)	purA(8)	recA(14)
M	GCA_050939415.1	ecoli_achtman_4	101	adk(43)	fumC(41)	gyrB(15)	icd(18)	mdh(11)	purA(7)	recA(6)
M	GCA_050939515.1	ecoli_achtman_4	93	adk(6)	fumC(11)	gyrB(4)	icd(10)	mdh(7)	purA(8)	recA(6)
M	GCA_050939535.1	ecoli_achtman_4	616	adk(6)	fumC(4)	gyrB(12)	icd(16)	mdh(24)	purA(8)	recA(14)
M	GCA_051305755.1	ecoli_achtman_4	224	adk(6)	fumC(4)	gyrB(33)	icd(16)	mdh(11)	purA(8)	recA(6)
M	GCA_053044225.1	ecoli_achtman_4	155	adk(6)	fumC(4)	gyrB(14)	icd(16)	mdh(24)	purA(8)	recA(14)
M	GCA_053044235.1	ecoli_achtman_4	155	adk(6)	fumC(4)	gyrB(14)	icd(16)	mdh(24)	purA(8)	recA(14)
M	GCA_053044255.1	ecoli_achtman_4	155	adk(6)	fumC(4)	gyrB(14)	icd(16)	mdh(24)	purA(8)	recA(14)
M	GCA_053044345.1	ecoli_achtman_4	155	adk(6)	fumC(4)	gyrB(14)	icd(16)	mdh(24)	purA(8)	recA(14)
M	GCA_053044365.1	ecoli_achtman_4	155	adk(6)	fumC(4)	gyrB(14)	icd(16)	mdh(24)	purA(8)	recA(14)
M	GCA_053291725.1	ecoli_achtman_4	57	adk(6)	fumC(31)	gyrB(5)	icd(28)	mdh(1)	purA(1)	recA(2)
M	GCA_054353075.1	ecoli_achtman_4	10	adk(10)	fumC(11)	gyrB(4)	icd(8)	mdh(8)	purA(8)	recA(2)
M	GCA_055786505.1	ecoli_achtman_4	162	adk(9)	fumC(65)	gyrB(5)	icd(1)	mdh(9)	purA(13)	recA(6)
M	GCA_055786575.1	ecoli_achtman_4	10	adk(10)	fumC(11)	gyrB(4)	icd(8)	mdh(8)	purA(8)	recA(2)
M	GCA_055786625.1	ecoli_achtman_4	162	adk(9)	fumC(65)	gyrB(5)	icd(1)	mdh(9)	purA(13)	recA(6)
M	GCA_056711405.1	ecoli_achtman_4	9697	adk(6)	fumC(4)	gyrB(4)	icd(16)	mdh(9)	purA(8)	recA(7)
M	GCA_056837825.1	ecoli_achtman_4	9697	adk(6)	fumC(4)	gyrB(4)	icd(16)	mdh(9)	purA(8)	recA(7)
M	GCA_056837865.1	ecoli_achtman_4	69	adk(21)	fumC(35)	gyrB(27)	icd(6)	mdh(5)	purA(5)	recA(4)
M	GCA_056837885.1	ecoli_achtman_4	-	adk(203)	fumC(~210)	gyrB(308)	icd(25)	mdh(4)	purA(16)	recA(19)
M	GCA_056837905.1	ecoli_achtman_4	117	adk(20)	fumC(45)	gyrB(41)	icd(43)	mdh(5)	purA(32)	recA(2)
M	GCA_056837925.1	ecoli_achtman_4	167	adk(10)	fumC(11)	gyrB(4)	icd(8)	mdh(8)	purA(13)	recA(2)
M	GCA_056837985.1	ecoli_achtman_4	1011	adk(6)	fumC(4)	gyrB(159)	icd(44)	mdh(112)	purA(1)	recA(17)
M	GCA_977857605.1	ecoli_achtman_4	5625	adk(10)	fumC(7)	gyrB(4)	icd(10)	mdh(12)	purA(8)	recA(86)
M	GCA_988286365.1	ecoli_achtman_4	410	adk(6)	fumC(4)	gyrB(12)	icd(1)	mdh(20)	purA(18)	recA(7)