Sample	sample_id	molecule_type	primary_cluster_id	secondary_cluster_id	contig_id	size	gc	md5	circularity_status	rep_type(s)	rep_type_accession(s)	relaxase_type(s)	relaxase_type_accession(s)	mpf_type	mpf_type_accession(s)	orit_type(s)	orit_accession(s)	predicted_mobility	mash_nearest_neighbor	mash_neighbor_distance	mash_neighbor_identification	repetitive_dna_id	repetitive_dna_type	filtering_reason
GCA_003795445.1_GCA_003795445.1_ASM379544v1	GCA_003795445.1_GCA_003795445.1_ASM379544v1_uncompressed	chromosome	-	-	QJRZ01000001.1 Escherichia coli strain PN256E8 NODE_243_length_215_cov_48.2637_ID_485, whole genome shotgun sequence	215	0.7348837209302326	cb2557210d00067ce1d5d955a16739b3	circular	-	-	-	-	-	-	-	-	-	-	-	-	-	-	-
GCA_003795445.1_GCA_003795445.1_ASM379544v1	GCA_003795445.1_GCA_003795445.1_ASM379544v1_uncompressed	chromosome	-	-	QJRZ01000002.1 Escherichia coli strain PN256E8 NODE_242_length_222_cov_86.433_ID_483, whole genome shotgun sequence	222	0.7297297297297297	36d8eaeb2cbbd2aa852b0963bf26ed91	circular	-	-	-	-	-	-	-	-	-	-	-	-	-	-	-
GCA_003795445.1_GCA_003795445.1_ASM379544v1	GCA_003795445.1_GCA_003795445.1_ASM379544v1_uncompressed	chromosome	-	-	QJRZ01000003.1 Escherichia coli strain PN256E8 NODE_240_length_234_cov_965.243_ID_479, whole genome shotgun sequence	234	0.5598290598290598	dc9df2ab537b511284adb0fa3d7f32ae	incomplete	-	-	-	-	-	-	-	-	-	-	-	-	-	-	-
GCA_003795445.1_GCA_003795445.1_ASM379544v1	GCA_003795445.1_GCA_003795445.1_ASM379544v1_uncompressed	chromosome	-	-	QJRZ01000004.1 Escherichia coli strain PN256E8 NODE_239_length_239_cov_14.1607_ID_477, whole genome shotgun sequence	239	0.502092050209205	5ca98d66371c68c1b3362c7198f8579b	incomplete	-	-	-	-	-	-	-	-	-	-	-	-	-	-	-
GCA_003795445.1_GCA_003795445.1_ASM379544v1	GCA_003795445.1_GCA_003795445.1_ASM379544v1_uncompressed	chromosome	-	-	QJRZ01000005.1 Escherichia coli strain PN256E8 NODE_238_length_252_cov_48.368_ID_475, whole genome shotgun sequence	252	0.6111111111111112	c59dac634767851cbeef64d1bf0c58c8	incomplete	-	-	-	-	-	-	-	-	-	-	-	-	-	-	-
GCA_003795445.1_GCA_003795445.1_ASM379544v1	GCA_003795445.1_GCA_003795445.1_ASM379544v1_uncompressed	chromosome	-	-	QJRZ01000006.1 Escherichia coli strain PN256E8 NODE_237_length_254_cov_87.4409_ID_473, whole genome shotgun sequence	254	0.531496062992126	7d5084c0a40530e294caf7d3c3cf7f4c	incomplete	-	-	-	-	-	-	-	-	-	-	-	-	-	-	-
GCA_003795445.1_GCA_003795445.1_ASM379544v1	GCA_003795445.1_GCA_003795445.1_ASM379544v1_uncompressed	chromosome	-	-	QJRZ01000007.1 Escherichia coli strain PN256E8 NODE_236_length_265_cov_78.2826_ID_471, whole genome shotgun sequence	265	0.5018867924528302	f54b3717b53cc0daaa88a3993e84214f	incomplete	-	-	-	-	-	-	-	-	-	-	-	-	-	-	-
GCA_003795445.1_GCA_003795445.1_ASM379544v1	GCA_003795445.1_GCA_003795445.1_ASM379544v1_uncompressed	chromosome	-	-	QJRZ01000008.1 Escherichia coli strain PN256E8 NODE_234_length_324_cov_21.2893_ID_467, whole genome shotgun sequence	324	0.7222222222222222	7229466e14033eaff44dbbd3d1bbc376	circular	-	-	-	-	-	-	-	-	-	-	-	-	-	-	-
GCA_003795445.1_GCA_003795445.1_ASM379544v1	GCA_003795445.1_GCA_003795445.1_ASM379544v1_uncompressed	chromosome	-	-	QJRZ01000009.1 Escherichia coli strain PN256E8 NODE_230_length_429_cov_0.84106_ID_459, whole genome shotgun sequence	429	0.337995337995338	8ab75c313fbb50718be3cedcbdd432e3	incomplete	-	-	-	-	-	-	-	-	-	-	-	-	-	-	-
GCA_003795445.1_GCA_003795445.1_ASM379544v1	GCA_003795445.1_GCA_003795445.1_ASM379544v1_uncompressed	chromosome	-	-	QJRZ01000010.1 Escherichia coli strain PN256E8 NODE_228_length_429_cov_0.701987_ID_455, whole genome shotgun sequence	429	0.5617715617715617	9ac3c52255da3d38aa30ab8afde7615e	incomplete	-	-	-	-	-	-	-	-	-	-	-	-	-	-	-
GCA_003795445.1_GCA_003795445.1_ASM379544v1	GCA_003795445.1_GCA_003795445.1_ASM379544v1_uncompressed	chromosome	-	-	QJRZ01000011.1 Escherichia coli strain PN256E8 NODE_107_length_4564_cov_12.1672_ID_213, whole genome shotgun sequence	4564	0.3908851884312007	e89fb439506c686bba45299b3f3371df	incomplete	-	-	-	-	-	-	-	-	-	-	-	-	-	-	-
GCA_003795445.1_GCA_003795445.1_ASM379544v1	GCA_003795445.1_GCA_003795445.1_ASM379544v1_uncompressed	plasmid	AA738	AJ047	QJRZ01000012.1 Escherichia coli strain PN256E8 NODE_102_length_5285_cov_71.8868_ID_203, whole genome shotgun sequence	5285	0.5608325449385052	eb4071795aad71ac14777027db8f1fb5	incomplete	-	-	-	-	-	-	-	-	-	MH522425	0.00511931	Salmonella enterica subsp. enterica serovar Typhimurium	-	-	-
GCA_003795445.1_GCA_003795445.1_ASM379544v1	GCA_003795445.1_GCA_003795445.1_ASM379544v1_uncompressed	chromosome	-	-	QJRZ01000013.1 Escherichia coli strain PN256E8 NODE_57_length_23692_cov_20.6024_ID_113, whole genome shotgun sequence	23692	0.49611683268613876	46e7773de2aa31267f6ee9280ea05060	incomplete	-	-	-	-	-	-	-	-	-	-	-	-	-	-	-
GCA_003795445.1_GCA_003795445.1_ASM379544v1	GCA_003795445.1_GCA_003795445.1_ASM379544v1_uncompressed	plasmid	AA738	AJ047	QJRZ01000014.1 Escherichia coli strain PN256E8 NODE_100_length_5447_cov_98.7329_ID_199, whole genome shotgun sequence	5447	0.5882136956122637	41ada295cda00444ada5f79562dc2741	incomplete	-	-	-	-	-	-	-	-	-	MH522425	0.00511931	Salmonella enterica subsp. enterica serovar Typhimurium	-	-	-
GCA_003795445.1_GCA_003795445.1_ASM379544v1	GCA_003795445.1_GCA_003795445.1_ASM379544v1_uncompressed	chromosome	-	-	QJRZ01000015.1 Escherichia coli strain PN256E8 NODE_51_length_27543_cov_24.5407_ID_101, whole genome shotgun sequence	27543	0.49892894746396543	e45e5fc12dc1dfe8dd3554e9bf039be7	incomplete	-	-	-	-	-	-	-	-	-	-	-	-	-	-	-
GCA_003795445.1_GCA_003795445.1_ASM379544v1	GCA_003795445.1_GCA_003795445.1_ASM379544v1_uncompressed	chromosome	-	-	QJRZ01000016.1 Escherichia coli strain PN256E8 NODE_99_length_5629_cov_21.8653_ID_197, whole genome shotgun sequence	5629	0.48712027003020075	e2e22c3768be45cbfaab1898023b0613	incomplete	-	-	-	-	-	-	-	-	-	-	-	-	-	-	-
GCA_003795445.1_GCA_003795445.1_ASM379544v1	GCA_003795445.1_GCA_003795445.1_ASM379544v1_uncompressed	chromosome	-	-	QJRZ01000017.1 Escherichia coli strain PN256E8 NODE_94_length_6496_cov_41.8287_ID_187, whole genome shotgun sequence	6496	0.5035406403940886	b50dce32384e41084f9f45e0802271e3	incomplete	-	-	-	-	-	-	-	-	-	-	-	-	-	-	-
GCA_003795445.1_GCA_003795445.1_ASM379544v1	GCA_003795445.1_GCA_003795445.1_ASM379544v1_uncompressed	plasmid	AA738	AJ047	QJRZ01000018.1 Escherichia coli strain PN256E8 NODE_123_length_2943_cov_35.6651_ID_245, whole genome shotgun sequence	2943	0.46449201495073056	c39a909d8e12f9c5aeb9f3638fd85be8	incomplete	-	-	-	-	-	-	-	-	-	MH522425	0.00511931	Salmonella enterica subsp. enterica serovar Typhimurium	KY689632	ISApl1	repetitve element
GCA_003795445.1_GCA_003795445.1_ASM379544v1	GCA_003795445.1_GCA_003795445.1_ASM379544v1_uncompressed	chromosome	-	-	QJRZ01000019.1 Escherichia coli strain PN256E8 NODE_63_length_21224_cov_36.4031_ID_125, whole genome shotgun sequence	21224	0.5176215604975499	cd7884b571c97a6e4f15f2222350c02c	incomplete	-	-	-	-	-	-	-	-	-	-	-	-	-	-	-
GCA_003795445.1_GCA_003795445.1_ASM379544v1	GCA_003795445.1_GCA_003795445.1_ASM379544v1_uncompressed	chromosome	-	-	QJRZ01000020.1 Escherichia coli strain PN256E8 NODE_82_length_9497_cov_17.8354_ID_163, whole genome shotgun sequence	9497	0.4522480783405286	213816ee5661eb688c0e90a29fb7b16e	incomplete	-	-	-	-	-	-	-	-	-	-	-	-	-	-	-
GCA_003795445.1_GCA_003795445.1_ASM379544v1	GCA_003795445.1_GCA_003795445.1_ASM379544v1_uncompressed	chromosome	-	-	QJRZ01000021.1 Escherichia coli strain PN256E8 NODE_232_length_386_cov_780.27_ID_463, whole genome shotgun sequence	386	0.5103626943005182	de131f4692972a8f0a171a602241c408	incomplete	-	-	-	-	-	-	-	-	-	-	-	-	-	-	-
GCA_003795445.1_GCA_003795445.1_ASM379544v1	GCA_003795445.1_GCA_003795445.1_ASM379544v1_uncompressed	chromosome	-	-	QJRZ01000022.1 Escherichia coli strain PN256E8 NODE_104_length_4994_cov_23.4103_ID_207, whole genome shotgun sequence	4994	0.4897877452943532	c1ce5aea67671c6193740841496ecf53	incomplete	-	-	-	-	-	-	-	-	-	-	-	-	-	-	-
GCA_003795445.1_GCA_003795445.1_ASM379544v1	GCA_003795445.1_GCA_003795445.1_ASM379544v1_uncompressed	chromosome	-	-	QJRZ01000023.1 Escherichia coli strain PN256E8 NODE_91_length_7432_cov_27.2522_ID_181, whole genome shotgun sequence	7432	0.46797631862217437	d0cf300247d8282f3a0e3c7d79386fc4	incomplete	-	-	-	-	-	-	-	-	-	-	-	-	-	-	-
GCA_003795445.1_GCA_003795445.1_ASM379544v1	GCA_003795445.1_GCA_003795445.1_ASM379544v1_uncompressed	chromosome	-	-	QJRZ01000024.1 Escherichia coli strain PN256E8 NODE_233_length_337_cov_57.3619_ID_465, whole genome shotgun sequence	337	0.6973293768545994	4dc5de949f0c6c21c0185f8f9f5220fd	incomplete	-	-	-	-	-	-	-	-	-	-	-	-	-	-	-
GCA_003795445.1_GCA_003795445.1_ASM379544v1	GCA_003795445.1_GCA_003795445.1_ASM379544v1_uncompressed	plasmid	AA738	AJ047	QJRZ01000025.1 Escherichia coli strain PN256E8 NODE_105_length_4990_cov_121.305_ID_209, whole genome shotgun sequence	4990	0.6294589178356713	e65e1e217fba7386b81283ce0d3e45ba	incomplete	-	-	-	-	-	-	-	-	-	MH522425	0.00511931	Salmonella enterica subsp. enterica serovar Typhimurium	CP001182	IS15	repetitve element
GCA_003795445.1_GCA_003795445.1_ASM379544v1	GCA_003795445.1_GCA_003795445.1_ASM379544v1_uncompressed	chromosome	-	-	QJRZ01000026.1 Escherichia coli strain PN256E8 NODE_9_length_125295_cov_39.6683_ID_17, whole genome shotgun sequence	125295	0.5030527954028493	7d6d274a64e808c34dafa0f11eb3197b	incomplete	-	-	-	-	-	-	-	-	-	-	-	-	-	-	-
GCA_003795445.1_GCA_003795445.1_ASM379544v1	GCA_003795445.1_GCA_003795445.1_ASM379544v1_uncompressed	chromosome	-	-	QJRZ01000027.1 Escherichia coli strain PN256E8 NODE_85_length_8978_cov_19.8999_ID_169, whole genome shotgun sequence	8978	0.4269325016707507	657d4743ee69c484e18ac9b1ea7736e9	incomplete	-	-	-	-	-	-	-	-	-	-	-	-	-	-	-
GCA_003795445.1_GCA_003795445.1_ASM379544v1	GCA_003795445.1_GCA_003795445.1_ASM379544v1_uncompressed	chromosome	-	-	QJRZ01000028.1 Escherichia coli strain PN256E8 NODE_12_length_111139_cov_27.0103_ID_23, whole genome shotgun sequence	111139	0.5149587453549159	1e6bf7107e8ed461c826683656244577	incomplete	-	-	-	-	-	-	-	-	-	-	-	-	-	-	-
GCA_003795445.1_GCA_003795445.1_ASM379544v1	GCA_003795445.1_GCA_003795445.1_ASM379544v1_uncompressed	chromosome	-	-	QJRZ01000029.1 Escherichia coli strain PN256E8 NODE_235_length_268_cov_56.7447_ID_469, whole genome shotgun sequence	268	0.7276119402985075	7c49cf6cee8b1fa65508336bf574736c	circular	-	-	-	-	-	-	-	-	-	-	-	-	-	-	-
GCA_003795445.1_GCA_003795445.1_ASM379544v1	GCA_003795445.1_GCA_003795445.1_ASM379544v1_uncompressed	chromosome	-	-	QJRZ01000030.1 Escherichia coli strain PN256E8 NODE_219_length_454_cov_0.911315_ID_437, whole genome shotgun sequence	454	0.539647577092511	c0c2cc865927d8c6cc2081a637aedb85	incomplete	-	-	-	-	-	-	-	-	-	-	-	-	-	-	-
GCA_003795445.1_GCA_003795445.1_ASM379544v1	GCA_003795445.1_GCA_003795445.1_ASM379544v1_uncompressed	chromosome	-	-	QJRZ01000031.1 Escherichia coli strain PN256E8 NODE_84_length_9224_cov_27.8573_ID_167, whole genome shotgun sequence	9224	0.46259757155247183	93da7b28a53b3f59eac03f5f04bd9d50	incomplete	-	-	-	-	-	-	-	-	-	-	-	-	-	-	-
GCA_003795445.1_GCA_003795445.1_ASM379544v1	GCA_003795445.1_GCA_003795445.1_ASM379544v1_uncompressed	chromosome	-	-	QJRZ01000032.1 Escherichia coli strain PN256E8 NODE_167_length_798_cov_73.693_ID_333, whole genome shotgun sequence	798	0.47117794486215536	0afa8b40f12ea8fa57c66329eafbc063	incomplete	-	-	-	-	-	-	-	-	-	-	-	-	-	-	-
GCA_003795445.1_GCA_003795445.1_ASM379544v1	GCA_003795445.1_GCA_003795445.1_ASM379544v1_uncompressed	chromosome	-	-	QJRZ01000033.1 Escherichia coli strain PN256E8 NODE_95_length_6470_cov_22.2335_ID_189, whole genome shotgun sequence	6470	0.49119010819165376	f2002579adc6ce3e5e8a9f0c5902d64c	incomplete	-	-	-	-	-	-	-	-	-	-	-	-	-	-	-
GCA_003795445.1_GCA_003795445.1_ASM379544v1	GCA_003795445.1_GCA_003795445.1_ASM379544v1_uncompressed	chromosome	-	-	QJRZ01000034.1 Escherichia coli strain PN256E8 NODE_241_length_224_cov_36.8866_ID_481, whole genome shotgun sequence	224	0.7366071428571429	68cc18732365b4f7901e9c8559170b48	circular	-	-	-	-	-	-	-	-	-	-	-	-	-	-	-
GCA_003795445.1_GCA_003795445.1_ASM379544v1	GCA_003795445.1_GCA_003795445.1_ASM379544v1_uncompressed	chromosome	-	-	QJRZ01000035.1 Escherichia coli strain PN256E8 NODE_80_length_9690_cov_20.8997_ID_159, whole genome shotgun sequence	9690	0.48111455108359136	a1cf1c646ede8e5fea9cb2f0b9aac99a	incomplete	-	-	-	-	-	-	-	-	-	-	-	-	-	-	-
GCA_003795445.1_GCA_003795445.1_ASM379544v1	GCA_003795445.1_GCA_003795445.1_ASM379544v1_uncompressed	chromosome	-	-	QJRZ01000036.1 Escherichia coli strain PN256E8 NODE_78_length_11595_cov_18.1418_ID_155, whole genome shotgun sequence	11595	0.4716688227684347	2cf4b124d183c2eb955e77c06672f5c6	incomplete	-	-	-	-	-	-	-	-	-	-	-	-	-	-	-
GCA_003795445.1_GCA_003795445.1_ASM379544v1	GCA_003795445.1_GCA_003795445.1_ASM379544v1_uncompressed	chromosome	-	-	QJRZ01000037.1 Escherichia coli strain PN256E8 NODE_5_length_155240_cov_35.7215_ID_9, whole genome shotgun sequence	155240	0.5108412780211286	8f4235c4dc3ec8b52c87c8dcc07af11a	incomplete	-	-	-	-	-	-	-	-	-	-	-	-	-	-	-
GCA_003795445.1_GCA_003795445.1_ASM379544v1	GCA_003795445.1_GCA_003795445.1_ASM379544v1_uncompressed	chromosome	-	-	QJRZ01000038.1 Escherichia coli strain PN256E8 NODE_169_length_794_cov_1.55772_ID_337, whole genome shotgun sequence	794	0.28337531486146095	c699b1b7916e2608b2a952045a9ece6a	incomplete	-	-	-	-	-	-	-	-	-	-	-	-	-	-	-
GCA_003795445.1_GCA_003795445.1_ASM379544v1	GCA_003795445.1_GCA_003795445.1_ASM379544v1_uncompressed	plasmid	AA551	AI743	QJRZ01000039.1 Escherichia coli strain PN256E8 NODE_71_length_13796_cov_77.9595_ID_141, whole genome shotgun sequence	13796	0.49064946361264133	7a139968b1331ec3f1d663a8449642e0	incomplete	-	-	-	-	MPF_T,MPF_T,MPF_T,MPF_T,MPF_T	NC_008612_00190,NC_007682_00044,NC_014368_00014,NC_011617_00041,NC_009131_00030	-	-	-	NC_019098	0.00470559	Escherichia coli	-	-	-
GCA_003795445.1_GCA_003795445.1_ASM379544v1	GCA_003795445.1_GCA_003795445.1_ASM379544v1_uncompressed	chromosome	-	-	QJRZ01000040.1 Escherichia coli strain PN256E8 NODE_64_length_20192_cov_25.7949_ID_127, whole genome shotgun sequence	20192	0.5181259904912837	5a51d8b95e5c1464b6054385bc1f1045	incomplete	-	-	-	-	-	-	-	-	-	-	-	-	-	-	-
GCA_003795445.1_GCA_003795445.1_ASM379544v1	GCA_003795445.1_GCA_003795445.1_ASM379544v1_uncompressed	chromosome	-	-	QJRZ01000041.1 Escherichia coli strain PN256E8 NODE_48_length_30702_cov_24.9607_ID_95, whole genome shotgun sequence	30702	0.4737802097583219	a602cce3106f7d276b6c6fb8c6f01fca	incomplete	-	-	-	-	-	-	-	-	-	-	-	-	-	-	-
GCA_003795445.1_GCA_003795445.1_ASM379544v1	GCA_003795445.1_GCA_003795445.1_ASM379544v1_uncompressed	chromosome	-	-	QJRZ01000042.1 Escherichia coli strain PN256E8 NODE_47_length_30987_cov_42.8834_ID_93, whole genome shotgun sequence	30987	0.5327072643366573	b6d16126d5e771fc6b88606bf7edec48	incomplete	-	-	-	-	-	-	-	-	-	-	-	-	-	-	-
GCA_003795445.1_GCA_003795445.1_ASM379544v1	GCA_003795445.1_GCA_003795445.1_ASM379544v1_uncompressed	chromosome	-	-	QJRZ01000043.1 Escherichia coli strain PN256E8 NODE_68_length_14309_cov_25.4356_ID_135, whole genome shotgun sequence	14309	0.5061150324970298	7ec9cb1b1e403ceec2d86915ff415abc	incomplete	-	-	-	-	-	-	-	-	-	-	-	-	-	-	-
GCA_003795445.1_GCA_003795445.1_ASM379544v1	GCA_003795445.1_GCA_003795445.1_ASM379544v1_uncompressed	chromosome	-	-	QJRZ01000044.1 Escherichia coli strain PN256E8 NODE_122_length_2985_cov_10.2757_ID_243, whole genome shotgun sequence	2985	0.36549413735343383	5d096f512933259b68c40a71029c6365	incomplete	-	-	-	-	-	-	-	-	-	-	-	-	-	-	-
GCA_003795445.1_GCA_003795445.1_ASM379544v1	GCA_003795445.1_GCA_003795445.1_ASM379544v1_uncompressed	chromosome	-	-	QJRZ01000045.1 Escherichia coli strain PN256E8 NODE_65_length_18251_cov_31.7172_ID_129, whole genome shotgun sequence	18251	0.5016711413073256	aa4c3a8d9cc21f1312437fe9f5b41d9c	incomplete	-	-	-	-	-	-	-	-	-	-	-	-	-	-	-
GCA_003795445.1_GCA_003795445.1_ASM379544v1	GCA_003795445.1_GCA_003795445.1_ASM379544v1_uncompressed	chromosome	-	-	QJRZ01000046.1 Escherichia coli strain PN256E8 NODE_101_length_5292_cov_272.261_ID_201, whole genome shotgun sequence	5292	0.53125	83cf7d4df650300c73d624ab0a551c9e	incomplete	-	-	-	-	-	-	-	-	-	-	-	-	-	-	-
GCA_003795445.1_GCA_003795445.1_ASM379544v1	GCA_003795445.1_GCA_003795445.1_ASM379544v1_uncompressed	plasmid	AA551	AI743	QJRZ01000047.1 Escherichia coli strain PN256E8 NODE_72_length_13323_cov_56.245_ID_143, whole genome shotgun sequence	13323	0.49921188921414095	2a4be62781ecc71a106304febda47768	incomplete	-	-	MOBF	NC_015599_00019	MPF_T	NC_022375_00024	MOBF	NZ_CP013027	-	NC_019098	0.00470559	Escherichia coli	-	-	-
GCA_003795445.1_GCA_003795445.1_ASM379544v1	GCA_003795445.1_GCA_003795445.1_ASM379544v1_uncompressed	chromosome	-	-	QJRZ01000048.1 Escherichia coli strain PN256E8 NODE_188_length_578_cov_128.576_ID_375, whole genome shotgun sequence	578	0.47750865051903113	c9f7697181ee9d244875c830326aef8b	incomplete	-	-	-	-	-	-	-	-	-	-	-	-	-	-	-
GCA_003795445.1_GCA_003795445.1_ASM379544v1	GCA_003795445.1_GCA_003795445.1_ASM379544v1_uncompressed	chromosome	-	-	QJRZ01000049.1 Escherichia coli strain PN256E8 NODE_37_length_39194_cov_35.5816_ID_73, whole genome shotgun sequence	39194	0.5219676481094045	e515d2276d4a1e1fa4dcc72dfa36aa71	incomplete	-	-	-	-	-	-	-	-	-	-	-	-	-	-	-
GCA_003795445.1_GCA_003795445.1_ASM379544v1	GCA_003795445.1_GCA_003795445.1_ASM379544v1_uncompressed	chromosome	-	-	QJRZ01000050.1 Escherichia coli strain PN256E8 NODE_147_length_1222_cov_84.653_ID_293, whole genome shotgun sequence	1222	0.45499181669394434	ef2201d25d609ff8e051b64b02572263	incomplete	-	-	-	-	-	-	-	-	-	-	-	-	NC_000913	IS30D	repetitve element
GCA_003795445.1_GCA_003795445.1_ASM379544v1	GCA_003795445.1_GCA_003795445.1_ASM379544v1_uncompressed	chromosome	-	-	QJRZ01000051.1 Escherichia coli strain PN256E8 NODE_88_length_8283_cov_31.1789_ID_175, whole genome shotgun sequence	8283	0.4662561873717252	788b237a150da17059c2bd2eccdf35f2	incomplete	-	-	-	-	-	-	-	-	-	-	-	-	-	-	-
GCA_003795445.1_GCA_003795445.1_ASM379544v1	GCA_003795445.1_GCA_003795445.1_ASM379544v1_uncompressed	chromosome	-	-	QJRZ01000052.1 Escherichia coli strain PN256E8 NODE_1_length_268866_cov_36.0715_ID_1, whole genome shotgun sequence	268866	0.5124448610088297	1def05cc325673fa80be89da17b70c7d	incomplete	-	-	-	-	-	-	-	-	-	-	-	-	-	-	-
GCA_003795445.1_GCA_003795445.1_ASM379544v1	GCA_003795445.1_GCA_003795445.1_ASM379544v1_uncompressed	chromosome	-	-	QJRZ01000053.1 Escherichia coli strain PN256E8 NODE_23_length_77812_cov_23.2742_ID_45, whole genome shotgun sequence	77812	0.5139824191641392	16ed0ca72dcdf5974c396e47d0dd632e	incomplete	-	-	-	-	-	-	-	-	-	-	-	-	-	-	-
GCA_003795445.1_GCA_003795445.1_ASM379544v1	GCA_003795445.1_GCA_003795445.1_ASM379544v1_uncompressed	chromosome	-	-	QJRZ01000054.1 Escherichia coli strain PN256E8 NODE_171_length_746_cov_34.6462_ID_341, whole genome shotgun sequence	746	0.5294906166219839	232b01dfb26b97919a20d22490351e81	incomplete	-	-	-	-	-	-	-	-	-	-	-	-	-	-	-
GCA_003795445.1_GCA_003795445.1_ASM379544v1	GCA_003795445.1_GCA_003795445.1_ASM379544v1_uncompressed	plasmid	AA738	AJ047	QJRZ01000055.1 Escherichia coli strain PN256E8 NODE_61_length_22280_cov_28.6774_ID_121, whole genome shotgun sequence	22280	0.44991023339317776	f6cce8212c53095b5c9b442813a52e86	incomplete	-	-	MOBH	NC_012555_00231	MPF_F	NC_005211_00207	-	-	-	MH522425	0.00511931	Salmonella enterica subsp. enterica serovar Typhimurium	-	-	-
GCA_003795445.1_GCA_003795445.1_ASM379544v1	GCA_003795445.1_GCA_003795445.1_ASM379544v1_uncompressed	chromosome	-	-	QJRZ01000056.1 Escherichia coli strain PN256E8 NODE_42_length_34972_cov_18.8922_ID_83, whole genome shotgun sequence	34901	0.48706340792527436	cfbe75687738ff70a22f96fca3fd1c01	incomplete	-	-	-	-	-	-	-	-	-	-	-	-	-	-	-
GCA_003795445.1_GCA_003795445.1_ASM379544v1	GCA_003795445.1_GCA_003795445.1_ASM379544v1_uncompressed	chromosome	-	-	QJRZ01000057.1 Escherichia coli strain PN256E8 NODE_77_length_11811_cov_25.471_ID_153, whole genome shotgun sequence	11811	0.5013123359580053	89e918ca366ad4e839b2d3d02368f738	incomplete	-	-	-	-	-	-	-	-	-	-	-	-	-	-	-
GCA_003795445.1_GCA_003795445.1_ASM379544v1	GCA_003795445.1_GCA_003795445.1_ASM379544v1_uncompressed	plasmid	AA738	AJ047	QJRZ01000058.1 Escherichia coli strain PN256E8 NODE_56_length_25310_cov_21.3058_ID_111, whole genome shotgun sequence	25310	0.40726985381272224	6035e47e653900cb07f612019ec391d7	incomplete	IncHI2A	BX664015	-	-	MPF_F,MPF_F,MPF_T	NC_005211_00005,NC_009838_00006,NC_005211_00012	-	-	-	MH522425	0.00511931	Salmonella enterica subsp. enterica serovar Typhimurium	-	-	-
GCA_003795445.1_GCA_003795445.1_ASM379544v1	GCA_003795445.1_GCA_003795445.1_ASM379544v1_uncompressed	chromosome	-	-	QJRZ01000059.1 Escherichia coli strain PN256E8 NODE_55_length_25364_cov_21.1287_ID_109, whole genome shotgun sequence	25364	0.4996057404194922	795c08e9afae0bbdf7b2f938b8314835	incomplete	-	-	-	-	-	-	-	-	-	-	-	-	-	-	-
GCA_003795445.1_GCA_003795445.1_ASM379544v1	GCA_003795445.1_GCA_003795445.1_ASM379544v1_uncompressed	chromosome	-	-	QJRZ01000060.1 Escherichia coli strain PN256E8 NODE_87_length_8773_cov_16.4185_ID_173, whole genome shotgun sequence	8773	0.45902199931608345	c55af9c3172db49147fc233376d9db95	incomplete	-	-	-	-	-	-	-	-	-	-	-	-	-	-	-
GCA_003795445.1_GCA_003795445.1_ASM379544v1	GCA_003795445.1_GCA_003795445.1_ASM379544v1_uncompressed	chromosome	-	-	QJRZ01000061.1 Escherichia coli strain PN256E8 NODE_59_length_23350_cov_32.9206_ID_117, whole genome shotgun sequence	23350	0.5000428265524626	37914f80a2fd9b6c8d3ba3adf2d73f9e	incomplete	-	-	-	-	-	-	-	-	-	-	-	-	-	-	-
GCA_003795445.1_GCA_003795445.1_ASM379544v1	GCA_003795445.1_GCA_003795445.1_ASM379544v1_uncompressed	chromosome	-	-	QJRZ01000062.1 Escherichia coli strain PN256E8 NODE_53_length_27214_cov_40.2661_ID_105, whole genome shotgun sequence	27214	0.5125303152789006	1e8e7e8a7b37a5c176f3a011112e1be7	incomplete	-	-	-	-	-	-	-	-	-	-	-	-	-	-	-
GCA_003795445.1_GCA_003795445.1_ASM379544v1	GCA_003795445.1_GCA_003795445.1_ASM379544v1_uncompressed	chromosome	-	-	QJRZ01000063.1 Escherichia coli strain PN256E8 NODE_96_length_6095_cov_50.3324_ID_191, whole genome shotgun sequence	6095	0.5056603773584906	40867c2c438c04128e88d5fa6b35f124	incomplete	-	-	-	-	-	-	-	-	-	-	-	-	-	-	-
GCA_003795445.1_GCA_003795445.1_ASM379544v1	GCA_003795445.1_GCA_003795445.1_ASM379544v1_uncompressed	chromosome	-	-	QJRZ01000064.1 Escherichia coli strain PN256E8 NODE_20_length_84823_cov_35.8638_ID_39, whole genome shotgun sequence	84823	0.5042264480152788	16ac6cd400bfff8cb1bb4b6aa1749647	incomplete	-	-	-	-	-	-	-	-	-	-	-	-	-	-	-
GCA_003795445.1_GCA_003795445.1_ASM379544v1	GCA_003795445.1_GCA_003795445.1_ASM379544v1_uncompressed	chromosome	-	-	QJRZ01000065.1 Escherichia coli strain PN256E8 NODE_113_length_3955_cov_38.1063_ID_225, whole genome shotgun sequence	3955	0.6075853350189634	e73e99d7d852b676664d3680bd2bfce6	incomplete	-	-	-	-	-	-	-	-	-	-	-	-	-	-	-
GCA_003795445.1_GCA_003795445.1_ASM379544v1	GCA_003795445.1_GCA_003795445.1_ASM379544v1_uncompressed	chromosome	-	-	QJRZ01000066.1 Escherichia coli strain PN256E8 NODE_16_length_94776_cov_30.107_ID_31, whole genome shotgun sequence	94776	0.5127247404406179	93edd9f59c53e0c93deef9db4ba8b10b	incomplete	-	-	-	-	-	-	-	-	-	-	-	-	-	-	-
GCA_003795445.1_GCA_003795445.1_ASM379544v1	GCA_003795445.1_GCA_003795445.1_ASM379544v1_uncompressed	plasmid	AA738	AJ047	QJRZ01000067.1 Escherichia coli strain PN256E8 NODE_19_length_85436_cov_27.2305_ID_37, whole genome shotgun sequence	85436	0.4483121869001358	3c3d20379501747a3121269f55d08b6c	incomplete	rep_cluster_1088	000340__KU353730	-	-	MPF_F,MPF_F	NC_005211_00030,NC_021845_00017	-	-	-	MH522425	0.00511931	Salmonella enterica subsp. enterica serovar Typhimurium	-	-	-
GCA_003795445.1_GCA_003795445.1_ASM379544v1	GCA_003795445.1_GCA_003795445.1_ASM379544v1_uncompressed	chromosome	-	-	QJRZ01000068.1 Escherichia coli strain PN256E8 NODE_150_length_1128_cov_20.7133_ID_299, whole genome shotgun sequence	1128	0.4530141843971631	f0e5fa18b484f239fca8e2721b330495	incomplete	-	-	-	-	-	-	-	-	-	-	-	-	-	-	-
GCA_003795445.1_GCA_003795445.1_ASM379544v1	GCA_003795445.1_GCA_003795445.1_ASM379544v1_uncompressed	chromosome	-	-	QJRZ01000069.1 Escherichia coli strain PN256E8 NODE_8_length_126774_cov_39.3779_ID_15, whole genome shotgun sequence	126774	0.515121397131904	c63dee91035647a1d747db1806ea5d5a	incomplete	-	-	-	-	-	-	-	-	-	-	-	-	-	-	-
GCA_003795445.1_GCA_003795445.1_ASM379544v1	GCA_003795445.1_GCA_003795445.1_ASM379544v1_uncompressed	chromosome	-	-	QJRZ01000070.1 Escherichia coli strain PN256E8 NODE_7_length_138487_cov_25.8808_ID_13, whole genome shotgun sequence	138487	0.5170088167120379	6b3c51664243768d00f6b85f7ecbeaa5	incomplete	-	-	-	-	-	-	-	-	-	-	-	-	-	-	-
GCA_003795445.1_GCA_003795445.1_ASM379544v1	GCA_003795445.1_GCA_003795445.1_ASM379544v1_uncompressed	chromosome	-	-	QJRZ01000071.1 Escherichia coli strain PN256E8 NODE_127_length_2622_cov_15.8112_ID_253, whole genome shotgun sequence	2622	0.40427154843630814	b367c902fab17a640554c586e524f477	incomplete	-	-	-	-	-	-	-	-	-	-	-	-	-	-	-
GCA_003795445.1_GCA_003795445.1_ASM379544v1	GCA_003795445.1_GCA_003795445.1_ASM379544v1_uncompressed	plasmid	AA738	AJ047	QJRZ01000072.1 Escherichia coli strain PN256E8 NODE_67_length_17695_cov_30.2312_ID_133, whole genome shotgun sequence	17695	0.4604690590562306	a097d667493e7985f1793101c79f3323	incomplete	-	-	-	-	MPF_F	NC_005211_00200	-	-	-	MH522425	0.00511931	Salmonella enterica subsp. enterica serovar Typhimurium	-	-	-
GCA_003795445.1_GCA_003795445.1_ASM379544v1	GCA_003795445.1_GCA_003795445.1_ASM379544v1_uncompressed	chromosome	-	-	QJRZ01000073.1 Escherichia coli strain PN256E8 NODE_106_length_4571_cov_37.7453_ID_211, whole genome shotgun sequence	4571	0.47910741632028003	3d3973088e6fcbc8b69875da24030e54	incomplete	-	-	-	-	-	-	-	-	-	-	-	-	-	-	-
GCA_003795445.1_GCA_003795445.1_ASM379544v1	GCA_003795445.1_GCA_003795445.1_ASM379544v1_uncompressed	chromosome	-	-	QJRZ01000074.1 Escherichia coli strain PN256E8 NODE_15_length_101003_cov_28.8869_ID_29, whole genome shotgun sequence	101003	0.5218359850697504	3406a65473241c170bd77e5db36bc185	incomplete	-	-	-	-	-	-	-	-	-	-	-	-	-	-	-
GCA_003795445.1_GCA_003795445.1_ASM379544v1	GCA_003795445.1_GCA_003795445.1_ASM379544v1_uncompressed	chromosome	-	-	QJRZ01000075.1 Escherichia coli strain PN256E8 NODE_193_length_558_cov_63.6705_ID_385, whole genome shotgun sequence	558	0.489247311827957	ac8a96c28290d982acad218d38068ec5	incomplete	-	-	-	-	-	-	-	-	-	-	-	-	-	-	-
GCA_003795445.1_GCA_003795445.1_ASM379544v1	GCA_003795445.1_GCA_003795445.1_ASM379544v1_uncompressed	chromosome	-	-	QJRZ01000076.1 Escherichia coli strain PN256E8 NODE_14_length_102126_cov_30.2495_ID_27, whole genome shotgun sequence	102126	0.5069913636096587	2c161845b0fad016c28ae0b238b95e4b	incomplete	-	-	-	-	-	-	-	-	-	-	-	-	-	-	-
GCA_003795445.1_GCA_003795445.1_ASM379544v1	GCA_003795445.1_GCA_003795445.1_ASM379544v1_uncompressed	chromosome	-	-	QJRZ01000077.1 Escherichia coli strain PN256E8 NODE_13_length_105446_cov_25.276_ID_25, whole genome shotgun sequence	105446	0.51161732071392	54201e00a03e563f43b31efc6ba35034	incomplete	-	-	-	-	-	-	-	-	-	-	-	-	-	-	-
GCA_003795445.1_GCA_003795445.1_ASM379544v1	GCA_003795445.1_GCA_003795445.1_ASM379544v1_uncompressed	chromosome	-	-	QJRZ01000078.1 Escherichia coli strain PN256E8 NODE_11_length_115337_cov_22.5414_ID_21, whole genome shotgun sequence	115337	0.5030475909725414	a36d11502dba8db6941c39b87acb3cfc	incomplete	-	-	-	-	-	-	-	-	-	-	-	-	-	-	-
GCA_003795445.1_GCA_003795445.1_ASM379544v1	GCA_003795445.1_GCA_003795445.1_ASM379544v1_uncompressed	chromosome	-	-	QJRZ01000079.1 Escherichia coli strain PN256E8 NODE_74_length_12450_cov_35.9921_ID_147, whole genome shotgun sequence	12450	0.49542168674698794	4a82f5e778b768238647248380d810c7	incomplete	-	-	-	-	-	-	-	-	-	-	-	-	-	-	-
GCA_003795445.1_GCA_003795445.1_ASM379544v1	GCA_003795445.1_GCA_003795445.1_ASM379544v1_uncompressed	chromosome	-	-	QJRZ01000080.1 Escherichia coli strain PN256E8 NODE_216_length_456_cov_0.683891_ID_431, whole genome shotgun sequence	456	0.6513157894736842	fbff275d1a05512a56d6acacb71b7906	incomplete	-	-	-	-	-	-	-	-	-	-	-	-	-	-	-
GCA_003795445.1_GCA_003795445.1_ASM379544v1	GCA_003795445.1_GCA_003795445.1_ASM379544v1_uncompressed	plasmid	AA551	AI743	QJRZ01000081.1 Escherichia coli strain PN256E8 NODE_90_length_7819_cov_60.9988_ID_179, whole genome shotgun sequence	7819	0.5102954341987467	4f7f841ebe685886fb383448d9dbcb50	incomplete	IncN	000155__CP018649	-	-	-	-	-	-	-	NC_019098	0.00470559	Escherichia coli	-	-	-
GCA_003795445.1_GCA_003795445.1_ASM379544v1	GCA_003795445.1_GCA_003795445.1_ASM379544v1_uncompressed	chromosome	-	-	QJRZ01000082.1 Escherichia coli strain PN256E8 NODE_35_length_39587_cov_19.6938_ID_69, whole genome shotgun sequence	39587	0.48291105666001466	b2b206d0ef65f4eba9744d12356c9d69	incomplete	-	-	-	-	-	-	-	-	-	-	-	-	-	-	-
GCA_003795445.1_GCA_003795445.1_ASM379544v1	GCA_003795445.1_GCA_003795445.1_ASM379544v1_uncompressed	chromosome	-	-	QJRZ01000083.1 Escherichia coli strain PN256E8 NODE_10_length_118823_cov_20.8204_ID_19, whole genome shotgun sequence	118823	0.5039428393492842	bec4b1b964e383185650f7f7c4a8aa71	incomplete	-	-	-	-	-	-	-	-	-	-	-	-	-	-	-
GCA_003795445.1_GCA_003795445.1_ASM379544v1	GCA_003795445.1_GCA_003795445.1_ASM379544v1_uncompressed	plasmid	AA738	AJ047	QJRZ01000084.1 Escherichia coli strain PN256E8 NODE_131_length_2284_cov_31.3598_ID_261, whole genome shotgun sequence	2284	0.4798598949211909	b8f482fffd7ccce55202155ba8e8a73c	incomplete	-	-	-	-	-	-	-	-	-	MH522425	0.00511931	Salmonella enterica subsp. enterica serovar Typhimurium	-	-	-
GCA_003795445.1_GCA_003795445.1_ASM379544v1	GCA_003795445.1_GCA_003795445.1_ASM379544v1_uncompressed	chromosome	-	-	QJRZ01000085.1 Escherichia coli strain PN256E8 NODE_93_length_6501_cov_17.6017_ID_185, whole genome shotgun sequence	6501	0.4193201045992924	7934aef3af71e3f16e1cebb5690d467a	incomplete	-	-	-	-	-	-	-	-	-	-	-	-	-	-	-
GCA_003795445.1_GCA_003795445.1_ASM379544v1	GCA_003795445.1_GCA_003795445.1_ASM379544v1_uncompressed	plasmid	AA738	AJ047	QJRZ01000086.1 Escherichia coli strain PN256E8 NODE_110_length_4128_cov_142.584_ID_219, whole genome shotgun sequence	4128	0.6453488372093024	c210d6520a370d68017f9787182a8bb7	incomplete	-	-	-	-	-	-	-	-	-	MH522425	0.00511931	Salmonella enterica subsp. enterica serovar Typhimurium	KC543497	ISPa40	repetitve element
GCA_003795445.1_GCA_003795445.1_ASM379544v1	GCA_003795445.1_GCA_003795445.1_ASM379544v1_uncompressed	chromosome	-	-	QJRZ01000087.1 Escherichia coli strain PN256E8 NODE_62_length_21698_cov_21.9221_ID_123, whole genome shotgun sequence	21698	0.5176513964420684	868ce31826a1e185f404f82533e7383b	incomplete	-	-	-	-	-	-	-	-	-	-	-	-	-	-	-
GCA_003795445.1_GCA_003795445.1_ASM379544v1	GCA_003795445.1_GCA_003795445.1_ASM379544v1_uncompressed	chromosome	-	-	QJRZ01000088.1 Escherichia coli strain PN256E8 NODE_202_length_499_cov_0.77957_ID_403, whole genome shotgun sequence	499	0.625250501002004	2221d6ab16c9dc8aef85b384fd685bdf	incomplete	-	-	-	-	-	-	-	-	-	-	-	-	-	-	-
GCA_003795445.1_GCA_003795445.1_ASM379544v1	GCA_003795445.1_GCA_003795445.1_ASM379544v1_uncompressed	chromosome	-	-	QJRZ01000089.1 Escherichia coli strain PN256E8 NODE_2_length_244621_cov_27.8326_ID_3, whole genome shotgun sequence	244621	0.5159409862603783	11ffc34e2201172988073ebddb26aff7	incomplete	-	-	-	-	-	-	-	-	-	-	-	-	-	-	-
GCA_003795445.1_GCA_003795445.1_ASM379544v1	GCA_003795445.1_GCA_003795445.1_ASM379544v1_uncompressed	chromosome	-	-	QJRZ01000090.1 Escherichia coli strain PN256E8 NODE_75_length_12426_cov_28.7969_ID_149, whole genome shotgun sequence	12426	0.5302591340737164	9a925ff2b7e3b1fec531f6379262cde5	incomplete	-	-	-	-	-	-	-	-	-	-	-	-	-	-	-
GCA_003795445.1_GCA_003795445.1_ASM379544v1	GCA_003795445.1_GCA_003795445.1_ASM379544v1_uncompressed	plasmid	AA738	AJ047	QJRZ01000091.1 Escherichia coli strain PN256E8 NODE_143_length_1343_cov_123.109_ID_285, whole genome shotgun sequence	1343	0.5137751303052867	dab31ad4aac9cb0add7215467ae0149a	incomplete	-	-	-	-	-	-	-	-	-	MH522425	0.00511931	Salmonella enterica subsp. enterica serovar Typhimurium	NC_000913	IS186A	repetitve element
GCA_003795445.1_GCA_003795445.1_ASM379544v1	GCA_003795445.1_GCA_003795445.1_ASM379544v1_uncompressed	chromosome	-	-	QJRZ01000092.1 Escherichia coli strain PN256E8 NODE_133_length_1988_cov_2.73885_ID_265, whole genome shotgun sequence	1988	0.3289738430583501	c4efcf412b58927903f68faf0b2fe222	incomplete	-	-	-	-	-	-	-	-	-	-	-	-	-	-	-
GCA_003795445.1_GCA_003795445.1_ASM379544v1	GCA_003795445.1_GCA_003795445.1_ASM379544v1_uncompressed	plasmid	AA738	AJ047	QJRZ01000093.1 Escherichia coli strain PN256E8 NODE_92_length_6792_cov_28.4786_ID_183, whole genome shotgun sequence	6792	0.4455241460541814	9e96f64c7b2e6378a71be6bd3263c6a6	incomplete	-	-	-	-	-	-	-	-	-	MH522425	0.00511931	Salmonella enterica subsp. enterica serovar Typhimurium	-	-	-
GCA_003795445.1_GCA_003795445.1_ASM379544v1	GCA_003795445.1_GCA_003795445.1_ASM379544v1_uncompressed	chromosome	-	-	QJRZ01000094.1 Escherichia coli strain PN256E8 NODE_70_length_14282_cov_37.913_ID_139, whole genome shotgun sequence	14282	0.49600896233020586	1d7e788ea63b22282931a6244f08583e	incomplete	-	-	-	-	-	-	-	-	-	-	-	-	-	-	-
GCA_003795445.1_GCA_003795445.1_ASM379544v1	GCA_003795445.1_GCA_003795445.1_ASM379544v1_uncompressed	chromosome	-	-	QJRZ01000095.1 Escherichia coli strain PN256E8 NODE_26_length_68940_cov_33.1197_ID_51, whole genome shotgun sequence	68940	0.5145343777197563	50e81ab070501cf1f1d540ded789ad14	incomplete	-	-	-	-	-	-	-	-	-	-	-	-	-	-	-
GCA_003795445.1_GCA_003795445.1_ASM379544v1	GCA_003795445.1_GCA_003795445.1_ASM379544v1_uncompressed	chromosome	-	-	QJRZ01000096.1 Escherichia coli strain PN256E8 NODE_31_length_43897_cov_23.4253_ID_61, whole genome shotgun sequence	43897	0.5076656719137982	64414f4bd5e243e6ec28d1f1f297c022	incomplete	-	-	-	-	-	-	-	-	-	-	-	-	-	-	-
GCA_003795445.1_GCA_003795445.1_ASM379544v1	GCA_003795445.1_GCA_003795445.1_ASM379544v1_uncompressed	chromosome	-	-	QJRZ01000097.1 Escherichia coli strain PN256E8 NODE_50_length_28243_cov_39.0212_ID_99, whole genome shotgun sequence	28243	0.521545161632971	e14c21e54d18e37d18190c6e546e1427	incomplete	-	-	-	-	-	-	-	-	-	-	-	-	-	-	-
GCA_003795445.1_GCA_003795445.1_ASM379544v1	GCA_003795445.1_GCA_003795445.1_ASM379544v1_uncompressed	chromosome	-	-	QJRZ01000098.1 Escherichia coli strain PN256E8 NODE_21_length_82561_cov_39.5653_ID_41, whole genome shotgun sequence	82561	0.5264228873196788	ddde89c9366deffcc068fe6e47cfa362	incomplete	-	-	-	-	-	-	-	-	-	-	-	-	-	-	-
GCA_003795445.1_GCA_003795445.1_ASM379544v1	GCA_003795445.1_GCA_003795445.1_ASM379544v1_uncompressed	chromosome	-	-	QJRZ01000099.1 Escherichia coli strain PN256E8 NODE_17_length_88724_cov_42.3899_ID_33, whole genome shotgun sequence	88724	0.5259907127721924	5deb77880c39bfe6c21c9a0e2a7cc457	incomplete	-	-	-	-	-	-	-	-	-	-	-	-	-	-	-
GCA_003795445.1_GCA_003795445.1_ASM379544v1	GCA_003795445.1_GCA_003795445.1_ASM379544v1_uncompressed	chromosome	-	-	QJRZ01000100.1 Escherichia coli strain PN256E8 NODE_199_length_511_cov_0.895833_ID_397, whole genome shotgun sequence	511	0.5283757338551859	a608fc1b0268ee33075930d38714af13	incomplete	-	-	-	-	-	-	-	-	-	-	-	-	-	-	-
GCA_003795445.1_GCA_003795445.1_ASM379544v1	GCA_003795445.1_GCA_003795445.1_ASM379544v1_uncompressed	chromosome	-	-	QJRZ01000101.1 Escherichia coli strain PN256E8 NODE_212_length_467_cov_0.814706_ID_423, whole genome shotgun sequence	467	0.5481798715203426	c6d412f2a11ece2c9a9931a070bfbc11	incomplete	-	-	-	-	-	-	-	-	-	-	-	-	-	-	-
GCA_003795445.1_GCA_003795445.1_ASM379544v1	GCA_003795445.1_GCA_003795445.1_ASM379544v1_uncompressed	chromosome	-	-	QJRZ01000102.1 Escherichia coli strain PN256E8 NODE_27_length_62029_cov_25.3836_ID_53, whole genome shotgun sequence	62029	0.5048606297054603	14a1ae868321b0766ceda76b3d0224d8	incomplete	-	-	-	-	-	-	-	-	-	-	-	-	-	-	-
GCA_003795445.1_GCA_003795445.1_ASM379544v1	GCA_003795445.1_GCA_003795445.1_ASM379544v1_uncompressed	plasmid	AA738	AJ047	QJRZ01000103.1 Escherichia coli strain PN256E8 NODE_121_length_3010_cov_99.2421_ID_241, whole genome shotgun sequence	3010	0.545514950166113	835a0fe56bb8cbd1192ae22d46fb9452	incomplete	-	-	-	-	-	-	-	-	-	MH522425	0.00511931	Salmonella enterica subsp. enterica serovar Typhimurium	-	-	-
GCA_003795445.1_GCA_003795445.1_ASM379544v1	GCA_003795445.1_GCA_003795445.1_ASM379544v1_uncompressed	chromosome	-	-	QJRZ01000104.1 Escherichia coli strain PN256E8 NODE_18_length_85550_cov_28.0804_ID_35, whole genome shotgun sequence	85550	0.5135125657510228	689a6b55825ee0fe304197c4cbc2c286	incomplete	-	-	-	-	-	-	-	-	-	-	-	-	-	-	-
GCA_003795445.1_GCA_003795445.1_ASM379544v1	GCA_003795445.1_GCA_003795445.1_ASM379544v1_uncompressed	chromosome	-	-	QJRZ01000105.1 Escherichia coli strain PN256E8 NODE_185_length_590_cov_81.8596_ID_369, whole genome shotgun sequence	590	0.5305084745762711	c98dd70ca2fc6821df8b5c87fe1fde46	incomplete	-	-	-	-	-	-	-	-	-	-	-	-	-	-	-
GCA_003795445.1_GCA_003795445.1_ASM379544v1	GCA_003795445.1_GCA_003795445.1_ASM379544v1_uncompressed	chromosome	-	-	QJRZ01000106.1 Escherichia coli strain PN256E8 NODE_222_length_439_cov_1.07372_ID_443, whole genome shotgun sequence	439	0.4396355353075171	4bbb3f8f3649b698431149db27da809b	incomplete	-	-	-	-	-	-	-	-	-	-	-	-	-	-	-
GCA_003795445.1_GCA_003795445.1_ASM379544v1	GCA_003795445.1_GCA_003795445.1_ASM379544v1_uncompressed	chromosome	-	-	QJRZ01000107.1 Escherichia coli strain PN256E8 NODE_28_length_60590_cov_31.5203_ID_55, whole genome shotgun sequence	60590	0.5114210265720416	d2a0996077f30dcf7de11193bf1be15a	incomplete	-	-	-	-	-	-	-	-	-	-	-	-	-	-	-
GCA_003795445.1_GCA_003795445.1_ASM379544v1	GCA_003795445.1_GCA_003795445.1_ASM379544v1_uncompressed	chromosome	-	-	QJRZ01000108.1 Escherichia coli strain PN256E8 NODE_66_length_17752_cov_29.1199_ID_131, whole genome shotgun sequence	17752	0.5204484001802614	0655c06da5dce618016a809709de90d0	incomplete	-	-	-	-	-	-	-	-	-	-	-	-	-	-	-
GCA_003795445.1_GCA_003795445.1_ASM379544v1	GCA_003795445.1_GCA_003795445.1_ASM379544v1_uncompressed	chromosome	-	-	QJRZ01000109.1 Escherichia coli strain PN256E8 NODE_76_length_11875_cov_27.5742_ID_151, whole genome shotgun sequence	11875	0.47562105263157894	779b5d176d177e908700f27606a4ff42	incomplete	-	-	-	-	-	-	-	-	-	-	-	-	-	-	-
GCA_003795445.1_GCA_003795445.1_ASM379544v1	GCA_003795445.1_GCA_003795445.1_ASM379544v1_uncompressed	chromosome	-	-	QJRZ01000110.1 Escherichia coli strain PN256E8 NODE_30_length_57120_cov_31.5348_ID_59, whole genome shotgun sequence	57120	0.4999824929971989	82172bf3a27e7a6a063b2e46dc6f7404	incomplete	-	-	-	-	-	-	-	-	-	-	-	-	-	-	-
GCA_003795445.1_GCA_003795445.1_ASM379544v1	GCA_003795445.1_GCA_003795445.1_ASM379544v1_uncompressed	chromosome	-	-	QJRZ01000111.1 Escherichia coli strain PN256E8 NODE_231_length_429_cov_0.996689_ID_461, whole genome shotgun sequence	429	0.3962703962703963	afede1a8411a96c8c645807e08e74a67	incomplete	-	-	-	-	-	-	-	-	-	-	-	-	-	-	-
GCA_003795445.1_GCA_003795445.1_ASM379544v1	GCA_003795445.1_GCA_003795445.1_ASM379544v1_uncompressed	plasmid	AA738	AJ047	QJRZ01000112.1 Escherichia coli strain PN256E8 NODE_142_length_1589_cov_36.9241_ID_283, whole genome shotgun sequence	1589	0.5217117684078036	0593dcfc03a0bb8e6196046f80544cd5	incomplete	-	-	-	-	-	-	-	-	-	MH522425	0.00511931	Salmonella enterica subsp. enterica serovar Typhimurium	KX242350	Tn2	repetitve element
GCA_003795445.1_GCA_003795445.1_ASM379544v1	GCA_003795445.1_GCA_003795445.1_ASM379544v1_uncompressed	chromosome	-	-	QJRZ01000113.1 Escherichia coli strain PN256E8 NODE_22_length_77815_cov_26.1653_ID_43, whole genome shotgun sequence	77815	0.5184604510698452	f1654a1c56a4636661e983ea19b5112b	incomplete	-	-	-	-	-	-	-	-	-	-	-	-	-	-	-
GCA_003795445.1_GCA_003795445.1_ASM379544v1	GCA_003795445.1_GCA_003795445.1_ASM379544v1_uncompressed	chromosome	-	-	QJRZ01000114.1 Escherichia coli strain PN256E8 NODE_60_length_23327_cov_22.7109_ID_119, whole genome shotgun sequence	23327	0.5069233077549621	048d5bb7763e107473de8a28259bd845	incomplete	-	-	-	-	-	-	-	-	-	-	-	-	-	-	-
GCA_003795445.1_GCA_003795445.1_ASM379544v1	GCA_003795445.1_GCA_003795445.1_ASM379544v1_uncompressed	chromosome	-	-	QJRZ01000115.1 Escherichia coli strain PN256E8 NODE_129_length_2592_cov_50.1525_ID_257, whole genome shotgun sequence	2592	0.5065586419753086	4eb3a8b37994a80e20581b740a381e9d	incomplete	-	-	-	-	-	-	-	-	-	-	-	-	-	-	-
GCA_003795445.1_GCA_003795445.1_ASM379544v1	GCA_003795445.1_GCA_003795445.1_ASM379544v1_uncompressed	plasmid	AA738	AJ047	QJRZ01000116.1 Escherichia coli strain PN256E8 NODE_38_length_38798_cov_30.8301_ID_75, whole genome shotgun sequence	38798	0.45373472859425745	3ec86c2c9a178cef9a042f995d8b8bf9	incomplete	-	-	-	-	-	-	-	-	-	MH522425	0.00511931	Salmonella enterica subsp. enterica serovar Typhimurium	-	-	-
GCA_003795445.1_GCA_003795445.1_ASM379544v1	GCA_003795445.1_GCA_003795445.1_ASM379544v1_uncompressed	chromosome	-	-	QJRZ01000117.1 Escherichia coli strain PN256E8 NODE_33_length_43053_cov_26.3372_ID_65, whole genome shotgun sequence	43053	0.5132511090980884	f3d3e7d3960f65796e44bd12e4945b20	incomplete	-	-	-	-	-	-	-	-	-	-	-	-	-	-	-
GCA_003795445.1_GCA_003795445.1_ASM379544v1	GCA_003795445.1_GCA_003795445.1_ASM379544v1_uncompressed	chromosome	-	-	QJRZ01000118.1 Escherichia coli strain PN256E8 NODE_4_length_155690_cov_32.1795_ID_7, whole genome shotgun sequence	155690	0.510687905453144	34ead183a592d0b092f1ebdc633aba33	incomplete	-	-	-	-	-	-	-	-	-	-	-	-	-	-	-
GCA_003795445.1_GCA_003795445.1_ASM379544v1	GCA_003795445.1_GCA_003795445.1_ASM379544v1_uncompressed	chromosome	-	-	QJRZ01000119.1 Escherichia coli strain PN256E8 NODE_140_length_1659_cov_87.797_ID_279, whole genome shotgun sequence	1659	0.515370705244123	0e8e5ba36a66ba709f0fd519112d543c	incomplete	-	-	-	-	-	-	-	-	-	-	-	-	-	-	-
GCA_003795445.1_GCA_003795445.1_ASM379544v1	GCA_003795445.1_GCA_003795445.1_ASM379544v1_uncompressed	chromosome	-	-	QJRZ01000120.1 Escherichia coli strain PN256E8 NODE_34_length_41920_cov_30.1123_ID_67, whole genome shotgun sequence	41920	0.5294370229007633	7b1f6ce9b516d7ea3e306eb57f8bc260	incomplete	-	-	-	-	-	-	-	-	-	-	-	-	-	-	-
GCA_003795445.1_GCA_003795445.1_ASM379544v1	GCA_003795445.1_GCA_003795445.1_ASM379544v1_uncompressed	chromosome	-	-	QJRZ01000121.1 Escherichia coli strain PN256E8 NODE_132_length_2122_cov_28.611_ID_263, whole genome shotgun sequence	2122	0.4095193213949105	5993a76d6cd02ef4ef9626517b9b15fd	incomplete	-	-	-	-	-	-	-	-	-	-	-	-	-	-	-
GCA_003795445.1_GCA_003795445.1_ASM379544v1	GCA_003795445.1_GCA_003795445.1_ASM379544v1_uncompressed	chromosome	-	-	QJRZ01000122.1 Escherichia coli strain PN256E8 NODE_151_length_1040_cov_5.57503_ID_301, whole genome shotgun sequence	1040	0.3403846153846154	b0c2c45d6b4fecebfa277820fcf92c12	incomplete	-	-	-	-	-	-	-	-	-	-	-	-	-	-	-
GCA_003795445.1_GCA_003795445.1_ASM379544v1	GCA_003795445.1_GCA_003795445.1_ASM379544v1_uncompressed	chromosome	-	-	QJRZ01000123.1 Escherichia coli strain PN256E8 NODE_43_length_33850_cov_27.8051_ID_85, whole genome shotgun sequence	33850	0.5251403249630724	f444088dada19d0a8efbde0c72f113e1	incomplete	-	-	-	-	-	-	-	-	-	-	-	-	-	-	-
GCA_003795445.1_GCA_003795445.1_ASM379544v1	GCA_003795445.1_GCA_003795445.1_ASM379544v1_uncompressed	plasmid	AA738	AJ047	QJRZ01000124.1 Escherichia coli strain PN256E8 NODE_79_length_11315_cov_124.954_ID_157, whole genome shotgun sequence	11315	0.5300927971718957	a87e9863def628a7c62dd3ad4126abf0	incomplete	-	-	-	-	-	-	-	-	-	MH522425	0.00511931	Salmonella enterica subsp. enterica serovar Typhimurium	-	-	-
GCA_003795445.1_GCA_003795445.1_ASM379544v1	GCA_003795445.1_GCA_003795445.1_ASM379544v1_uncompressed	chromosome	-	-	QJRZ01000125.1 Escherichia coli strain PN256E8 NODE_201_length_499_cov_0.736559_ID_401, whole genome shotgun sequence	499	0.6092184368737475	b3ec8b2662640be3265539b4c4d15c33	incomplete	-	-	-	-	-	-	-	-	-	-	-	-	-	-	-
GCA_003795445.1_GCA_003795445.1_ASM379544v1	GCA_003795445.1_GCA_003795445.1_ASM379544v1_uncompressed	chromosome	-	-	QJRZ01000126.1 Escherichia coli strain PN256E8 NODE_29_length_57314_cov_20.7038_ID_57, whole genome shotgun sequence	57314	0.5006281187842412	b2eaa8ee67dbad5e351cf9e4240a3eca	incomplete	-	-	-	-	-	-	-	-	-	-	-	-	-	-	-
GCA_003795445.1_GCA_003795445.1_ASM379544v1	GCA_003795445.1_GCA_003795445.1_ASM379544v1_uncompressed	chromosome	-	-	QJRZ01000127.1 Escherichia coli strain PN256E8 NODE_52_length_27398_cov_40.5371_ID_103, whole genome shotgun sequence	27398	0.4939776626031097	25449653adc4d5e5856e729630d77e3f	incomplete	-	-	-	-	-	-	-	-	-	-	-	-	-	-	-
GCA_003795445.1_GCA_003795445.1_ASM379544v1	GCA_003795445.1_GCA_003795445.1_ASM379544v1_uncompressed	chromosome	-	-	QJRZ01000128.1 Escherichia coli strain PN256E8 NODE_195_length_544_cov_80.6978_ID_389, whole genome shotgun sequence	544	0.46875	d419516b835bedd681d106a0c1225db5	incomplete	-	-	-	-	-	-	-	-	-	-	-	-	-	-	-
GCA_003795445.1_GCA_003795445.1_ASM379544v1	GCA_003795445.1_GCA_003795445.1_ASM379544v1_uncompressed	chromosome	-	-	QJRZ01000129.1 Escherichia coli strain PN256E8 NODE_25_length_70951_cov_27.2722_ID_49, whole genome shotgun sequence	70951	0.5094360896957055	2664d308847f7b73db5eba2279ab0d92	incomplete	-	-	-	-	-	-	-	-	-	-	-	-	-	-	-
GCA_003795445.1_GCA_003795445.1_ASM379544v1	GCA_003795445.1_GCA_003795445.1_ASM379544v1_uncompressed	chromosome	-	-	QJRZ01000130.1 Escherichia coli strain PN256E8 NODE_73_length_13051_cov_22.4417_ID_145, whole genome shotgun sequence	13051	0.5080836717492913	c076c703997ae820767762c3d47eea79	incomplete	-	-	-	-	-	-	-	-	-	-	-	-	-	-	-
GCA_003795445.1_GCA_003795445.1_ASM379544v1	GCA_003795445.1_GCA_003795445.1_ASM379544v1_uncompressed	chromosome	-	-	QJRZ01000131.1 Escherichia coli strain PN256E8 NODE_49_length_29430_cov_30.791_ID_97, whole genome shotgun sequence	29430	0.4777437988447163	2121a9ff18f7e89c29d89fea9c768a71	incomplete	-	-	-	-	-	-	-	-	-	-	-	-	-	-	-
GCA_003795445.1_GCA_003795445.1_ASM379544v1	GCA_003795445.1_GCA_003795445.1_ASM379544v1_uncompressed	chromosome	-	-	QJRZ01000132.1 Escherichia coli strain PN256E8 NODE_89_length_8184_cov_21.2203_ID_177, whole genome shotgun sequence	8184	0.479227761485826	e6c7dd7dfb842e87fa550193f89dd9f6	incomplete	-	-	-	-	-	-	-	-	-	-	-	-	-	-	-
GCA_003795445.1_GCA_003795445.1_ASM379544v1	GCA_003795445.1_GCA_003795445.1_ASM379544v1_uncompressed	chromosome	-	-	QJRZ01000133.1 Escherichia coli strain PN256E8 NODE_54_length_25901_cov_34.8185_ID_107, whole genome shotgun sequence	25901	0.5356163854677426	91c5175ccc85814e4f62a0bebb45fa4a	incomplete	-	-	-	-	-	-	-	-	-	-	-	-	-	-	-
GCA_003795445.1_GCA_003795445.1_ASM379544v1	GCA_003795445.1_GCA_003795445.1_ASM379544v1_uncompressed	chromosome	-	-	QJRZ01000134.1 Escherichia coli strain PN256E8 NODE_215_length_456_cov_0.775076_ID_429, whole genome shotgun sequence	456	0.5767543859649122	1b4b7714cdfb7261074adb95c0e3db88	incomplete	-	-	-	-	-	-	-	-	-	-	-	-	-	-	-
GCA_003795445.1_GCA_003795445.1_ASM379544v1	GCA_003795445.1_GCA_003795445.1_ASM379544v1_uncompressed	chromosome	-	-	QJRZ01000135.1 Escherichia coli strain PN256E8 NODE_39_length_36810_cov_37.3008_ID_77, whole genome shotgun sequence	36810	0.5005433306166802	e2ed27d2b2a454b93953f9d8a431a819	incomplete	-	-	-	-	-	-	-	-	-	-	-	-	-	-	-
GCA_003795445.1_GCA_003795445.1_ASM379544v1	GCA_003795445.1_GCA_003795445.1_ASM379544v1_uncompressed	chromosome	-	-	QJRZ01000136.1 Escherichia coli strain PN256E8 NODE_41_length_35664_cov_34.7622_ID_81, whole genome shotgun sequence	35664	0.5349932705248991	a02250c875af98bc411f164394dc25cc	incomplete	-	-	-	-	-	-	-	-	-	-	-	-	-	-	-
GCA_003795445.1_GCA_003795445.1_ASM379544v1	GCA_003795445.1_GCA_003795445.1_ASM379544v1_uncompressed	chromosome	-	-	QJRZ01000137.1 Escherichia coli strain PN256E8 NODE_44_length_32828_cov_28.6978_ID_87, whole genome shotgun sequence	32828	0.48677957840867553	d25506f23da891ce176832bff3fa945e	incomplete	-	-	-	-	-	-	-	-	-	-	-	-	-	-	-
GCA_003795445.1_GCA_003795445.1_ASM379544v1	GCA_003795445.1_GCA_003795445.1_ASM379544v1_uncompressed	chromosome	-	-	QJRZ01000138.1 Escherichia coli strain PN256E8 NODE_109_length_4419_cov_9.976_ID_217, whole genome shotgun sequence	4419	0.3985064494229464	ac050d3281a34550bc77b4696678e7af	incomplete	-	-	-	-	-	-	-	-	-	-	-	-	-	-	-
GCA_003795445.1_GCA_003795445.1_ASM379544v1	GCA_003795445.1_GCA_003795445.1_ASM379544v1_uncompressed	chromosome	-	-	QJRZ01000139.1 Escherichia coli strain PN256E8 NODE_144_length_1331_cov_0.723422_ID_287, whole genome shotgun sequence	1331	0.5326821938392187	d50b7bf1a6b6c6900c160bc753e57d93	incomplete	rep_cluster_2370	CP033698_00001	-	-	-	-	MOB_unknown	CP010224	-	-	-	-	-	-	-
GCA_003795445.1_GCA_003795445.1_ASM379544v1	GCA_003795445.1_GCA_003795445.1_ASM379544v1_uncompressed	chromosome	-	-	QJRZ01000140.1 Escherichia coli strain PN256E8 NODE_112_length_4093_cov_24.2121_ID_223, whole genome shotgun sequence	4093	0.5069631077449304	ca2fc380f29978166282e26eb627b3ea	incomplete	-	-	-	-	-	-	-	-	-	-	-	-	-	-	-
GCA_003795445.1_GCA_003795445.1_ASM379544v1	GCA_003795445.1_GCA_003795445.1_ASM379544v1_uncompressed	chromosome	-	-	QJRZ01000141.1 Escherichia coli strain PN256E8 NODE_117_length_3547_cov_27.5263_ID_233, whole genome shotgun sequence	3547	0.4637722018607274	26be7528c0a670cd467fb1392888cd20	incomplete	-	-	-	-	-	-	-	-	-	-	-	-	-	-	-
GCA_003795445.1_GCA_003795445.1_ASM379544v1	GCA_003795445.1_GCA_003795445.1_ASM379544v1_uncompressed	chromosome	-	-	QJRZ01000142.1 Escherichia coli strain PN256E8 NODE_208_length_478_cov_0.740741_ID_415, whole genome shotgun sequence	478	0.6150627615062761	84eea23f2857e2d692ae860354440c73	incomplete	-	-	-	-	-	-	-	-	-	-	-	-	-	-	-
GCA_003795445.1_GCA_003795445.1_ASM379544v1	GCA_003795445.1_GCA_003795445.1_ASM379544v1_uncompressed	chromosome	-	-	QJRZ01000143.1 Escherichia coli strain PN256E8 NODE_114_length_3910_cov_37.0928_ID_227, whole genome shotgun sequence	3910	0.47084398976982095	758cd718ca2fab2a5a1f8a13773d7381	incomplete	-	-	-	-	-	-	-	-	-	-	-	-	-	-	-
GCA_003795445.1_GCA_003795445.1_ASM379544v1	GCA_003795445.1_GCA_003795445.1_ASM379544v1_uncompressed	chromosome	-	-	QJRZ01000144.1 Escherichia coli strain PN256E8 NODE_177_length_668_cov_108.466_ID_353, whole genome shotgun sequence	668	0.46706586826347307	c22e8a48ab439a6ba6ed18c273a0de26	incomplete	-	-	-	-	-	-	-	-	-	-	-	-	-	-	-
GCA_003795445.1_GCA_003795445.1_ASM379544v1	GCA_003795445.1_GCA_003795445.1_ASM379544v1_uncompressed	chromosome	-	-	QJRZ01000145.1 Escherichia coli strain PN256E8 NODE_69_length_14297_cov_17.5007_ID_137, whole genome shotgun sequence	14297	0.4419108903965867	42a5203cc88fa581db397f46e76318f2	incomplete	-	-	-	-	-	-	-	-	-	-	-	-	-	-	-
GCA_003795445.1_GCA_003795445.1_ASM379544v1	GCA_003795445.1_GCA_003795445.1_ASM379544v1_uncompressed	plasmid	AA738	AJ047	QJRZ01000146.1 Escherichia coli strain PN256E8 NODE_115_length_3702_cov_97.9177_ID_229, whole genome shotgun sequence	3702	0.5594273365748245	c34954c1ce89c7a1833186a55861e5ec	incomplete	-	-	-	-	-	-	-	-	-	MH522425	0.00511931	Salmonella enterica subsp. enterica serovar Typhimurium	EU643617	ISCfr8	repetitve element
GCA_003795445.1_GCA_003795445.1_ASM379544v1	GCA_003795445.1_GCA_003795445.1_ASM379544v1_uncompressed	chromosome	-	-	QJRZ01000147.1 Escherichia coli strain PN256E8 NODE_148_length_1213_cov_43.8462_ID_295, whole genome shotgun sequence	1213	0.5152514427040396	a761bbf9cf13214b790553205ca867ad	incomplete	-	-	-	-	-	-	-	-	-	-	-	-	-	-	-
GCA_003795445.1_GCA_003795445.1_ASM379544v1	GCA_003795445.1_GCA_003795445.1_ASM379544v1_uncompressed	chromosome	-	-	QJRZ01000148.1 Escherichia coli strain PN256E8 NODE_116_length_3638_cov_25.3834_ID_231, whole genome shotgun sequence	3638	0.45107201759208354	d345a2669593090c752d988a0d7ce5cc	incomplete	-	-	-	-	-	-	-	-	-	-	-	-	-	-	-
GCA_003795445.1_GCA_003795445.1_ASM379544v1	GCA_003795445.1_GCA_003795445.1_ASM379544v1_uncompressed	chromosome	-	-	QJRZ01000149.1 Escherichia coli strain PN256E8 NODE_111_length_4103_cov_21.203_ID_221, whole genome shotgun sequence	4103	0.479405313185474	2f2f10f9e7443a048d22121f05abf569	incomplete	-	-	-	-	-	-	-	-	-	-	-	-	-	-	-
GCA_003795445.1_GCA_003795445.1_ASM379544v1	GCA_003795445.1_GCA_003795445.1_ASM379544v1_uncompressed	plasmid	AA738	AJ047	QJRZ01000150.1 Escherichia coli strain PN256E8 NODE_118_length_3539_cov_143.376_ID_235, whole genome shotgun sequence	3539	0.5004238485447866	25360d4d475b7f62d89cf031acc6537c	incomplete	-	-	-	-	-	-	-	-	-	MH522425	0.00511931	Salmonella enterica subsp. enterica serovar Typhimurium	-	-	-
GCA_003795445.1_GCA_003795445.1_ASM379544v1	GCA_003795445.1_GCA_003795445.1_ASM379544v1_uncompressed	chromosome	-	-	QJRZ01000151.1 Escherichia coli strain PN256E8 NODE_119_length_3430_cov_9.65213_ID_237, whole genome shotgun sequence	3430	0.4122448979591837	69d108659db6f6e41ba0405abe879f76	incomplete	-	-	-	-	-	-	-	-	-	-	-	-	-	-	-
GCA_003795445.1_GCA_003795445.1_ASM379544v1	GCA_003795445.1_GCA_003795445.1_ASM379544v1_uncompressed	chromosome	-	-	QJRZ01000152.1 Escherichia coli strain PN256E8 NODE_225_length_435_cov_0.785714_ID_449, whole genome shotgun sequence	435	0.5195402298850574	9127ea48033cef0f7ba7dc5fd0c8bc24	incomplete	-	-	-	-	-	-	-	-	-	-	-	-	-	-	-
GCA_003795445.1_GCA_003795445.1_ASM379544v1	GCA_003795445.1_GCA_003795445.1_ASM379544v1_uncompressed	chromosome	-	-	QJRZ01000153.1 Escherichia coli strain PN256E8 NODE_32_length_43709_cov_22.3758_ID_63, whole genome shotgun sequence	43709	0.4927131712004393	b7bb57f39045bcb651fc3765a2e8b781	incomplete	-	-	-	-	-	-	-	-	-	-	-	-	-	-	-
GCA_003795445.1_GCA_003795445.1_ASM379544v1	GCA_003795445.1_GCA_003795445.1_ASM379544v1_uncompressed	chromosome	-	-	QJRZ01000154.1 Escherichia coli strain PN256E8 NODE_174_length_702_cov_1.02957_ID_347, whole genome shotgun sequence	702	0.613960113960114	f68a7f4f9014403a72f5f70c189a3be7	incomplete	-	-	-	-	-	-	-	-	-	-	-	-	-	-	-
GCA_003795445.1_GCA_003795445.1_ASM379544v1	GCA_003795445.1_GCA_003795445.1_ASM379544v1_uncompressed	chromosome	-	-	QJRZ01000155.1 Escherichia coli strain PN256E8 NODE_124_length_2886_cov_13.7158_ID_247, whole genome shotgun sequence	2886	0.4216909216909217	f3892d1532095f8c0eef81b768e6e79b	incomplete	-	-	-	-	-	-	-	-	-	-	-	-	-	-	-
GCA_003795445.1_GCA_003795445.1_ASM379544v1	GCA_003795445.1_GCA_003795445.1_ASM379544v1_uncompressed	chromosome	-	-	QJRZ01000156.1 Escherichia coli strain PN256E8 NODE_125_length_2731_cov_7.19163_ID_249, whole genome shotgun sequence	2731	0.34859025997803	271d6007061880d5ea6dcf1ef68bf33d	incomplete	-	-	-	-	-	-	-	-	-	-	-	-	-	-	-
GCA_003795445.1_GCA_003795445.1_ASM379544v1	GCA_003795445.1_GCA_003795445.1_ASM379544v1_uncompressed	chromosome	-	-	QJRZ01000157.1 Escherichia coli strain PN256E8 NODE_126_length_2671_cov_5.04245_ID_251, whole genome shotgun sequence	2671	0.33508049419693	b1ac2d6700cfc4c63424f461a657b6ea	incomplete	-	-	-	-	-	-	-	-	-	-	-	-	-	-	-
GCA_003795445.1_GCA_003795445.1_ASM379544v1	GCA_003795445.1_GCA_003795445.1_ASM379544v1_uncompressed	chromosome	-	-	QJRZ01000158.1 Escherichia coli strain PN256E8 NODE_166_length_828_cov_88.7304_ID_331, whole genome shotgun sequence	828	0.5555555555555556	da7104cba233c9a430935319646fae29	incomplete	-	-	-	-	-	-	-	-	-	-	-	-	-	-	-
GCA_003795445.1_GCA_003795445.1_ASM379544v1	GCA_003795445.1_GCA_003795445.1_ASM379544v1_uncompressed	chromosome	-	-	QJRZ01000159.1 Escherichia coli strain PN256E8 NODE_128_length_2592_cov_43.7014_ID_255, whole genome shotgun sequence	2592	0.5042438271604939	9dd05f10a7e7401c5dc29218d59b7b2a	incomplete	-	-	-	-	-	-	-	-	-	-	-	-	-	-	-
GCA_003795445.1_GCA_003795445.1_ASM379544v1	GCA_003795445.1_GCA_003795445.1_ASM379544v1_uncompressed	chromosome	-	-	QJRZ01000160.1 Escherichia coli strain PN256E8 NODE_3_length_219444_cov_21.0295_ID_5, whole genome shotgun sequence	219444	0.5012258252674943	5caf28b1701a7d7a712aec93373996b9	incomplete	-	-	-	-	-	-	-	-	-	-	-	-	-	-	-
GCA_003795445.1_GCA_003795445.1_ASM379544v1	GCA_003795445.1_GCA_003795445.1_ASM379544v1_uncompressed	chromosome	-	-	QJRZ01000161.1 Escherichia coli strain PN256E8 NODE_36_length_39441_cov_22.2183_ID_71, whole genome shotgun sequence	39441	0.5035115742501458	481c5ba1901f7e358f5b58dcfbc22b67	incomplete	-	-	-	-	-	-	-	-	-	-	-	-	-	-	-
GCA_003795445.1_GCA_003795445.1_ASM379544v1	GCA_003795445.1_GCA_003795445.1_ASM379544v1_uncompressed	chromosome	-	-	QJRZ01000162.1 Escherichia coli strain PN256E8 NODE_130_length_2342_cov_44.2546_ID_259, whole genome shotgun sequence	2342	0.4991460290350128	237b7aaa68b2991ac59b692cbf4c7867	incomplete	-	-	-	-	-	-	-	-	-	-	-	-	-	-	-
GCA_003795445.1_GCA_003795445.1_ASM379544v1	GCA_003795445.1_GCA_003795445.1_ASM379544v1_uncompressed	chromosome	-	-	QJRZ01000163.1 Escherichia coli strain PN256E8 NODE_152_length_1038_cov_7.15368_ID_303, whole genome shotgun sequence	1038	0.3198458574181118	d02de61857c841c4cb44e2982a76e145	incomplete	-	-	-	-	-	-	-	-	-	-	-	-	-	-	-
GCA_003795445.1_GCA_003795445.1_ASM379544v1	GCA_003795445.1_GCA_003795445.1_ASM379544v1_uncompressed	chromosome	-	-	QJRZ01000164.1 Escherichia coli strain PN256E8 NODE_134_length_1947_cov_13.3879_ID_267, whole genome shotgun sequence	1947	0.42578325629173086	742f6cf84dc44e70f24c3680439d463d	incomplete	-	-	-	-	-	-	-	-	-	-	-	-	-	-	-
GCA_003795445.1_GCA_003795445.1_ASM379544v1	GCA_003795445.1_GCA_003795445.1_ASM379544v1_uncompressed	chromosome	-	-	QJRZ01000165.1 Escherichia coli strain PN256E8 NODE_135_length_1863_cov_11.6296_ID_269, whole genome shotgun sequence	1863	0.3864734299516908	8a68618d647e91d253e251603fb41d26	incomplete	-	-	-	-	-	-	-	-	-	-	-	-	-	-	-
GCA_003795445.1_GCA_003795445.1_ASM379544v1	GCA_003795445.1_GCA_003795445.1_ASM379544v1_uncompressed	plasmid	AA738	AJ047	QJRZ01000166.1 Escherichia coli strain PN256E8 NODE_136_length_1828_cov_119.354_ID_271, whole genome shotgun sequence	1828	0.5010940919037199	81d4e6cdf7fc1283f698d87ae99f552e	incomplete	-	-	-	-	-	-	-	-	-	MH522425	0.00511931	Salmonella enterica subsp. enterica serovar Typhimurium	-	-	-
GCA_003795445.1_GCA_003795445.1_ASM379544v1	GCA_003795445.1_GCA_003795445.1_ASM379544v1_uncompressed	chromosome	-	-	QJRZ01000167.1 Escherichia coli strain PN256E8 NODE_46_length_31526_cov_26.6124_ID_91, whole genome shotgun sequence	31526	0.5087229588276343	94beac627a81791cd058ea8de1b00e39	incomplete	-	-	-	-	-	-	-	-	-	-	-	-	-	-	-
GCA_003795445.1_GCA_003795445.1_ASM379544v1	GCA_003795445.1_GCA_003795445.1_ASM379544v1_uncompressed	plasmid	AA551	AI743	QJRZ01000168.1 Escherichia coli strain PN256E8 NODE_138_length_1689_cov_44.9321_ID_275, whole genome shotgun sequence	1689	0.5595026642984015	f08cea484ce21216a7e02a7409948a26	incomplete	-	-	-	-	-	-	-	-	-	NC_019098	0.00470559	Escherichia coli	-	-	-
GCA_003795445.1_GCA_003795445.1_ASM379544v1	GCA_003795445.1_GCA_003795445.1_ASM379544v1_uncompressed	chromosome	-	-	QJRZ01000169.1 Escherichia coli strain PN256E8 NODE_209_length_478_cov_0.77208_ID_417, whole genome shotgun sequence	478	0.7447698744769874	62e7a20bdcd7309ed6f648541ee74e66	incomplete	-	-	-	-	-	-	-	-	-	-	-	-	-	-	-
GCA_003795445.1_GCA_003795445.1_ASM379544v1	GCA_003795445.1_GCA_003795445.1_ASM379544v1_uncompressed	chromosome	-	-	QJRZ01000170.1 Escherichia coli strain PN256E8 NODE_141_length_1602_cov_6.18712_ID_281, whole genome shotgun sequence	1602	0.36079900124843944	f37979c60877c93e87c8c6aa9fa6eec0	incomplete	-	-	-	-	-	-	-	-	-	-	-	-	-	-	-
GCA_003795445.1_GCA_003795445.1_ASM379544v1	GCA_003795445.1_GCA_003795445.1_ASM379544v1_uncompressed	chromosome	-	-	QJRZ01000171.1 Escherichia coli strain PN256E8 NODE_218_length_455_cov_0.987805_ID_435, whole genome shotgun sequence	455	0.46813186813186813	a1cecd37d0b8c38076bb5515e82fd039	incomplete	-	-	-	-	-	-	-	-	-	-	-	-	-	-	-
GCA_003795445.1_GCA_003795445.1_ASM379544v1	GCA_003795445.1_GCA_003795445.1_ASM379544v1_uncompressed	plasmid	AA738	AJ047	QJRZ01000172.1 Escherichia coli strain PN256E8 NODE_145_length_1298_cov_33.3373_ID_289, whole genome shotgun sequence	1298	0.4522342064714946	2df2dd01edc5353d97de57fe70e94610	incomplete	-	-	-	-	-	-	-	-	-	MH522425	0.00511931	Salmonella enterica subsp. enterica serovar Typhimurium	-	-	-
GCA_003795445.1_GCA_003795445.1_ASM379544v1	GCA_003795445.1_GCA_003795445.1_ASM379544v1_uncompressed	chromosome	-	-	QJRZ01000173.1 Escherichia coli strain PN256E8 NODE_103_length_5082_cov_17.6886_ID_205, whole genome shotgun sequence	5082	0.4425423061786698	80419f9521eed7c56b2ccabed75035fa	incomplete	-	-	-	-	-	-	-	-	-	-	-	-	-	-	-
GCA_003795445.1_GCA_003795445.1_ASM379544v1	GCA_003795445.1_GCA_003795445.1_ASM379544v1_uncompressed	chromosome	-	-	QJRZ01000174.1 Escherichia coli strain PN256E8 NODE_120_length_3423_cov_23.9642_ID_239, whole genome shotgun sequence	3423	0.4130879345603272	4f6d2a55de3428a5f6aebb75cbe7e33d	incomplete	-	-	-	-	-	-	-	-	-	-	-	-	-	-	-
GCA_003795445.1_GCA_003795445.1_ASM379544v1	GCA_003795445.1_GCA_003795445.1_ASM379544v1_uncompressed	chromosome	-	-	QJRZ01000175.1 Escherichia coli strain PN256E8 NODE_146_length_1294_cov_33.7515_ID_291, whole genome shotgun sequence	1294	0.47913446676970634	9de84712d544aceaed9b2004ff1e798d	incomplete	-	-	-	-	-	-	-	-	-	-	-	-	-	-	-
GCA_003795445.1_GCA_003795445.1_ASM379544v1	GCA_003795445.1_GCA_003795445.1_ASM379544v1_uncompressed	chromosome	-	-	QJRZ01000176.1 Escherichia coli strain PN256E8 NODE_149_length_1213_cov_34.4319_ID_297, whole genome shotgun sequence	1213	0.5185490519373455	d064ca2d37b76fc84643f8ca670ebc4e	incomplete	-	-	-	-	-	-	-	-	-	-	-	-	-	-	-
GCA_003795445.1_GCA_003795445.1_ASM379544v1	GCA_003795445.1_GCA_003795445.1_ASM379544v1_uncompressed	chromosome	-	-	QJRZ01000177.1 Escherichia coli strain PN256E8 NODE_58_length_23542_cov_20.8691_ID_115, whole genome shotgun sequence	23542	0.48419845382720245	734f2954af004685947573ba355aafe9	incomplete	-	-	-	-	-	-	-	-	-	-	-	-	-	-	-
GCA_003795445.1_GCA_003795445.1_ASM379544v1	GCA_003795445.1_GCA_003795445.1_ASM379544v1_uncompressed	chromosome	-	-	QJRZ01000178.1 Escherichia coli strain PN256E8 NODE_173_length_734_cov_0.652389_ID_345, whole genome shotgun sequence	734	0.5272479564032697	2388e07ba291dd1c2b31c0756eb2a431	incomplete	-	-	-	-	-	-	-	-	-	-	-	-	-	-	-
GCA_003795445.1_GCA_003795445.1_ASM379544v1	GCA_003795445.1_GCA_003795445.1_ASM379544v1_uncompressed	chromosome	-	-	QJRZ01000179.1 Escherichia coli strain PN256E8 NODE_6_length_139727_cov_34.5572_ID_11, whole genome shotgun sequence	139727	0.5170010091106229	9db09fd34b626c9aa6b210aab29f5903	incomplete	-	-	-	-	-	-	-	-	-	-	-	-	-	-	-
GCA_003795445.1_GCA_003795445.1_ASM379544v1	GCA_003795445.1_GCA_003795445.1_ASM379544v1_uncompressed	chromosome	-	-	QJRZ01000180.1 Escherichia coli strain PN256E8 NODE_211_length_469_cov_24.2339_ID_421, whole genome shotgun sequence	469	0.4690831556503198	e4781de800bb4393828e9cab581b407a	incomplete	-	-	-	-	-	-	-	-	-	-	-	-	-	-	-
GCA_003795445.1_GCA_003795445.1_ASM379544v1	GCA_003795445.1_GCA_003795445.1_ASM379544v1_uncompressed	chromosome	-	-	QJRZ01000181.1 Escherichia coli strain PN256E8 NODE_154_length_1031_cov_99.5055_ID_307, whole genome shotgun sequence	1031	0.542192046556741	e88737ec0505ae9603a6ba063be4b9dd	incomplete	-	-	-	-	-	-	-	-	-	-	-	-	-	-	-
GCA_003795445.1_GCA_003795445.1_ASM379544v1	GCA_003795445.1_GCA_003795445.1_ASM379544v1_uncompressed	chromosome	-	-	QJRZ01000182.1 Escherichia coli strain PN256E8 NODE_227_length_430_cov_1.09901_ID_453, whole genome shotgun sequence	430	0.4697674418604651	8cd530ff4602415b506ec8ec2b9b487e	incomplete	-	-	-	-	-	-	-	-	-	-	-	-	-	-	-
GCA_003795445.1_GCA_003795445.1_ASM379544v1	GCA_003795445.1_GCA_003795445.1_ASM379544v1_uncompressed	chromosome	-	-	QJRZ01000183.1 Escherichia coli strain PN256E8 NODE_155_length_997_cov_52.0379_ID_309, whole genome shotgun sequence	997	0.6168505516549649	35022819be3678241583cb51871e32ce	incomplete	-	-	-	-	-	-	-	-	-	-	-	-	-	-	-
GCA_003795445.1_GCA_003795445.1_ASM379544v1	GCA_003795445.1_GCA_003795445.1_ASM379544v1_uncompressed	chromosome	-	-	QJRZ01000184.1 Escherichia coli strain PN256E8 NODE_156_length_997_cov_84.5839_ID_311, whole genome shotgun sequence	997	0.6178535606820461	6ad78dde81317608d942accc438c7d13	incomplete	-	-	-	-	-	-	-	-	-	-	-	-	-	-	-
GCA_003795445.1_GCA_003795445.1_ASM379544v1	GCA_003795445.1_GCA_003795445.1_ASM379544v1_uncompressed	plasmid	AA738	AJ047	QJRZ01000185.1 Escherichia coli strain PN256E8 NODE_157_length_990_cov_89.3048_ID_313, whole genome shotgun sequence	990	0.42525252525252527	f55be401332efcd1f0f2047ae1b2662d	incomplete	-	-	-	-	-	-	-	-	-	MH522425	0.00511931	Salmonella enterica subsp. enterica serovar Typhimurium	-	-	-
GCA_003795445.1_GCA_003795445.1_ASM379544v1	GCA_003795445.1_GCA_003795445.1_ASM379544v1_uncompressed	chromosome	-	-	QJRZ01000186.1 Escherichia coli strain PN256E8 NODE_161_length_897_cov_239.792_ID_321, whole genome shotgun sequence	897	0.5462653288740246	0073500ccd7f10db81bf35dca832278e	incomplete	-	-	-	-	-	-	-	-	-	-	-	-	-	-	-
GCA_003795445.1_GCA_003795445.1_ASM379544v1	GCA_003795445.1_GCA_003795445.1_ASM379544v1_uncompressed	chromosome	-	-	QJRZ01000187.1 Escherichia coli strain PN256E8 NODE_159_length_920_cov_27.2509_ID_317, whole genome shotgun sequence	920	0.6326086956521739	754feec01ef128fd6d4bafa093c3350d	incomplete	-	-	-	-	-	-	-	-	-	-	-	-	-	-	-
GCA_003795445.1_GCA_003795445.1_ASM379544v1	GCA_003795445.1_GCA_003795445.1_ASM379544v1_uncompressed	chromosome	-	-	QJRZ01000188.1 Escherichia coli strain PN256E8 NODE_175_length_692_cov_74.5327_ID_349, whole genome shotgun sequence	692	0.4956647398843931	c57f406528310cf47f77c789a936cda1	incomplete	-	-	-	-	-	-	-	-	-	-	-	-	-	-	-
GCA_003795445.1_GCA_003795445.1_ASM379544v1	GCA_003795445.1_GCA_003795445.1_ASM379544v1_uncompressed	chromosome	-	-	QJRZ01000189.1 Escherichia coli strain PN256E8 NODE_223_length_437_cov_0.812903_ID_445, whole genome shotgun sequence	437	0.6247139588100686	bcd935895cd4491a312ddc0163aed90b	incomplete	-	-	-	-	-	-	-	-	-	-	-	-	-	-	-
GCA_003795445.1_GCA_003795445.1_ASM379544v1	GCA_003795445.1_GCA_003795445.1_ASM379544v1_uncompressed	chromosome	-	-	QJRZ01000190.1 Escherichia coli strain PN256E8 NODE_160_length_914_cov_77.1919_ID_319, whole genome shotgun sequence	914	0.4814004376367615	c13738175c7c5a752bb87de0a8f1f4ac	incomplete	-	-	-	-	-	-	-	-	-	-	-	-	-	-	-
GCA_003795445.1_GCA_003795445.1_ASM379544v1	GCA_003795445.1_GCA_003795445.1_ASM379544v1_uncompressed	chromosome	-	-	QJRZ01000191.1 Escherichia coli strain PN256E8 NODE_206_length_490_cov_73.595_ID_411, whole genome shotgun sequence	490	0.7326530612244898	96977cc33980dc55a996007dcd0a00d2	circular	-	-	-	-	-	-	-	-	-	-	-	-	-	-	-
GCA_003795445.1_GCA_003795445.1_ASM379544v1	GCA_003795445.1_GCA_003795445.1_ASM379544v1_uncompressed	chromosome	-	-	QJRZ01000192.1 Escherichia coli strain PN256E8 NODE_162_length_885_cov_5.86807_ID_323, whole genome shotgun sequence	885	0.35141242937853107	b6c9c86caf07b81b3c127ee73004d1ed	incomplete	-	-	-	-	-	-	-	-	-	-	-	-	-	-	-
GCA_003795445.1_GCA_003795445.1_ASM379544v1	GCA_003795445.1_GCA_003795445.1_ASM379544v1_uncompressed	chromosome	-	-	QJRZ01000193.1 Escherichia coli strain PN256E8 NODE_97_length_5981_cov_6.36522_ID_193, whole genome shotgun sequence	5981	0.3280387895000836	dab61691b9e2bf02ac67f69ea6b9438f	incomplete	-	-	-	-	-	-	-	-	-	-	-	-	-	-	-
GCA_003795445.1_GCA_003795445.1_ASM379544v1	GCA_003795445.1_GCA_003795445.1_ASM379544v1_uncompressed	chromosome	-	-	QJRZ01000194.1 Escherichia coli strain PN256E8 NODE_204_length_497_cov_1.24595_ID_407, whole genome shotgun sequence	461	0.6832971800433839	8561e6a2e3fc2e747db89df84c6379ec	incomplete	-	-	-	-	-	-	-	-	-	-	-	-	-	-	-
GCA_003795445.1_GCA_003795445.1_ASM379544v1	GCA_003795445.1_GCA_003795445.1_ASM379544v1_uncompressed	chromosome	-	-	QJRZ01000195.1 Escherichia coli strain PN256E8 NODE_183_length_608_cov_2.07484_ID_365, whole genome shotgun sequence	608	0.30098684210526316	57556fc490cba1f76d61faf920e5fb91	incomplete	-	-	-	-	-	-	-	-	-	-	-	-	-	-	-
GCA_003795445.1_GCA_003795445.1_ASM379544v1	GCA_003795445.1_GCA_003795445.1_ASM379544v1_uncompressed	chromosome	-	-	QJRZ01000196.1 Escherichia coli strain PN256E8 NODE_163_length_884_cov_20.14_ID_325, whole genome shotgun sequence	884	0.3902714932126697	4f2ea1caa99b276103bca5a0445de45d	incomplete	-	-	-	-	-	-	-	-	-	-	-	-	-	-	-
GCA_003795445.1_GCA_003795445.1_ASM379544v1	GCA_003795445.1_GCA_003795445.1_ASM379544v1_uncompressed	chromosome	-	-	QJRZ01000197.1 Escherichia coli strain PN256E8 NODE_194_length_557_cov_0.783721_ID_387, whole genome shotgun sequence	557	0.578096947935368	4fd4f20952772bc08ee38e234c288b6d	incomplete	-	-	-	-	-	-	-	-	-	-	-	-	-	-	-
GCA_003795445.1_GCA_003795445.1_ASM379544v1	GCA_003795445.1_GCA_003795445.1_ASM379544v1_uncompressed	chromosome	-	-	QJRZ01000198.1 Escherichia coli strain PN256E8 NODE_164_length_870_cov_7.23284_ID_327, whole genome shotgun sequence	870	0.3390804597701149	665e43822574a58d938bf067cfc09d05	incomplete	-	-	-	-	-	-	-	-	-	-	-	-	-	-	-
GCA_003795445.1_GCA_003795445.1_ASM379544v1	GCA_003795445.1_GCA_003795445.1_ASM379544v1_uncompressed	chromosome	-	-	QJRZ01000199.1 Escherichia coli strain PN256E8 NODE_165_length_848_cov_75.9307_ID_329, whole genome shotgun sequence	848	0.6544811320754716	8868de0500bce4773da32e861e4655bf	incomplete	-	-	-	-	-	-	-	-	-	-	-	-	-	-	-
GCA_003795445.1_GCA_003795445.1_ASM379544v1	GCA_003795445.1_GCA_003795445.1_ASM379544v1_uncompressed	chromosome	-	-	QJRZ01000200.1 Escherichia coli strain PN256E8 NODE_86_length_8819_cov_28.5785_ID_171, whole genome shotgun sequence	8819	0.5438258305930378	f1c183eb5e34d6bad545304893c1a14f	incomplete	-	-	-	-	-	-	-	-	-	-	-	-	-	-	-
GCA_003795445.1_GCA_003795445.1_ASM379544v1	GCA_003795445.1_GCA_003795445.1_ASM379544v1_uncompressed	chromosome	-	-	QJRZ01000201.1 Escherichia coli strain PN256E8 NODE_168_length_796_cov_206.858_ID_335, whole genome shotgun sequence	796	0.5979899497487438	5bf2ecafbfc0b3eb41aa6b336cee1c1d	incomplete	-	-	-	-	-	-	-	-	-	-	-	-	-	-	-
GCA_003795445.1_GCA_003795445.1_ASM379544v1	GCA_003795445.1_GCA_003795445.1_ASM379544v1_uncompressed	chromosome	-	-	QJRZ01000202.1 Escherichia coli strain PN256E8 NODE_170_length_751_cov_276.373_ID_339, whole genome shotgun sequence	751	0.6537949400798935	5588c88dd56e4224426218b0c07f98f3	incomplete	-	-	-	-	-	-	-	-	-	-	-	-	-	-	-
GCA_003795445.1_GCA_003795445.1_ASM379544v1	GCA_003795445.1_GCA_003795445.1_ASM379544v1_uncompressed	chromosome	-	-	QJRZ01000203.1 Escherichia coli strain PN256E8 NODE_172_length_746_cov_35.5784_ID_343, whole genome shotgun sequence	746	0.532171581769437	5c0386d9ef170d3d3a3636784057c62f	incomplete	-	-	-	-	-	-	-	-	-	-	-	-	-	-	-
GCA_003795445.1_GCA_003795445.1_ASM379544v1	GCA_003795445.1_GCA_003795445.1_ASM379544v1_uncompressed	chromosome	-	-	QJRZ01000204.1 Escherichia coli strain PN256E8 NODE_98_length_5908_cov_29.9697_ID_195, whole genome shotgun sequence	5908	0.4825660121868653	6f0e087f85e34fb2c3c7b0bc3dad74cf	incomplete	-	-	-	-	-	-	-	-	-	-	-	-	-	-	-
GCA_003795445.1_GCA_003795445.1_ASM379544v1	GCA_003795445.1_GCA_003795445.1_ASM379544v1_uncompressed	chromosome	-	-	QJRZ01000205.1 Escherichia coli strain PN256E8 NODE_108_length_4439_cov_34.2034_ID_215, whole genome shotgun sequence	4439	0.5498986258166254	e53fc1337edecefd73aff9ee6527bf81	incomplete	-	-	-	-	-	-	-	-	-	-	-	-	-	-	-
GCA_003795445.1_GCA_003795445.1_ASM379544v1	GCA_003795445.1_GCA_003795445.1_ASM379544v1_uncompressed	chromosome	-	-	QJRZ01000206.1 Escherichia coli strain PN256E8 NODE_178_length_651_cov_31.895_ID_355, whole genome shotgun sequence	651	0.4700460829493088	9dd1aeb91fa57d40718c0da64dafb20a	incomplete	-	-	-	-	-	-	-	-	-	-	-	-	-	-	-
GCA_003795445.1_GCA_003795445.1_ASM379544v1	GCA_003795445.1_GCA_003795445.1_ASM379544v1_uncompressed	chromosome	-	-	QJRZ01000207.1 Escherichia coli strain PN256E8 NODE_45_length_32803_cov_20.3409_ID_89, whole genome shotgun sequence	32803	0.49544249001615703	021c1e2ffd77416e88081ef9ccc2eb55	incomplete	-	-	-	-	-	-	-	-	-	-	-	-	-	-	-
GCA_003795445.1_GCA_003795445.1_ASM379544v1	GCA_003795445.1_GCA_003795445.1_ASM379544v1_uncompressed	chromosome	-	-	QJRZ01000208.1 Escherichia coli strain PN256E8 NODE_191_length_561_cov_19.2535_ID_381, whole genome shotgun sequence	561	0.42245989304812837	893fa80ddd0cf71ab7fd23795f04a9e7	incomplete	-	-	-	-	-	-	-	-	-	-	-	-	-	-	-
GCA_003795445.1_GCA_003795445.1_ASM379544v1	GCA_003795445.1_GCA_003795445.1_ASM379544v1_uncompressed	chromosome	-	-	QJRZ01000209.1 Escherichia coli strain PN256E8 NODE_24_length_76339_cov_33.7207_ID_47, whole genome shotgun sequence	76339	0.5206775042900745	5415e83a30b95c2184216babb3f3b128	incomplete	-	-	-	-	-	-	-	-	-	-	-	-	-	-	-
GCA_003795445.1_GCA_003795445.1_ASM379544v1	GCA_003795445.1_GCA_003795445.1_ASM379544v1_uncompressed	chromosome	-	-	QJRZ01000210.1 Escherichia coli strain PN256E8 NODE_180_length_645_cov_53.9189_ID_359, whole genome shotgun sequence	645	0.5410852713178295	45cccdeb8e8a667e66cf827b68e38f1f	incomplete	-	-	-	-	-	-	-	-	-	-	-	-	-	-	-
GCA_003795445.1_GCA_003795445.1_ASM379544v1	GCA_003795445.1_GCA_003795445.1_ASM379544v1_uncompressed	chromosome	-	-	QJRZ01000211.1 Escherichia coli strain PN256E8 NODE_181_length_644_cov_0.773694_ID_361, whole genome shotgun sequence	644	0.45962732919254656	d911cd481f6fd29d62287cead2672636	incomplete	-	-	-	-	-	-	MOBP,MOB_unknown	AB027308,CP018359	-	-	-	-	-	-	-
GCA_003795445.1_GCA_003795445.1_ASM379544v1	GCA_003795445.1_GCA_003795445.1_ASM379544v1_uncompressed	chromosome	-	-	QJRZ01000212.1 Escherichia coli strain PN256E8 NODE_210_length_474_cov_2.01441_ID_419, whole genome shotgun sequence	474	0.3080168776371308	60c0450077bd74236363c8e66fb8c18a	incomplete	-	-	-	-	-	-	-	-	-	-	-	-	-	-	-
GCA_003795445.1_GCA_003795445.1_ASM379544v1	GCA_003795445.1_GCA_003795445.1_ASM379544v1_uncompressed	chromosome	-	-	QJRZ01000213.1 Escherichia coli strain PN256E8 NODE_182_length_631_cov_0.77381_ID_363, whole genome shotgun sequence	631	0.347068145800317	6759df03e7ebac114183efe097a0f8c9	incomplete	-	-	-	-	-	-	-	-	-	-	-	-	-	-	-
GCA_003795445.1_GCA_003795445.1_ASM379544v1	GCA_003795445.1_GCA_003795445.1_ASM379544v1_uncompressed	chromosome	-	-	QJRZ01000214.1 Escherichia coli strain PN256E8 NODE_83_length_9446_cov_27.0662_ID_165, whole genome shotgun sequence	9446	0.49904721575269956	0780e5a1fdc6e35ff25b61aa12986705	incomplete	-	-	-	-	-	-	-	-	-	-	-	-	-	-	-
GCA_003795445.1_GCA_003795445.1_ASM379544v1	GCA_003795445.1_GCA_003795445.1_ASM379544v1_uncompressed	chromosome	-	-	QJRZ01000215.1 Escherichia coli strain PN256E8 NODE_184_length_606_cov_71.9478_ID_367, whole genome shotgun sequence	606	0.49834983498349833	a5d2c64e060ad73ab65f27781b1007a7	incomplete	-	-	-	-	-	-	-	-	-	-	-	-	-	-	-
GCA_003795445.1_GCA_003795445.1_ASM379544v1	GCA_003795445.1_GCA_003795445.1_ASM379544v1_uncompressed	chromosome	-	-	QJRZ01000216.1 Escherichia coli strain PN256E8 NODE_187_length_581_cov_40.5903_ID_373, whole genome shotgun sequence	581	0.5008605851979346	6c020e72f18b2e6434ac5764ef60b2b1	incomplete	-	-	-	-	-	-	-	-	-	-	-	-	-	-	-
GCA_003795445.1_GCA_003795445.1_ASM379544v1	GCA_003795445.1_GCA_003795445.1_ASM379544v1_uncompressed	chromosome	-	-	QJRZ01000217.1 Escherichia coli strain PN256E8 NODE_40_length_36788_cov_35.7692_ID_79, whole genome shotgun sequence	36788	0.5037240404479721	b55b2e1b56bfa83ef2ae81ae6a105f28	incomplete	-	-	-	-	-	-	-	-	-	-	-	-	-	-	-
GCA_003795445.1_GCA_003795445.1_ASM379544v1	GCA_003795445.1_GCA_003795445.1_ASM379544v1_uncompressed	chromosome	-	-	QJRZ01000218.1 Escherichia coli strain PN256E8 NODE_221_length_442_cov_0.774603_ID_441, whole genome shotgun sequence	442	0.5475113122171946	41ed06082372e53d927667926fa4aa38	incomplete	-	-	-	-	-	-	-	-	-	-	-	-	-	-	-
GCA_003795445.1_GCA_003795445.1_ASM379544v1	GCA_003795445.1_GCA_003795445.1_ASM379544v1_uncompressed	chromosome	-	-	QJRZ01000219.1 Escherichia coli strain PN256E8 NODE_226_length_431_cov_1.14145_ID_451, whole genome shotgun sequence	431	0.4709976798143852	4b42c84e66604c977246acb4188377c2	incomplete	-	-	-	-	-	-	-	-	-	-	-	-	-	-	-
GCA_003795445.1_GCA_003795445.1_ASM379544v1	GCA_003795445.1_GCA_003795445.1_ASM379544v1_uncompressed	chromosome	-	-	QJRZ01000220.1 Escherichia coli strain PN256E8 NODE_153_length_1033_cov_149.811_ID_305, whole genome shotgun sequence	1033	0.6176185866408519	5ccdd2e366e923c7365233cd38d34347	incomplete	-	-	-	-	-	-	-	-	-	-	-	-	-	-	-
GCA_003795445.1_GCA_003795445.1_ASM379544v1	GCA_003795445.1_GCA_003795445.1_ASM379544v1_uncompressed	chromosome	-	-	QJRZ01000221.1 Escherichia coli strain PN256E8 NODE_179_length_645_cov_73.0907_ID_357, whole genome shotgun sequence	645	0.49612403100775193	bc851fd9c793bf4ee0a15e18b00d212d	incomplete	-	-	-	-	-	-	-	-	-	-	-	-	-	-	-
GCA_003795445.1_GCA_003795445.1_ASM379544v1	GCA_003795445.1_GCA_003795445.1_ASM379544v1_uncompressed	chromosome	-	-	QJRZ01000222.1 Escherichia coli strain PN256E8 NODE_189_length_569_cov_0.665158_ID_377, whole genome shotgun sequence	569	0.562390158172232	64f841a801f260d69428b5825266bc3c	incomplete	-	-	-	-	-	-	-	-	-	-	-	-	-	-	-
GCA_003795445.1_GCA_003795445.1_ASM379544v1	GCA_003795445.1_GCA_003795445.1_ASM379544v1_uncompressed	chromosome	-	-	QJRZ01000223.1 Escherichia coli strain PN256E8 NODE_158_length_943_cov_6.25858_ID_315, whole genome shotgun sequence	943	0.37009544008483564	ac48f4bdbb518002c8b069d9f5284e56	incomplete	-	-	-	-	-	-	-	-	-	-	-	-	-	-	-
GCA_003795445.1_GCA_003795445.1_ASM379544v1	GCA_003795445.1_GCA_003795445.1_ASM379544v1_uncompressed	chromosome	-	-	QJRZ01000224.1 Escherichia coli strain PN256E8 NODE_190_length_561_cov_1.18894_ID_379, whole genome shotgun sequence	561	0.6506238859180036	3dde34add2a466e410053db5ba7d7675	incomplete	-	-	-	-	-	-	-	-	-	-	-	-	-	-	-
GCA_003795445.1_GCA_003795445.1_ASM379544v1	GCA_003795445.1_GCA_003795445.1_ASM379544v1_uncompressed	chromosome	-	-	QJRZ01000225.1 Escherichia coli strain PN256E8 NODE_139_length_1677_cov_94.1865_ID_277, whole genome shotgun sequence	1677	0.6201550387596899	7c22266b7832c9925bf3296e116b02f9	incomplete	-	-	-	-	-	-	-	-	-	-	-	-	-	-	-
GCA_003795445.1_GCA_003795445.1_ASM379544v1	GCA_003795445.1_GCA_003795445.1_ASM379544v1_uncompressed	chromosome	-	-	QJRZ01000226.1 Escherichia coli strain PN256E8 NODE_192_length_559_cov_1.02778_ID_383, whole genome shotgun sequence	559	0.5348837209302325	acd5bf9112320574c0bddaf1f5be485d	incomplete	-	-	-	-	-	-	-	-	-	-	-	-	-	-	-
GCA_003795445.1_GCA_003795445.1_ASM379544v1	GCA_003795445.1_GCA_003795445.1_ASM379544v1_uncompressed	chromosome	-	-	QJRZ01000227.1 Escherichia coli strain PN256E8 NODE_196_length_537_cov_5.08537_ID_391, whole genome shotgun sequence	537	0.34823091247672255	6eb8a89f510730e872b48e4afc9371a1	incomplete	-	-	-	-	-	-	-	-	-	-	-	-	-	-	-
GCA_003795445.1_GCA_003795445.1_ASM379544v1	GCA_003795445.1_GCA_003795445.1_ASM379544v1_uncompressed	chromosome	-	-	QJRZ01000228.1 Escherichia coli strain PN256E8 NODE_197_length_517_cov_0.976744_ID_393, whole genome shotgun sequence	517	0.3520309477756286	975f9cf355cf1412a26a78b1b9c9d140	incomplete	-	-	-	-	-	-	-	-	-	-	-	-	-	-	-
GCA_003795445.1_GCA_003795445.1_ASM379544v1	GCA_003795445.1_GCA_003795445.1_ASM379544v1_uncompressed	chromosome	-	-	QJRZ01000229.1 Escherichia coli strain PN256E8 NODE_198_length_513_cov_535.855_ID_395, whole genome shotgun sequence	513	0.49317738791423	20c33f1105cba39588c66e6e5dfa7bc7	incomplete	-	-	-	-	-	-	-	-	-	-	-	-	-	-	-
GCA_003795445.1_GCA_003795445.1_ASM379544v1	GCA_003795445.1_GCA_003795445.1_ASM379544v1_uncompressed	chromosome	-	-	QJRZ01000230.1 Escherichia coli strain PN256E8 NODE_176_length_670_cov_26.2726_ID_351, whole genome shotgun sequence	670	0.43582089552238806	5d08c06f2a8bb4f5f04fea851adc10ce	incomplete	-	-	-	-	-	-	-	-	-	-	-	-	-	-	-
GCA_003795445.1_GCA_003795445.1_ASM379544v1	GCA_003795445.1_GCA_003795445.1_ASM379544v1_uncompressed	chromosome	-	-	QJRZ01000231.1 Escherichia coli strain PN256E8 NODE_200_length_503_cov_0.893617_ID_399, whole genome shotgun sequence	503	0.4433399602385686	f167f218de397dab9a890cec66845ea0	incomplete	-	-	-	-	-	-	-	-	-	-	-	-	-	-	-
GCA_003795445.1_GCA_003795445.1_ASM379544v1	GCA_003795445.1_GCA_003795445.1_ASM379544v1_uncompressed	chromosome	-	-	QJRZ01000232.1 Escherichia coli strain PN256E8 NODE_229_length_429_cov_0.953642_ID_457, whole genome shotgun sequence	429	0.6480186480186481	4d1bd2639591ffd9d94273e7048d1820	incomplete	-	-	-	-	-	-	-	-	-	-	-	-	-	-	-
GCA_003795445.1_GCA_003795445.1_ASM379544v1	GCA_003795445.1_GCA_003795445.1_ASM379544v1_uncompressed	chromosome	-	-	QJRZ01000233.1 Escherichia coli strain PN256E8 NODE_203_length_498_cov_2.25876_ID_405, whole genome shotgun sequence	498	0.3514056224899598	9e8ae96ba1439f6ffc5338a5c4fab027	incomplete	-	-	-	-	-	-	-	-	-	-	-	-	-	-	-
GCA_003795445.1_GCA_003795445.1_ASM379544v1	GCA_003795445.1_GCA_003795445.1_ASM379544v1_uncompressed	chromosome	-	-	QJRZ01000234.1 Escherichia coli strain PN256E8 NODE_205_length_493_cov_1.10109_ID_409, whole genome shotgun sequence	493	0.6247464503042597	777fd9f4fba9c8d0f4e145c18abee827	incomplete	-	-	-	-	-	-	-	-	-	-	-	-	-	-	-
GCA_003795445.1_GCA_003795445.1_ASM379544v1	GCA_003795445.1_GCA_003795445.1_ASM379544v1_uncompressed	chromosome	-	-	QJRZ01000235.1 Escherichia coli strain PN256E8 NODE_207_length_481_cov_0.79096_ID_413, whole genome shotgun sequence	481	0.36174636174636177	d91e41a68d4c586fab024f2a54cb77f5	incomplete	-	-	-	-	-	-	-	-	-	-	-	-	-	-	-
GCA_003795445.1_GCA_003795445.1_ASM379544v1	GCA_003795445.1_GCA_003795445.1_ASM379544v1_uncompressed	chromosome	-	-	QJRZ01000236.1 Escherichia coli strain PN256E8 NODE_213_length_464_cov_0.762611_ID_425, whole genome shotgun sequence	464	0.5323275862068966	a1918f7d55edfbe78b9e4726208e5af3	incomplete	-	-	-	-	-	-	-	-	-	-	-	-	-	-	-
GCA_003795445.1_GCA_003795445.1_ASM379544v1	GCA_003795445.1_GCA_003795445.1_ASM379544v1_uncompressed	chromosome	-	-	QJRZ01000237.1 Escherichia coli strain PN256E8 NODE_81_length_9647_cov_28.8048_ID_161, whole genome shotgun sequence	9647	0.4775577899865243	c77aa519b0c691148fd527539d19e097	incomplete	-	-	-	-	-	-	-	-	-	-	-	-	-	-	-
GCA_003795445.1_GCA_003795445.1_ASM379544v1	GCA_003795445.1_GCA_003795445.1_ASM379544v1_uncompressed	chromosome	-	-	QJRZ01000238.1 Escherichia coli strain PN256E8 NODE_214_length_457_cov_1.05152_ID_427, whole genome shotgun sequence	457	0.5317286652078774	002f12dc1099829f5d9a521e54c77194	incomplete	-	-	-	-	-	-	-	-	-	-	-	-	-	-	-
GCA_003795445.1_GCA_003795445.1_ASM379544v1	GCA_003795445.1_GCA_003795445.1_ASM379544v1_uncompressed	chromosome	-	-	QJRZ01000239.1 Escherichia coli strain PN256E8 NODE_217_length_455_cov_1.05488_ID_433, whole genome shotgun sequence	455	0.610989010989011	ff1e79287ed3435924a12bea3c5e2720	incomplete	-	-	-	-	-	-	-	-	-	-	-	-	-	-	-
GCA_003795445.1_GCA_003795445.1_ASM379544v1	GCA_003795445.1_GCA_003795445.1_ASM379544v1_uncompressed	chromosome	-	-	QJRZ01000240.1 Escherichia coli strain PN256E8 NODE_220_length_454_cov_859.153_ID_439, whole genome shotgun sequence	454	0.5330396475770925	39e7620ecc8ffd1e17a82947dbf4997b	incomplete	-	-	-	-	-	-	-	-	-	-	-	-	-	-	-
GCA_003795445.1_GCA_003795445.1_ASM379544v1	GCA_003795445.1_GCA_003795445.1_ASM379544v1_uncompressed	chromosome	-	-	QJRZ01000241.1 Escherichia coli strain PN256E8 NODE_137_length_1821_cov_25.3111_ID_273, whole genome shotgun sequence	1821	0.43657331136738053	99bbf30fc5eec3a71da5dc90581bda78	incomplete	-	-	-	-	-	-	-	-	-	-	-	-	-	-	-
GCA_003795445.1_GCA_003795445.1_ASM379544v1	GCA_003795445.1_GCA_003795445.1_ASM379544v1_uncompressed	chromosome	-	-	QJRZ01000242.1 Escherichia coli strain PN256E8 NODE_224_length_436_cov_0.786408_ID_447, whole genome shotgun sequence	436	0.5894495412844036	2d71222518d94fe345ceace6b26f0e39	incomplete	-	-	-	-	-	-	-	-	-	-	-	-	-	-	-
GCA_015208565.1_GCA_015208565.1_ASM1520856v1	GCA_015208565.1_GCA_015208565.1_ASM1520856v1_uncompressed	chromosome	-	-	JAAOAA010000001.1 Escherichia coli strain D96_9 Contig_1_133.847_Circ, whole genome shotgun sequence	1335	0.48164794007490636	0a79b43522eb6a0c4d91488b754e9144	incomplete	-	-	-	-	-	-	MOBP	NZ_AFSD01000008	-	-	-	-	-	-	-
GCA_015208565.1_GCA_015208565.1_ASM1520856v1	GCA_015208565.1_GCA_015208565.1_ASM1520856v1_uncompressed	chromosome	-	-	JAAOAA010000002.1 Escherichia coli strain D96_9 Contig_2_30.7602_Circ, whole genome shotgun sequence	13000	0.5776153846153846	7d6e2a98a926d48fc74257041f4adf7c	incomplete	-	-	-	-	-	-	-	-	-	-	-	-	-	-	-
GCA_015208565.1_GCA_015208565.1_ASM1520856v1	GCA_015208565.1_GCA_015208565.1_ASM1520856v1_uncompressed	plasmid	AB050	AJ603	JAAOAA010000003.1 Escherichia coli strain D96_9 Contig_3_110.803_Circ, whole genome shotgun sequence	4665	0.5112540192926045	3c300a88e23df8179e85837a7633559e	incomplete	rep_cluster_2335	KU302809_00001	MOBP,MOBP	NC_013090_00004,NC_001848_00006	-	-	MOBP	CP008720	-	AY589571	0.00197282	Escherichia coli	-	-	-
GCA_015208565.1_GCA_015208565.1_ASM1520856v1	GCA_015208565.1_GCA_015208565.1_ASM1520856v1_uncompressed	plasmid	AA159	AH803	JAAOAA010000004.1 Escherichia coli strain D96_9 Contig_4_343.326_Circ, whole genome shotgun sequence	6811	0.4767288210248128	12def30158ad22040d7d2632d47685d4	incomplete	rep_cluster_2350	CP035723_00002	MOBP	NC_019076_00002	-	-	MOBP	MF083142	-	CP027259	0.000631368	Escherichia coli	-	-	-
GCA_015208565.1_GCA_015208565.1_ASM1520856v1	GCA_015208565.1_GCA_015208565.1_ASM1520856v1_uncompressed	plasmid	AA106	-	JAAOAA010000005.1 Escherichia coli strain D96_9 Contig_5_77.437_Circ, whole genome shotgun sequence	4156	0.45332050048123196	013738b463408eddc09e8cfdf209c39a	incomplete	ColRNAI_rep_cluster_1987	CP041116_00002	-	-	-	-	MOB_unknown	CP016722	-	CP010165	0.0523149	Escherichia coli	-	-	-
GCA_015208565.1_GCA_015208565.1_ASM1520856v1	GCA_015208565.1_GCA_015208565.1_ASM1520856v1_uncompressed	plasmid	AA519	AI689	JAAOAA010000006.1 Escherichia coli strain D96_9 Contig_6_73.4583_Circ, whole genome shotgun sequence	4938	0.5481976508707979	d288ed8ed9a5d38e58568685efd412e4	incomplete	rep_cluster_2335	KU302809_00001	MOBP,MOBP	NC_021293_00005,NC_001848_00006	-	-	MOBP	HQ328804	-	CP011049	0.000830728	Cronobacter sakazakii	-	-	-
GCA_015208565.1_GCA_015208565.1_ASM1520856v1	GCA_015208565.1_GCA_015208565.1_ASM1520856v1_uncompressed	chromosome	-	-	JAAOAA010000007.1 Escherichia coli strain D96_9 Contig_7_115.312_Circ, whole genome shotgun sequence	1979	0.5032844871147044	2d7f483d2e6b05fdd63fdb7e16107e07	incomplete	rep_cluster_2373	LT985313_00005	-	-	-	-	MOB_unknown	CP016722	-	-	-	-	-	-	-
GCA_015208565.1_GCA_015208565.1_ASM1520856v1	GCA_015208565.1_GCA_015208565.1_ASM1520856v1_uncompressed	chromosome	-	-	JAAOAA010000008.1 Escherichia coli strain D96_9 Contig_8_9.76683_Circ, whole genome shotgun sequence	1797	0.6488592097941013	3af00c4698c42d419bebe32f7ba5b197	incomplete	-	-	-	-	-	-	-	-	-	-	-	-	-	-	-
GCA_015208565.1_GCA_015208565.1_ASM1520856v1	GCA_015208565.1_GCA_015208565.1_ASM1520856v1_uncompressed	chromosome	-	-	JAAOAA010000009.1 Escherichia coli strain D96_9 Contig_9_119.516, whole genome shotgun sequence	631	0.5245641838351822	7a5733d889f2894a48201d16d859d2e4	incomplete	-	-	-	-	-	-	-	-	-	-	-	-	-	-	-
GCA_015208565.1_GCA_015208565.1_ASM1520856v1	GCA_015208565.1_GCA_015208565.1_ASM1520856v1_uncompressed	chromosome	-	-	JAAOAA010000010.1 Escherichia coli strain D96_9 Contig_10_17.9164, whole genome shotgun sequence	690	0.4985507246376812	7d1b37f3d82b542d7aa00f7b6210b158	incomplete	-	-	-	-	-	-	-	-	-	-	-	-	-	-	-
GCA_015208565.1_GCA_015208565.1_ASM1520856v1	GCA_015208565.1_GCA_015208565.1_ASM1520856v1_uncompressed	chromosome	-	-	JAAOAA010000011.1 Escherichia coli strain D96_9 Contig_11_24.2029, whole genome shotgun sequence	651	0.543778801843318	34d0000722465e7eeddda45303ee87d1	incomplete	-	-	-	-	-	-	-	-	-	-	-	-	-	-	-
GCA_015208565.1_GCA_015208565.1_ASM1520856v1	GCA_015208565.1_GCA_015208565.1_ASM1520856v1_uncompressed	chromosome	-	-	JAAOAA010000012.1 Escherichia coli strain D96_9 Contig_12_7.85235, whole genome shotgun sequence	2492	0.5461476725521669	b94c00e5fcff0a7b5e520099ce063504	incomplete	-	-	-	-	-	-	-	-	-	-	-	-	-	-	-
GCA_015208565.1_GCA_015208565.1_ASM1520856v1	GCA_015208565.1_GCA_015208565.1_ASM1520856v1_uncompressed	chromosome	-	-	JAAOAA010000013.1 Escherichia coli strain D96_9 Contig_13_78.555, whole genome shotgun sequence	1157	0.4701815038893691	8a759bcd00365a0f8c38388ed55775f0	incomplete	-	-	-	-	-	-	-	-	-	-	-	-	-	-	-
GCA_015208565.1_GCA_015208565.1_ASM1520856v1	GCA_015208565.1_GCA_015208565.1_ASM1520856v1_uncompressed	chromosome	-	-	JAAOAA010000014.1 Escherichia coli strain D96_9 Contig_14_25.5298, whole genome shotgun sequence	507	0.5305719921104537	95f209e2c2deb06a87be2748996d7018	incomplete	-	-	-	-	-	-	-	-	-	-	-	-	-	-	-
GCA_015208565.1_GCA_015208565.1_ASM1520856v1	GCA_015208565.1_GCA_015208565.1_ASM1520856v1_uncompressed	chromosome	-	-	JAAOAA010000015.1 Escherichia coli strain D96_9 Contig_15_7.24158, whole genome shotgun sequence	525	0.3904761904761905	09fe1e72ba0b60ab243d00705986f2d9	incomplete	-	-	-	-	-	-	-	-	-	-	-	-	-	-	-
GCA_015208565.1_GCA_015208565.1_ASM1520856v1	GCA_015208565.1_GCA_015208565.1_ASM1520856v1_uncompressed	chromosome	-	-	JAAOAA010000016.1 Escherichia coli strain D96_9 Contig_16_6.67435, whole genome shotgun sequence	1626	0.6082410824108241	b6a3d1c91de12f1ec17410ea20e0a869	incomplete	-	-	-	-	-	-	-	-	-	-	-	-	-	-	-
GCA_015208565.1_GCA_015208565.1_ASM1520856v1	GCA_015208565.1_GCA_015208565.1_ASM1520856v1_uncompressed	chromosome	-	-	JAAOAA010000017.1 Escherichia coli strain D96_9 Contig_17_37.7613, whole genome shotgun sequence	413352	0.49411881398904567	22e7a4b58226ac26bd9b76c315053881	incomplete	-	-	-	-	-	-	-	-	-	-	-	-	-	-	-
GCA_015208565.1_GCA_015208565.1_ASM1520856v1	GCA_015208565.1_GCA_015208565.1_ASM1520856v1_uncompressed	chromosome	-	-	JAAOAA010000018.1 Escherichia coli strain D96_9 Contig_18_21.8008, whole genome shotgun sequence	502	0.5358565737051793	e6458bbb989322a43f55fbec1d00e5c0	incomplete	-	-	-	-	-	-	-	-	-	-	-	-	-	-	-
GCA_015208565.1_GCA_015208565.1_ASM1520856v1	GCA_015208565.1_GCA_015208565.1_ASM1520856v1_uncompressed	chromosome	-	-	JAAOAA010000019.1 Escherichia coli strain D96_9 Contig_19_38.8476, whole genome shotgun sequence	683241	0.5065460064603852	2ee9782655f84d13695ad2b57d93de50	incomplete	-	-	-	-	-	-	-	-	-	-	-	-	-	-	-
GCA_015208565.1_GCA_015208565.1_ASM1520856v1	GCA_015208565.1_GCA_015208565.1_ASM1520856v1_uncompressed	chromosome	-	-	JAAOAA010000020.1 Escherichia coli strain D96_9 Contig_20_19.575, whole genome shotgun sequence	3766	0.5164630908125332	d63b1a3ddf1538285446eb1b8f8a9b6f	incomplete	-	-	-	-	-	-	-	-	-	-	-	-	-	-	-
GCA_015208565.1_GCA_015208565.1_ASM1520856v1	GCA_015208565.1_GCA_015208565.1_ASM1520856v1_uncompressed	chromosome	-	-	JAAOAA010000021.1 Escherichia coli strain D96_9 Contig_21_9.67754, whole genome shotgun sequence	1645	0.5756838905775076	3672d03d13e02abc38c1314682b64434	incomplete	-	-	-	-	-	-	-	-	-	-	-	-	-	-	-
GCA_015208565.1_GCA_015208565.1_ASM1520856v1	GCA_015208565.1_GCA_015208565.1_ASM1520856v1_uncompressed	chromosome	-	-	JAAOAA010000022.1 Escherichia coli strain D96_9 Contig_22_9.80251, whole genome shotgun sequence	1372	0.5612244897959183	7e9704d394c6e753708ddb64cdbd79b4	incomplete	-	-	-	-	-	-	-	-	-	-	-	-	-	-	-
GCA_015208565.1_GCA_015208565.1_ASM1520856v1	GCA_015208565.1_GCA_015208565.1_ASM1520856v1_uncompressed	chromosome	-	-	JAAOAA010000023.1 Escherichia coli strain D96_9 Contig_23_10.4363, whole genome shotgun sequence	994	0.46680080482897385	65a89f35bb727b1cd97ee056d95b5156	incomplete	-	-	-	-	-	-	-	-	-	-	-	-	-	-	-
GCA_015208565.1_GCA_015208565.1_ASM1520856v1	GCA_015208565.1_GCA_015208565.1_ASM1520856v1_uncompressed	chromosome	-	-	JAAOAA010000024.1 Escherichia coli strain D96_9 Contig_24_7.22332, whole genome shotgun sequence	2541	0.5749704840613932	9ca459a7e3d290d87c82c0807f80d7e1	incomplete	-	-	-	-	-	-	-	-	-	-	-	-	-	-	-
GCA_015208565.1_GCA_015208565.1_ASM1520856v1	GCA_015208565.1_GCA_015208565.1_ASM1520856v1_uncompressed	chromosome	-	-	JAAOAA010000025.1 Escherichia coli strain D96_9 Contig_25_7.52047, whole genome shotgun sequence	533	0.47842401500938087	c421bf4a1399a9ee1ac8e551fda39cc9	incomplete	-	-	-	-	-	-	-	-	-	-	-	-	-	-	-
GCA_015208565.1_GCA_015208565.1_ASM1520856v1	GCA_015208565.1_GCA_015208565.1_ASM1520856v1_uncompressed	chromosome	-	-	JAAOAA010000026.1 Escherichia coli strain D96_9 Contig_26_6.90227, whole genome shotgun sequence	2046	0.5786901270772239	4d476e459ee61da11ce7c68714ec1e78	incomplete	-	-	-	-	-	-	-	-	-	-	-	-	-	-	-
GCA_015208565.1_GCA_015208565.1_ASM1520856v1	GCA_015208565.1_GCA_015208565.1_ASM1520856v1_uncompressed	chromosome	-	-	JAAOAA010000027.1 Escherichia coli strain D96_9 Contig_27_19.0807, whole genome shotgun sequence	627	0.5486443381180224	1bd92abee978ab71dd89228797299492	incomplete	-	-	-	-	-	-	-	-	-	-	-	-	-	-	-
GCA_015208565.1_GCA_015208565.1_ASM1520856v1	GCA_015208565.1_GCA_015208565.1_ASM1520856v1_uncompressed	chromosome	-	-	JAAOAA010000028.1 Escherichia coli strain D96_9 Contig_28_9.22046, whole genome shotgun sequence	1975	0.5594936708860759	e500e4fca06212a20814a3b9e4b2b102	incomplete	-	-	-	-	-	-	-	-	-	-	-	-	-	-	-
GCA_015208565.1_GCA_015208565.1_ASM1520856v1	GCA_015208565.1_GCA_015208565.1_ASM1520856v1_uncompressed	chromosome	-	-	JAAOAA010000029.1 Escherichia coli strain D96_9 Contig_29_9.07949, whole genome shotgun sequence	649	0.5916795069337443	27e19e3669345ce74e596cf601a38371	incomplete	-	-	-	-	-	-	-	-	-	-	-	-	-	-	-
GCA_015208565.1_GCA_015208565.1_ASM1520856v1	GCA_015208565.1_GCA_015208565.1_ASM1520856v1_uncompressed	chromosome	-	-	JAAOAA010000030.1 Escherichia coli strain D96_9 Contig_30_7.3124, whole genome shotgun sequence	1230	0.551219512195122	67afd6fddac11c662febcd4543dd00dc	incomplete	-	-	-	-	-	-	-	-	-	-	-	-	-	-	-
GCA_015208565.1_GCA_015208565.1_ASM1520856v1	GCA_015208565.1_GCA_015208565.1_ASM1520856v1_uncompressed	chromosome	-	-	JAAOAA010000031.1 Escherichia coli strain D96_9 Contig_31_11.5157, whole genome shotgun sequence	530	0.3886792452830189	cc77d9db77200b3ebc5f991562e575ac	incomplete	-	-	-	-	-	-	-	-	-	-	-	-	-	-	-
GCA_015208565.1_GCA_015208565.1_ASM1520856v1	GCA_015208565.1_GCA_015208565.1_ASM1520856v1_uncompressed	chromosome	-	-	JAAOAA010000032.1 Escherichia coli strain D96_9 Contig_32_9.64265, whole genome shotgun sequence	700	0.38857142857142857	c971b93b33f6f7b56413a46c71f9d746	incomplete	-	-	-	-	-	-	-	-	-	-	-	-	-	-	-
GCA_015208565.1_GCA_015208565.1_ASM1520856v1	GCA_015208565.1_GCA_015208565.1_ASM1520856v1_uncompressed	chromosome	-	-	JAAOAA010000033.1 Escherichia coli strain D96_9 Contig_33_9.07692, whole genome shotgun sequence	1528	0.5229057591623036	7e2fbcafe76c812e9d6297d8f1d82557	incomplete	-	-	-	-	-	-	-	-	-	-	-	-	-	-	-
GCA_015208565.1_GCA_015208565.1_ASM1520856v1	GCA_015208565.1_GCA_015208565.1_ASM1520856v1_uncompressed	chromosome	-	-	JAAOAA010000034.1 Escherichia coli strain D96_9 Contig_34_12.3812, whole genome shotgun sequence	912	0.5328947368421053	8606a147c86ff77f0d30f061e74ce453	incomplete	-	-	-	-	-	-	-	-	-	-	-	-	-	-	-
GCA_015208565.1_GCA_015208565.1_ASM1520856v1	GCA_015208565.1_GCA_015208565.1_ASM1520856v1_uncompressed	chromosome	-	-	JAAOAA010000035.1 Escherichia coli strain D96_9 Contig_35_8.80815, whole genome shotgun sequence	1443	0.5467775467775468	9cc0794ff7b938fa62e0beb83a5bc5a5	incomplete	-	-	-	-	-	-	-	-	-	-	-	-	-	-	-
GCA_015208565.1_GCA_015208565.1_ASM1520856v1	GCA_015208565.1_GCA_015208565.1_ASM1520856v1_uncompressed	chromosome	-	-	JAAOAA010000036.1 Escherichia coli strain D96_9 Contig_36_6.85853, whole genome shotgun sequence	536	0.3208955223880597	3aa0b0880e5efe53d1cd37377a628c21	incomplete	-	-	-	-	-	-	-	-	-	-	-	-	-	-	-
GCA_015208565.1_GCA_015208565.1_ASM1520856v1	GCA_015208565.1_GCA_015208565.1_ASM1520856v1_uncompressed	chromosome	-	-	JAAOAA010000037.1 Escherichia coli strain D96_9 Contig_37_9.19095, whole genome shotgun sequence	3026	0.549239920687376	dd6c4a0fead0009d78ed1bc6ac7ce360	incomplete	-	-	-	-	-	-	-	-	-	-	-	-	-	-	-
GCA_015208565.1_GCA_015208565.1_ASM1520856v1	GCA_015208565.1_GCA_015208565.1_ASM1520856v1_uncompressed	chromosome	-	-	JAAOAA010000038.1 Escherichia coli strain D96_9 Contig_38_38.025, whole genome shotgun sequence	222545	0.4949650632456357	913b6a3633a5e7be7687b0dc21645cae	incomplete	-	-	-	-	-	-	-	-	-	-	-	-	-	-	-
GCA_015208565.1_GCA_015208565.1_ASM1520856v1	GCA_015208565.1_GCA_015208565.1_ASM1520856v1_uncompressed	chromosome	-	-	JAAOAA010000039.1 Escherichia coli strain D96_9 Contig_39_37.5533, whole genome shotgun sequence	457026	0.5124938187324135	816a982a3b21e7f4796a16d3c0429d62	incomplete	-	-	-	-	-	-	-	-	-	-	-	-	-	-	-
GCA_015208565.1_GCA_015208565.1_ASM1520856v1	GCA_015208565.1_GCA_015208565.1_ASM1520856v1_uncompressed	chromosome	-	-	JAAOAA010000040.1 Escherichia coli strain D96_9 Contig_40_9.85349, whole genome shotgun sequence	1194	0.5829145728643216	1aeeb0f9a55d12014cdf87cfa95a6ef4	incomplete	-	-	-	-	-	-	-	-	-	-	-	-	-	-	-
GCA_015208565.1_GCA_015208565.1_ASM1520856v1	GCA_015208565.1_GCA_015208565.1_ASM1520856v1_uncompressed	chromosome	-	-	JAAOAA010000041.1 Escherichia coli strain D96_9 Contig_41_10.6032, whole genome shotgun sequence	1527	0.5219384413883431	217cb7aeb157771169a8c3cffd70f954	incomplete	-	-	-	-	-	-	-	-	-	-	-	-	-	-	-
GCA_015208565.1_GCA_015208565.1_ASM1520856v1	GCA_015208565.1_GCA_015208565.1_ASM1520856v1_uncompressed	chromosome	-	-	JAAOAA010000042.1 Escherichia coli strain D96_9 Contig_42_10.2863, whole genome shotgun sequence	757	0.5495376486129459	8a6ed48e757511d424f38a4173df65e5	incomplete	-	-	-	-	-	-	-	-	-	-	-	-	-	-	-
GCA_015208565.1_GCA_015208565.1_ASM1520856v1	GCA_015208565.1_GCA_015208565.1_ASM1520856v1_uncompressed	plasmid	AA179	AH868	JAAOAA010000043.1 Escherichia coli strain D96_9 Contig_43_41.0926, whole genome shotgun sequence	15375	0.5085528455284553	56e96bf8490bd8739a268dce5e005dbf	incomplete	-	-	-	-	-	-	-	-	-	CP022166	0.00319852	Escherichia coli	-	-	-
GCA_015208565.1_GCA_015208565.1_ASM1520856v1	GCA_015208565.1_GCA_015208565.1_ASM1520856v1_uncompressed	chromosome	-	-	JAAOAA010000044.1 Escherichia coli strain D96_9 Contig_44_7.7201, whole genome shotgun sequence	1692	0.6182033096926713	ec3649c30f3c7842edb204644df42f19	incomplete	-	-	-	-	-	-	-	-	-	-	-	-	-	-	-
GCA_015208565.1_GCA_015208565.1_ASM1520856v1	GCA_015208565.1_GCA_015208565.1_ASM1520856v1_uncompressed	chromosome	-	-	JAAOAA010000045.1 Escherichia coli strain D96_9 Contig_45_8.12806, whole genome shotgun sequence	2019	0.5596830113917781	16c1505a0ec201a10ce2d1a226f9de85	incomplete	-	-	-	-	-	-	-	-	-	-	-	-	-	-	-
GCA_015208565.1_GCA_015208565.1_ASM1520856v1	GCA_015208565.1_GCA_015208565.1_ASM1520856v1_uncompressed	chromosome	-	-	JAAOAA010000046.1 Escherichia coli strain D96_9 Contig_46_6.91681, whole genome shotgun sequence	2424	0.570957095709571	8b55aa4a153564b448302857b4ff14ab	incomplete	-	-	-	-	-	-	-	-	-	-	-	-	-	-	-
GCA_015208565.1_GCA_015208565.1_ASM1520856v1	GCA_015208565.1_GCA_015208565.1_ASM1520856v1_uncompressed	chromosome	-	-	JAAOAA010000047.1 Escherichia coli strain D96_9 Contig_47_4.60194, whole genome shotgun sequence	1359	0.4282560706401766	97f97cf4d06ae5242a1da1a9f2781805	incomplete	-	-	-	-	-	-	-	-	-	-	-	-	-	-	-
GCA_015208565.1_GCA_015208565.1_ASM1520856v1	GCA_015208565.1_GCA_015208565.1_ASM1520856v1_uncompressed	chromosome	-	-	JAAOAA010000048.1 Escherichia coli strain D96_9 Contig_48_9.46292, whole genome shotgun sequence	856	0.552570093457944	c25600163873dde1ed9252bc1b7afeb8	incomplete	-	-	-	-	-	-	-	-	-	-	-	-	-	-	-
GCA_015208565.1_GCA_015208565.1_ASM1520856v1	GCA_015208565.1_GCA_015208565.1_ASM1520856v1_uncompressed	chromosome	-	-	JAAOAA010000049.1 Escherichia coli strain D96_9 Contig_49_8.00428, whole genome shotgun sequence	3054	0.5117878192534381	7aa356dc6c3f4b604d75d217f8d811b1	incomplete	-	-	-	-	-	-	-	-	-	-	-	-	-	-	-
GCA_015208565.1_GCA_015208565.1_ASM1520856v1	GCA_015208565.1_GCA_015208565.1_ASM1520856v1_uncompressed	chromosome	-	-	JAAOAA010000050.1 Escherichia coli strain D96_9 Contig_50_80.012, whole genome shotgun sequence	4928	0.5740665584415584	d74c36c082a506e6cea4731e215552a7	incomplete	-	-	-	-	-	-	-	-	-	-	-	-	-	-	-
GCA_015208565.1_GCA_015208565.1_ASM1520856v1	GCA_015208565.1_GCA_015208565.1_ASM1520856v1_uncompressed	chromosome	-	-	JAAOAA010000051.1 Escherichia coli strain D96_9 Contig_51_8.72459, whole genome shotgun sequence	2765	0.4448462929475588	5af3d8ade89f16ba9e1e4f3b260b2585	incomplete	-	-	-	-	-	-	-	-	-	-	-	-	-	-	-
GCA_015208565.1_GCA_015208565.1_ASM1520856v1	GCA_015208565.1_GCA_015208565.1_ASM1520856v1_uncompressed	chromosome	-	-	JAAOAA010000052.1 Escherichia coli strain D96_9 Contig_52_169.869, whole genome shotgun sequence	614	0.501628664495114	4282f803df091de161c203f980aad619	incomplete	-	-	-	-	-	-	-	-	-	-	-	-	-	-	-
GCA_015208565.1_GCA_015208565.1_ASM1520856v1	GCA_015208565.1_GCA_015208565.1_ASM1520856v1_uncompressed	chromosome	-	-	JAAOAA010000053.1 Escherichia coli strain D96_9 Contig_53_7.84455, whole genome shotgun sequence	1120	0.45714285714285713	f2bd37a23d3b8abdf76bc4b44ef74422	incomplete	-	-	-	-	-	-	-	-	-	-	-	-	-	-	-
GCA_015208565.1_GCA_015208565.1_ASM1520856v1	GCA_015208565.1_GCA_015208565.1_ASM1520856v1_uncompressed	chromosome	-	-	JAAOAA010000054.1 Escherichia coli strain D96_9 Contig_54_5.94578, whole genome shotgun sequence	518	0.5115830115830116	0107d02f0076c3c7ee569fd86a1170e8	incomplete	-	-	-	-	-	-	-	-	-	-	-	-	-	-	-
GCA_015208565.1_GCA_015208565.1_ASM1520856v1	GCA_015208565.1_GCA_015208565.1_ASM1520856v1_uncompressed	chromosome	-	-	JAAOAA010000055.1 Escherichia coli strain D96_9 Contig_55_5.64179, whole genome shotgun sequence	623	0.4478330658105939	c01e04f3f9eb202e05b894aadee255bd	incomplete	-	-	-	-	-	-	-	-	-	-	-	-	-	-	-
GCA_015208565.1_GCA_015208565.1_ASM1520856v1	GCA_015208565.1_GCA_015208565.1_ASM1520856v1_uncompressed	chromosome	-	-	JAAOAA010000056.1 Escherichia coli strain D96_9 Contig_56_58.3571, whole genome shotgun sequence	4305	0.5228803716608594	d904682da83c7aec3eb318fea6412ab2	incomplete	-	-	-	-	-	-	-	-	-	-	-	-	-	-	-
GCA_015208565.1_GCA_015208565.1_ASM1520856v1	GCA_015208565.1_GCA_015208565.1_ASM1520856v1_uncompressed	chromosome	-	-	JAAOAA010000057.1 Escherichia coli strain D96_9 Contig_57_10.6583, whole genome shotgun sequence	655	0.4946564885496183	90e843511a426a62b75ed8d8433d2cdf	incomplete	-	-	-	-	-	-	-	-	-	-	-	-	-	-	-
GCA_015208565.1_GCA_015208565.1_ASM1520856v1	GCA_015208565.1_GCA_015208565.1_ASM1520856v1_uncompressed	chromosome	-	-	JAAOAA010000058.1 Escherichia coli strain D96_9 Contig_58_8.09212, whole genome shotgun sequence	1670	0.5383233532934132	015cc1c164ec5706652c3bcd99d51ecd	incomplete	-	-	-	-	-	-	-	-	-	-	-	-	-	-	-
GCA_015208565.1_GCA_015208565.1_ASM1520856v1	GCA_015208565.1_GCA_015208565.1_ASM1520856v1_uncompressed	chromosome	-	-	JAAOAA010000059.1 Escherichia coli strain D96_9 Contig_59_6.77233, whole genome shotgun sequence	1061	0.38737040527803956	888bb6f49fff6ccf9bbbfbdd0f28d1bc	incomplete	-	-	-	-	-	-	-	-	-	-	-	-	-	-	-
GCA_015208565.1_GCA_015208565.1_ASM1520856v1	GCA_015208565.1_GCA_015208565.1_ASM1520856v1_uncompressed	chromosome	-	-	JAAOAA010000060.1 Escherichia coli strain D96_9 Contig_60_8.73839, whole genome shotgun sequence	666	0.503003003003003	5191db0e932ed00c7fab1cbcd91fb106	incomplete	-	-	-	-	-	-	-	-	-	-	-	-	-	-	-
GCA_015208565.1_GCA_015208565.1_ASM1520856v1	GCA_015208565.1_GCA_015208565.1_ASM1520856v1_uncompressed	chromosome	-	-	JAAOAA010000061.1 Escherichia coli strain D96_9 Contig_61_47.3566, whole genome shotgun sequence	707	0.5586987270155587	c86595c97ae85fec32c66aef3a041850	incomplete	-	-	-	-	-	-	MOBP	CP008720	-	-	-	-	-	-	-
GCA_015208565.1_GCA_015208565.1_ASM1520856v1	GCA_015208565.1_GCA_015208565.1_ASM1520856v1_uncompressed	chromosome	-	-	JAAOAA010000062.1 Escherichia coli strain D96_9 Contig_62_8.61986, whole genome shotgun sequence	1551	0.5622179239200515	4d55b0bff87b4b24b3d3b9e3b0a382d7	incomplete	-	-	-	-	-	-	-	-	-	-	-	-	-	-	-
GCA_015208565.1_GCA_015208565.1_ASM1520856v1	GCA_015208565.1_GCA_015208565.1_ASM1520856v1_uncompressed	chromosome	-	-	JAAOAA010000063.1 Escherichia coli strain D96_9 Contig_63_28.6207, whole genome shotgun sequence	3400	0.5844117647058824	9291b149fd3e02afaed61842db809059	incomplete	-	-	-	-	-	-	-	-	-	CP024485	0.0747985	Klebsiella pneumoniae	-	-	-
GCA_015208565.1_GCA_015208565.1_ASM1520856v1	GCA_015208565.1_GCA_015208565.1_ASM1520856v1_uncompressed	chromosome	-	-	JAAOAA010000064.1 Escherichia coli strain D96_9 Contig_64_10.1848, whole genome shotgun sequence	1216	0.5707236842105263	107c8cdb5bb1b1771dc649203295b15f	incomplete	-	-	-	-	-	-	-	-	-	-	-	-	-	-	-
GCA_015208565.1_GCA_015208565.1_ASM1520856v1	GCA_015208565.1_GCA_015208565.1_ASM1520856v1_uncompressed	chromosome	-	-	JAAOAA010000065.1 Escherichia coli strain D96_9 Contig_65_8.89623, whole genome shotgun sequence	5956	0.5732034922766958	9a31e8f632dcc7474480d93f1aabae74	incomplete	-	-	-	-	-	-	-	-	-	-	-	-	-	-	-
GCA_015208565.1_GCA_015208565.1_ASM1520856v1	GCA_015208565.1_GCA_015208565.1_ASM1520856v1_uncompressed	chromosome	-	-	JAAOAA010000066.1 Escherichia coli strain D96_9 Contig_66_66.7985, whole genome shotgun sequence	680	0.4426470588235294	ef502db3c79ce80e891c71be5e0215a6	incomplete	-	-	-	-	-	-	-	-	-	-	-	-	-	-	-
GCA_015208565.1_GCA_015208565.1_ASM1520856v1	GCA_015208565.1_GCA_015208565.1_ASM1520856v1_uncompressed	chromosome	-	-	JAAOAA010000067.1 Escherichia coli strain D96_9 Contig_67_27.9054, whole genome shotgun sequence	1320	0.4871212121212121	a08b373aea6d062dc2ddf15db283a538	incomplete	-	-	-	-	-	-	-	-	-	-	-	-	-	-	-
GCA_015208565.1_GCA_015208565.1_ASM1520856v1	GCA_015208565.1_GCA_015208565.1_ASM1520856v1_uncompressed	chromosome	-	-	JAAOAA010000068.1 Escherichia coli strain D96_9 Contig_68_8.67623, whole genome shotgun sequence	891	0.49607182940516276	0486726011f6c777bb9de489e385505f	incomplete	-	-	-	-	-	-	-	-	-	-	-	-	-	-	-
GCA_015208565.1_GCA_015208565.1_ASM1520856v1	GCA_015208565.1_GCA_015208565.1_ASM1520856v1_uncompressed	chromosome	-	-	JAAOAA010000069.1 Escherichia coli strain D96_9 Contig_69_20.458, whole genome shotgun sequence	520	0.4576923076923077	b43fd8aab1118aed3cfa53c30ae8cebc	incomplete	-	-	-	-	-	-	-	-	-	-	-	-	-	-	-
GCA_015208565.1_GCA_015208565.1_ASM1520856v1	GCA_015208565.1_GCA_015208565.1_ASM1520856v1_uncompressed	chromosome	-	-	JAAOAA010000070.1 Escherichia coli strain D96_9 Contig_70_9.42697, whole genome shotgun sequence	1088	0.42003676470588236	320fa9f8932740d07a4cc69affddc1ac	incomplete	-	-	-	-	-	-	-	-	-	-	-	-	-	-	-
GCA_015208565.1_GCA_015208565.1_ASM1520856v1	GCA_015208565.1_GCA_015208565.1_ASM1520856v1_uncompressed	chromosome	-	-	JAAOAA010000071.1 Escherichia coli strain D96_9 Contig_71_20.4071, whole genome shotgun sequence	1398	0.5286123032904149	a8420fc288e183f14c044c5e0a8aa292	incomplete	-	-	-	-	-	-	-	-	-	-	-	-	-	-	-
GCA_015208565.1_GCA_015208565.1_ASM1520856v1	GCA_015208565.1_GCA_015208565.1_ASM1520856v1_uncompressed	plasmid	AA179	AH868	JAAOAA010000072.1 Escherichia coli strain D96_9 Contig_72_86.2823, whole genome shotgun sequence	1639	0.6534472239170226	f05ff70a9e6ab0c3f4beadcbb440624a	incomplete	-	-	-	-	-	-	-	-	-	CP022166	0.00319852	Escherichia coli	MF805806,CP001182,KY495890,JF274989,MF168946,KC543497,HQ840942,JQ899055,CP022426,KF743817	IS1006,IS15,IS5075,ISCsp2,ISMca2,ISPa40,ISSod9,Tn3,TnAs1,TnAs2	repetitve element
GCA_015208565.1_GCA_015208565.1_ASM1520856v1	GCA_015208565.1_GCA_015208565.1_ASM1520856v1_uncompressed	chromosome	-	-	JAAOAA010000073.1 Escherichia coli strain D96_9 Contig_73_14.4411, whole genome shotgun sequence	1464	0.5034153005464481	a494bd7489c2ebef6802c50c526508f5	incomplete	-	-	-	-	-	-	-	-	-	-	-	-	-	-	-
GCA_015208565.1_GCA_015208565.1_ASM1520856v1	GCA_015208565.1_GCA_015208565.1_ASM1520856v1_uncompressed	chromosome	-	-	JAAOAA010000074.1 Escherichia coli strain D96_9 Contig_74_8.71714, whole genome shotgun sequence	1123	0.4639358860195904	b15b0dd8f0ec7ea9ca6b48d05d4d2b9e	incomplete	-	-	-	-	-	-	-	-	-	-	-	-	CP001509,MF344566	IS1S,ISKpn8	repetitve element
GCA_015208565.1_GCA_015208565.1_ASM1520856v1	GCA_015208565.1_GCA_015208565.1_ASM1520856v1_uncompressed	chromosome	-	-	JAAOAA010000075.1 Escherichia coli strain D96_9 Contig_75_39.7183, whole genome shotgun sequence	142324	0.5086844102189371	e566e370826581e5286556c3d4eb1d9e	incomplete	-	-	-	-	-	-	-	-	-	-	-	-	-	-	-
GCA_015208565.1_GCA_015208565.1_ASM1520856v1	GCA_015208565.1_GCA_015208565.1_ASM1520856v1_uncompressed	chromosome	-	-	JAAOAA010000076.1 Escherichia coli strain D96_9 Contig_76_8.67595, whole genome shotgun sequence	1313	0.5567402894135567	05d40d5dd6dc8b89bcc4e9fdb6dfa567	incomplete	-	-	-	-	-	-	-	-	-	-	-	-	-	-	-
GCA_015208565.1_GCA_015208565.1_ASM1520856v1	GCA_015208565.1_GCA_015208565.1_ASM1520856v1_uncompressed	plasmid	AA179	AH868	JAAOAA010000077.1 Escherichia coli strain D96_9 Contig_77_21.0974, whole genome shotgun sequence	2637	0.5362153962836557	e420e136a4a642cc0f4c5b710e637140	incomplete	-	-	-	-	-	-	-	-	-	CP022166	0.00319852	Escherichia coli	AP010960	ISEc43	repetitve element
GCA_015208565.1_GCA_015208565.1_ASM1520856v1	GCA_015208565.1_GCA_015208565.1_ASM1520856v1_uncompressed	chromosome	-	-	JAAOAA010000078.1 Escherichia coli strain D96_9 Contig_78_8.86561, whole genome shotgun sequence	6955	0.5549964054636952	9e54f38700cd5ba6d921926a3aae77b2	incomplete	-	-	-	-	-	-	-	-	-	-	-	-	-	-	-
GCA_015208565.1_GCA_015208565.1_ASM1520856v1	GCA_015208565.1_GCA_015208565.1_ASM1520856v1_uncompressed	chromosome	-	-	JAAOAA010000079.1 Escherichia coli strain D96_9 Contig_79_23.8703, whole genome shotgun sequence	606	0.5066006600660066	0ff93527e2ecb3e3bda177dff6615dc4	incomplete	-	-	-	-	-	-	-	-	-	-	-	-	-	-	-
GCA_015208565.1_GCA_015208565.1_ASM1520856v1	GCA_015208565.1_GCA_015208565.1_ASM1520856v1_uncompressed	chromosome	-	-	JAAOAA010000080.1 Escherichia coli strain D96_9 Contig_80_13.8078, whole genome shotgun sequence	1789	0.4946897708216881	4ee98d71b0b1f3762e3a46261a596ec8	incomplete	-	-	-	-	-	-	-	-	-	-	-	-	-	-	-
GCA_015208565.1_GCA_015208565.1_ASM1520856v1	GCA_015208565.1_GCA_015208565.1_ASM1520856v1_uncompressed	chromosome	-	-	JAAOAA010000081.1 Escherichia coli strain D96_9 Contig_81_37.4908, whole genome shotgun sequence	94944	0.5240457532861477	b16753f030b118f5449f2d8538e5c2ae	incomplete	-	-	-	-	-	-	-	-	-	-	-	-	-	-	-
GCA_015208565.1_GCA_015208565.1_ASM1520856v1	GCA_015208565.1_GCA_015208565.1_ASM1520856v1_uncompressed	chromosome	-	-	JAAOAA010000082.1 Escherichia coli strain D96_9 Contig_82_10.2347, whole genome shotgun sequence	919	0.5244831338411317	cb0887a932cddcef9446741439432d6b	incomplete	-	-	-	-	-	-	-	-	-	-	-	-	-	-	-
GCA_015208565.1_GCA_015208565.1_ASM1520856v1	GCA_015208565.1_GCA_015208565.1_ASM1520856v1_uncompressed	chromosome	-	-	JAAOAA010000083.1 Escherichia coli strain D96_9 Contig_83_8.03819, whole genome shotgun sequence	1303	0.6139677666922486	878d6792b298f4f2fab6435fb551b360	incomplete	-	-	-	-	-	-	-	-	-	-	-	-	-	-	-
GCA_015208565.1_GCA_015208565.1_ASM1520856v1	GCA_015208565.1_GCA_015208565.1_ASM1520856v1_uncompressed	chromosome	-	-	JAAOAA010000084.1 Escherichia coli strain D96_9 Contig_84_38.4951, whole genome shotgun sequence	66734	0.4958791620463332	06757ee45db1ce8460d21a2697ac5a52	incomplete	-	-	-	-	-	-	-	-	-	-	-	-	-	-	-
GCA_015208565.1_GCA_015208565.1_ASM1520856v1	GCA_015208565.1_GCA_015208565.1_ASM1520856v1_uncompressed	chromosome	-	-	JAAOAA010000085.1 Escherichia coli strain D96_9 Contig_85_21.6778, whole genome shotgun sequence	1252	0.4496805111821086	b287936c7fca4fb12b629864693af0ef	incomplete	-	-	-	-	-	-	-	-	-	-	-	-	-	-	-
GCA_015208565.1_GCA_015208565.1_ASM1520856v1	GCA_015208565.1_GCA_015208565.1_ASM1520856v1_uncompressed	chromosome	-	-	JAAOAA010000086.1 Escherichia coli strain D96_9 Contig_86_36.706, whole genome shotgun sequence	503	0.5188866799204771	469c8e4ce743c60d92ca120e4cbd249d	incomplete	-	-	-	-	-	-	-	-	-	-	-	-	-	-	-
GCA_015208565.1_GCA_015208565.1_ASM1520856v1	GCA_015208565.1_GCA_015208565.1_ASM1520856v1_uncompressed	chromosome	-	-	JAAOAA010000087.1 Escherichia coli strain D96_9 Contig_87_9.08929, whole genome shotgun sequence	972	0.5771604938271605	15f46bc8cdf37593713fe78e273f0fae	incomplete	-	-	-	-	-	-	-	-	-	-	-	-	-	-	-
GCA_015208565.1_GCA_015208565.1_ASM1520856v1	GCA_015208565.1_GCA_015208565.1_ASM1520856v1_uncompressed	chromosome	-	-	JAAOAA010000088.1 Escherichia coli strain D96_9 Contig_88_11.6226, whole genome shotgun sequence	966	0.5341614906832298	813f69de2e4cbb6f52bf90188a16e17a	incomplete	-	-	-	-	-	-	-	-	-	-	-	-	-	-	-
GCA_015208565.1_GCA_015208565.1_ASM1520856v1	GCA_015208565.1_GCA_015208565.1_ASM1520856v1_uncompressed	chromosome	-	-	JAAOAA010000089.1 Escherichia coli strain D96_9 Contig_89_7.97946, whole genome shotgun sequence	2065	0.5433414043583535	1a82df95fd4b3034247643cec4794a65	incomplete	-	-	-	-	-	-	-	-	-	-	-	-	-	-	-
GCA_015208565.1_GCA_015208565.1_ASM1520856v1	GCA_015208565.1_GCA_015208565.1_ASM1520856v1_uncompressed	chromosome	-	-	JAAOAA010000090.1 Escherichia coli strain D96_9 Contig_90_7.5981, whole genome shotgun sequence	652	0.5230061349693251	daee935053efc435f4294178f559268e	incomplete	-	-	-	-	-	-	-	-	-	-	-	-	-	-	-
GCA_015208565.1_GCA_015208565.1_ASM1520856v1	GCA_015208565.1_GCA_015208565.1_ASM1520856v1_uncompressed	plasmid	AA179	AH868	JAAOAA010000091.1 Escherichia coli strain D96_9 Contig_91_36.6861, whole genome shotgun sequence	77573	0.5165070320859062	83da7d5adebe88773fb3c05d85f7abd2	incomplete	IncFIC,IncFII	AP001918,KF954760	MOBF	NC_017627_00068	MPF_F,MPF_F,MPF_F,MPF_F,MPF_F,MPF_F,MPF_F,MPF_F,MPF_F,MPF_T,MPF_Unknown	NC_022651_00077,NC_010409_00124,NC_019094_00090,NC_017639_00094,NC_007675_00027,NC_017639_00100,NC_018966_00040,NC_010488_00021,NC_009837_00049,NC_013437_00116,08-5333_00200	-	-	-	CP022166	0.00319852	Escherichia coli	-	-	-
GCA_015208565.1_GCA_015208565.1_ASM1520856v1	GCA_015208565.1_GCA_015208565.1_ASM1520856v1_uncompressed	chromosome	-	-	JAAOAA010000092.1 Escherichia coli strain D96_9 Contig_92_10.3953, whole genome shotgun sequence	1816	0.5247797356828194	237fb02847dda45beda3ee3a421e9b5e	incomplete	-	-	-	-	-	-	-	-	-	-	-	-	-	-	-
GCA_015208565.1_GCA_015208565.1_ASM1520856v1	GCA_015208565.1_GCA_015208565.1_ASM1520856v1_uncompressed	chromosome	-	-	JAAOAA010000093.1 Escherichia coli strain D96_9 Contig_93_38.5949, whole genome shotgun sequence	114284	0.4974274614119212	53d9da85a74d5ac219074a58314c1d17	incomplete	-	-	-	-	-	-	-	-	-	-	-	-	-	-	-
GCA_015208565.1_GCA_015208565.1_ASM1520856v1	GCA_015208565.1_GCA_015208565.1_ASM1520856v1_uncompressed	chromosome	-	-	JAAOAA010000094.1 Escherichia coli strain D96_9 Contig_94_9.52236, whole genome shotgun sequence	1630	0.5079754601226993	0480674d27c48e2e5f5d331a7aa64ba1	incomplete	-	-	-	-	-	-	-	-	-	-	-	-	-	-	-
GCA_015208565.1_GCA_015208565.1_ASM1520856v1	GCA_015208565.1_GCA_015208565.1_ASM1520856v1_uncompressed	chromosome	-	-	JAAOAA010000095.1 Escherichia coli strain D96_9 Contig_95_40.7746, whole genome shotgun sequence	186591	0.49748380146952426	881bf0e42279ca8a33d510bbfc7ee3ac	incomplete	-	-	-	-	-	-	-	-	-	-	-	-	-	-	-
GCA_015208565.1_GCA_015208565.1_ASM1520856v1	GCA_015208565.1_GCA_015208565.1_ASM1520856v1_uncompressed	chromosome	-	-	JAAOAA010000096.1 Escherichia coli strain D96_9 Contig_96_38.1255, whole genome shotgun sequence	11666	0.5087433567632436	d6fc409edb1791101d80841d4bf851e5	incomplete	-	-	-	-	-	-	-	-	-	-	-	-	-	-	-
GCA_015208565.1_GCA_015208565.1_ASM1520856v1	GCA_015208565.1_GCA_015208565.1_ASM1520856v1_uncompressed	plasmid	AA179	AH868	JAAOAA010000097.1 Escherichia coli strain D96_9 Contig_97_40.363, whole genome shotgun sequence	49746	0.46785671209745505	3e76b297bc51353b19b6d70dfb7e5796	incomplete	IncFIB	000095__NZ_CP014273_00094	MOBP	NC_021819_00066	-	-	-	-	-	CP022166	0.00319852	Escherichia coli	-	-	-
GCA_015208565.1_GCA_015208565.1_ASM1520856v1	GCA_015208565.1_GCA_015208565.1_ASM1520856v1_uncompressed	chromosome	-	-	JAAOAA010000098.1 Escherichia coli strain D96_9 Contig_98_6.63751, whole genome shotgun sequence	2398	0.560884070058382	09071d217bc50ad320869671603886c7	incomplete	-	-	-	-	-	-	-	-	-	-	-	-	-	-	-
GCA_015208565.1_GCA_015208565.1_ASM1520856v1	GCA_015208565.1_GCA_015208565.1_ASM1520856v1_uncompressed	chromosome	-	-	JAAOAA010000099.1 Escherichia coli strain D96_9 Contig_99_9.73403, whole genome shotgun sequence	881	0.5482406356413166	3b37e47f0783bf31073dfa1b65e18b66	incomplete	-	-	-	-	-	-	-	-	-	-	-	-	-	-	-
GCA_015208565.1_GCA_015208565.1_ASM1520856v1	GCA_015208565.1_GCA_015208565.1_ASM1520856v1_uncompressed	chromosome	-	-	JAAOAA010000100.1 Escherichia coli strain D96_9 Contig_100_7.17235, whole genome shotgun sequence	577	0.4540727902946274	35af837681a88684a16c81340eeb4593	incomplete	-	-	-	-	-	-	-	-	-	-	-	-	-	-	-
GCA_015208565.1_GCA_015208565.1_ASM1520856v1	GCA_015208565.1_GCA_015208565.1_ASM1520856v1_uncompressed	chromosome	-	-	JAAOAA010000101.1 Escherichia coli strain D96_9 Contig_101_17.501, whole genome shotgun sequence	1064	0.5281954887218046	a106cebb2ada1b7cd7c9930ed21fba28	incomplete	-	-	-	-	-	-	-	-	-	-	-	-	-	-	-
GCA_015208565.1_GCA_015208565.1_ASM1520856v1	GCA_015208565.1_GCA_015208565.1_ASM1520856v1_uncompressed	chromosome	-	-	JAAOAA010000102.1 Escherichia coli strain D96_9 Contig_102_40.6078, whole genome shotgun sequence	99190	0.4850993043653594	8279530845dc9db1985481c6bf700703	incomplete	-	-	-	-	-	-	-	-	-	-	-	-	-	-	-
GCA_015208565.1_GCA_015208565.1_ASM1520856v1	GCA_015208565.1_GCA_015208565.1_ASM1520856v1_uncompressed	chromosome	-	-	JAAOAA010000103.1 Escherichia coli strain D96_9 Contig_103_18.9373, whole genome shotgun sequence	1089	0.527089072543618	4ecff9a26b1e7ad93794123809f42f41	incomplete	-	-	-	-	-	-	-	-	-	-	-	-	-	-	-
GCA_015208565.1_GCA_015208565.1_ASM1520856v1	GCA_015208565.1_GCA_015208565.1_ASM1520856v1_uncompressed	chromosome	-	-	JAAOAA010000104.1 Escherichia coli strain D96_9 Contig_104_15.2674, whole genome shotgun sequence	622	0.5144694533762058	3c07c7dad2325381b9df34b8b3dad962	incomplete	-	-	-	-	-	-	-	-	-	-	-	-	-	-	-
GCA_015208565.1_GCA_015208565.1_ASM1520856v1	GCA_015208565.1_GCA_015208565.1_ASM1520856v1_uncompressed	chromosome	-	-	JAAOAA010000105.1 Escherichia coli strain D96_9 Contig_105_7.93059, whole genome shotgun sequence	1331	0.46055597295266715	3cbc11b41986d8eb0971e6270433077e	incomplete	-	-	-	-	-	-	-	-	-	-	-	-	-	-	-
GCA_015208565.1_GCA_015208565.1_ASM1520856v1	GCA_015208565.1_GCA_015208565.1_ASM1520856v1_uncompressed	chromosome	-	-	JAAOAA010000106.1 Escherichia coli strain D96_9 Contig_106_8.95506, whole genome shotgun sequence	7452	0.49261943102522815	0b76d4296524e2ef0c840127d4c158b7	incomplete	-	-	-	-	-	-	-	-	-	-	-	-	-	-	-
GCA_015208565.1_GCA_015208565.1_ASM1520856v1	GCA_015208565.1_GCA_015208565.1_ASM1520856v1_uncompressed	chromosome	-	-	JAAOAA010000107.1 Escherichia coli strain D96_9 Contig_107_9.52445, whole genome shotgun sequence	613	0.5448613376835236	6d5e1e5e3307f1ff03acd72515967572	incomplete	-	-	-	-	-	-	-	-	-	-	-	-	-	-	-
GCA_015208565.1_GCA_015208565.1_ASM1520856v1	GCA_015208565.1_GCA_015208565.1_ASM1520856v1_uncompressed	chromosome	-	-	JAAOAA010000108.1 Escherichia coli strain D96_9 Contig_108_10.7312, whole genome shotgun sequence	1255	0.450996015936255	d4f7c8176c607a6704d6eba82635d807	incomplete	-	-	-	-	-	-	-	-	-	-	-	-	-	-	-
GCA_015208565.1_GCA_015208565.1_ASM1520856v1	GCA_015208565.1_GCA_015208565.1_ASM1520856v1_uncompressed	chromosome	-	-	JAAOAA010000109.1 Escherichia coli strain D96_9 Contig_109_83.4798, whole genome shotgun sequence	516	0.6085271317829457	7edd0698b7525abf0f4228cad728845e	incomplete	-	-	-	-	-	-	-	-	-	-	-	-	-	-	-
GCA_015208565.1_GCA_015208565.1_ASM1520856v1	GCA_015208565.1_GCA_015208565.1_ASM1520856v1_uncompressed	chromosome	-	-	JAAOAA010000110.1 Escherichia coli strain D96_9 Contig_110_8.72581, whole genome shotgun sequence	2201	0.5833711949114039	899f0c2a10d42f9d95c007319653f881	incomplete	-	-	-	-	-	-	-	-	-	-	-	-	-	-	-
GCA_015208565.1_GCA_015208565.1_ASM1520856v1	GCA_015208565.1_GCA_015208565.1_ASM1520856v1_uncompressed	chromosome	-	-	JAAOAA010000111.1 Escherichia coli strain D96_9 Contig_111_8.21602, whole genome shotgun sequence	2580	0.622093023255814	4b12fbae172ab61f23e9eca556c3be7c	incomplete	-	-	-	-	-	-	-	-	-	-	-	-	-	-	-
GCA_015208565.1_GCA_015208565.1_ASM1520856v1	GCA_015208565.1_GCA_015208565.1_ASM1520856v1_uncompressed	chromosome	-	-	JAAOAA010000112.1 Escherichia coli strain D96_9 Contig_112_7.4198, whole genome shotgun sequence	1697	0.5845609899823218	48da766b56e5c7d930de849746235a61	incomplete	-	-	-	-	-	-	-	-	-	-	-	-	-	-	-
GCA_015208565.1_GCA_015208565.1_ASM1520856v1	GCA_015208565.1_GCA_015208565.1_ASM1520856v1_uncompressed	chromosome	-	-	JAAOAA010000113.1 Escherichia coli strain D96_9 Contig_113_38.5635, whole genome shotgun sequence	351785	0.5118211407535853	446c5bc75dcdef9cbba7c5aac19da044	incomplete	-	-	-	-	-	-	-	-	-	-	-	-	-	-	-
GCA_015208565.1_GCA_015208565.1_ASM1520856v1	GCA_015208565.1_GCA_015208565.1_ASM1520856v1_uncompressed	chromosome	-	-	JAAOAA010000114.1 Escherichia coli strain D96_9 Contig_114_39.6195, whole genome shotgun sequence	30943	0.5330446304495362	c4328b1b24fcfeaf3c7898059119afff	incomplete	-	-	-	-	-	-	-	-	-	-	-	-	-	-	-
GCA_015208565.1_GCA_015208565.1_ASM1520856v1	GCA_015208565.1_GCA_015208565.1_ASM1520856v1_uncompressed	chromosome	-	-	JAAOAA010000115.1 Escherichia coli strain D96_9 Contig_115_38.2241, whole genome shotgun sequence	197547	0.5060466623132723	546af15c8fe37b182cd8450c43cb058d	incomplete	-	-	-	-	-	-	-	-	-	-	-	-	-	-	-
GCA_015208565.1_GCA_015208565.1_ASM1520856v1	GCA_015208565.1_GCA_015208565.1_ASM1520856v1_uncompressed	chromosome	-	-	JAAOAA010000116.1 Escherichia coli strain D96_9 Contig_116_13.9872, whole genome shotgun sequence	568	0.49119718309859156	289eb7cd6b1d283163020cdb3df4ddae	incomplete	-	-	-	-	-	-	-	-	-	-	-	-	-	-	-
GCA_015208565.1_GCA_015208565.1_ASM1520856v1	GCA_015208565.1_GCA_015208565.1_ASM1520856v1_uncompressed	chromosome	-	-	JAAOAA010000117.1 Escherichia coli strain D96_9 Contig_117_12.6147, whole genome shotgun sequence	1040	0.5182692307692308	269b957cd0054078c84e5a01183a3663	incomplete	-	-	-	-	-	-	-	-	-	-	-	-	-	-	-
GCA_015208565.1_GCA_015208565.1_ASM1520856v1	GCA_015208565.1_GCA_015208565.1_ASM1520856v1_uncompressed	chromosome	-	-	JAAOAA010000118.1 Escherichia coli strain D96_9 Contig_118_153.593, whole genome shotgun sequence	838	0.5513126491646778	4039631f5f29679af8b4de9cee0230e5	incomplete	-	-	-	-	-	-	-	-	-	-	-	-	-	-	-
GCA_015208565.1_GCA_015208565.1_ASM1520856v1	GCA_015208565.1_GCA_015208565.1_ASM1520856v1_uncompressed	chromosome	-	-	JAAOAA010000119.1 Escherichia coli strain D96_9 Contig_119_15.921, whole genome shotgun sequence	1716	0.5011655011655012	0426620c5e47f4d48a438ce539a1e36a	incomplete	-	-	-	-	-	-	-	-	-	-	-	-	-	-	-
GCA_015208565.1_GCA_015208565.1_ASM1520856v1	GCA_015208565.1_GCA_015208565.1_ASM1520856v1_uncompressed	chromosome	-	-	JAAOAA010000120.1 Escherichia coli strain D96_9 Contig_120_37.1429, whole genome shotgun sequence	3330	0.5618618618618618	3f65c0c7c4375e59f07e11f398670379	incomplete	-	-	-	-	-	-	-	-	-	-	-	-	CP001182,KX243407,CP002457,KY437728,KY437727	IS15,ISMrsp3,ISPpu12,ISPst9,ISShfr9	repetitve element
GCA_015208565.1_GCA_015208565.1_ASM1520856v1	GCA_015208565.1_GCA_015208565.1_ASM1520856v1_uncompressed	chromosome	-	-	JAAOAA010000121.1 Escherichia coli strain D96_9 Contig_121_39.1354, whole genome shotgun sequence	249887	0.5185263739210123	33cc3c6f81d873aa4578e28db3696c48	incomplete	-	-	-	-	-	-	-	-	-	-	-	-	-	-	-
GCA_015208565.1_GCA_015208565.1_ASM1520856v1	GCA_015208565.1_GCA_015208565.1_ASM1520856v1_uncompressed	chromosome	-	-	JAAOAA010000122.1 Escherichia coli strain D96_9 Contig_122_40.5468, whole genome shotgun sequence	68489	0.48565463067061865	9e911afea1ef6aea04f11fcd9bcb9cf5	incomplete	-	-	-	-	-	-	-	-	-	-	-	-	-	-	-
GCA_015208565.1_GCA_015208565.1_ASM1520856v1	GCA_015208565.1_GCA_015208565.1_ASM1520856v1_uncompressed	chromosome	-	-	JAAOAA010000123.1 Escherichia coli strain D96_9 Contig_123_38.414, whole genome shotgun sequence	386408	0.51208308316598	54dd87e68d5f74498c0e1864242794e3	incomplete	-	-	-	-	-	-	-	-	-	-	-	-	-	-	-
GCA_015208565.1_GCA_015208565.1_ASM1520856v1	GCA_015208565.1_GCA_015208565.1_ASM1520856v1_uncompressed	chromosome	-	-	JAAOAA010000124.1 Escherichia coli strain D96_9 Contig_124_7.73594, whole genome shotgun sequence	2989	0.6339913014386083	a66903e07b61f2243ffe7cc66448c910	incomplete	-	-	-	-	-	-	-	-	-	-	-	-	-	-	-
GCA_015208565.1_GCA_015208565.1_ASM1520856v1	GCA_015208565.1_GCA_015208565.1_ASM1520856v1_uncompressed	chromosome	-	-	JAAOAA010000125.1 Escherichia coli strain D96_9 Contig_125_9.87943, whole genome shotgun sequence	584	0.5941780821917808	ee58ecd936fafcbe427e5caca7619a84	incomplete	-	-	-	-	-	-	-	-	-	-	-	-	-	-	-
GCA_015208565.1_GCA_015208565.1_ASM1520856v1	GCA_015208565.1_GCA_015208565.1_ASM1520856v1_uncompressed	chromosome	-	-	JAAOAA010000126.1 Escherichia coli strain D96_9 Contig_126_11.7645, whole genome shotgun sequence	797	0.5633626097867002	752b89c0ad042cc04d5ba144ff2af806	incomplete	-	-	-	-	-	-	-	-	-	-	-	-	-	-	-
GCA_015208565.1_GCA_015208565.1_ASM1520856v1	GCA_015208565.1_GCA_015208565.1_ASM1520856v1_uncompressed	chromosome	-	-	JAAOAA010000127.1 Escherichia coli strain D96_9 Contig_127_18.7685, whole genome shotgun sequence	642	0.5186915887850467	3e045ca695648b296e0a58c3de8a7d6c	incomplete	-	-	-	-	-	-	-	-	-	-	-	-	-	-	-
GCA_015208565.1_GCA_015208565.1_ASM1520856v1	GCA_015208565.1_GCA_015208565.1_ASM1520856v1_uncompressed	chromosome	-	-	JAAOAA010000128.1 Escherichia coli strain D96_9 Contig_128_36.1033, whole genome shotgun sequence	504	0.5456349206349206	4d6edc3666e9641cf7e7573d25c11ce9	incomplete	-	-	-	-	-	-	-	-	-	-	-	-	-	-	-
GCA_015208565.1_GCA_015208565.1_ASM1520856v1	GCA_015208565.1_GCA_015208565.1_ASM1520856v1_uncompressed	chromosome	-	-	JAAOAA010000129.1 Escherichia coli strain D96_9 Contig_129_27.3995, whole genome shotgun sequence	851	0.5158636897767332	cdd58f8fd1463636a58ec3edea9227aa	incomplete	-	-	-	-	-	-	-	-	-	-	-	-	-	-	-
GCA_015208565.1_GCA_015208565.1_ASM1520856v1	GCA_015208565.1_GCA_015208565.1_ASM1520856v1_uncompressed	chromosome	-	-	JAAOAA010000130.1 Escherichia coli strain D96_9 Contig_130_9.26215, whole genome shotgun sequence	1893	0.5282620179609087	0f33a9b760ad5324b9fa9444be813c02	incomplete	-	-	-	-	-	-	-	-	-	-	-	-	-	-	-
GCA_015208565.1_GCA_015208565.1_ASM1520856v1	GCA_015208565.1_GCA_015208565.1_ASM1520856v1_uncompressed	plasmid	AA179	AH868	JAAOAA010000131.1 Escherichia coli strain D96_9 Contig_131_36.3395, whole genome shotgun sequence	3793	0.6258897969944635	d217b38e873c65220a1f73bc16b1b301	incomplete	-	-	-	-	-	-	-	-	-	CP022166	0.00319852	Escherichia coli	CP001182,KC964606	IS15,ISCARN103	repetitve element
GCA_015208565.1_GCA_015208565.1_ASM1520856v1	GCA_015208565.1_GCA_015208565.1_ASM1520856v1_uncompressed	chromosome	-	-	JAAOAA010000132.1 Escherichia coli strain D96_9 Contig_132_7.37526, whole genome shotgun sequence	990	0.5868686868686869	61992d55e7c11c78034da8f6e29473f8	incomplete	-	-	-	-	-	-	-	-	-	-	-	-	-	-	-
GCA_015208565.1_GCA_015208565.1_ASM1520856v1	GCA_015208565.1_GCA_015208565.1_ASM1520856v1_uncompressed	chromosome	-	-	JAAOAA010000133.1 Escherichia coli strain D96_9 Contig_133_7.81915, whole genome shotgun sequence	1618	0.580964153275649	921ff178d932be3c6be0f2f9ff9e21a1	incomplete	-	-	-	-	-	-	-	-	-	-	-	-	-	-	-
GCA_015208565.1_GCA_015208565.1_ASM1520856v1	GCA_015208565.1_GCA_015208565.1_ASM1520856v1_uncompressed	chromosome	-	-	JAAOAA010000134.1 Escherichia coli strain D96_9 Contig_134_8.16403, whole genome shotgun sequence	715	0.5538461538461539	12df66fda80e74b6fe6cf459d3e38efb	incomplete	-	-	-	-	-	-	-	-	-	-	-	-	-	-	-
GCA_015208565.1_GCA_015208565.1_ASM1520856v1	GCA_015208565.1_GCA_015208565.1_ASM1520856v1_uncompressed	chromosome	-	-	JAAOAA010000135.1 Escherichia coli strain D96_9 Contig_135_9.20419, whole genome shotgun sequence	1548	0.4625322997416021	398733f8afc1106da8a9a9b0c363f81f	incomplete	-	-	-	-	-	-	-	-	-	-	-	-	-	-	-
GCA_015208565.1_GCA_015208565.1_ASM1520856v1	GCA_015208565.1_GCA_015208565.1_ASM1520856v1_uncompressed	chromosome	-	-	JAAOAA010000136.1 Escherichia coli strain D96_9 Contig_136_7.61072, whole genome shotgun sequence	1438	0.5090403337969402	a1a872d2c9a9e185ff60cc9d587548e2	incomplete	-	-	-	-	-	-	-	-	-	-	-	-	-	-	-
GCA_015208565.1_GCA_015208565.1_ASM1520856v1	GCA_015208565.1_GCA_015208565.1_ASM1520856v1_uncompressed	chromosome	-	-	JAAOAA010000137.1 Escherichia coli strain D96_9 Contig_137_38.0159, whole genome shotgun sequence	193097	0.5096039814186653	44ff12c777127d8823b6cb801456eaec	incomplete	-	-	-	-	-	-	-	-	-	-	-	-	-	-	-
GCA_015208565.1_GCA_015208565.1_ASM1520856v1	GCA_015208565.1_GCA_015208565.1_ASM1520856v1_uncompressed	chromosome	-	-	JAAOAA010000138.1 Escherichia coli strain D96_9 Contig_138_8.34351, whole genome shotgun sequence	1854	0.5345199568500539	96dbdeb314b9e925db567c2c8e1c7857	incomplete	-	-	-	-	-	-	-	-	-	-	-	-	-	-	-
GCA_015208565.1_GCA_015208565.1_ASM1520856v1	GCA_015208565.1_GCA_015208565.1_ASM1520856v1_uncompressed	chromosome	-	-	JAAOAA010000139.1 Escherichia coli strain D96_9 Contig_139_7.42843, whole genome shotgun sequence	998	0.5851703406813628	943f3babc6f7a6f180b7bcb098011c84	incomplete	-	-	-	-	-	-	-	-	-	-	-	-	-	-	-
GCA_015208565.1_GCA_015208565.1_ASM1520856v1	GCA_015208565.1_GCA_015208565.1_ASM1520856v1_uncompressed	chromosome	-	-	JAAOAA010000140.1 Escherichia coli strain D96_9 Contig_140_23.7061, whole genome shotgun sequence	527	0.538899430740038	b15a8bf0810c3160d9fc4585a8661ab4	incomplete	-	-	-	-	-	-	-	-	-	-	-	-	-	-	-
GCA_015208565.1_GCA_015208565.1_ASM1520856v1	GCA_015208565.1_GCA_015208565.1_ASM1520856v1_uncompressed	chromosome	-	-	JAAOAA010000141.1 Escherichia coli strain D96_9 Contig_141_10.548, whole genome shotgun sequence	1883	0.5273499734466277	78098c671b3bc0cdf9888204e1641ae0	incomplete	-	-	-	-	-	-	-	-	-	-	-	-	-	-	-
GCA_015208565.1_GCA_015208565.1_ASM1520856v1	GCA_015208565.1_GCA_015208565.1_ASM1520856v1_uncompressed	chromosome	-	-	JAAOAA010000142.1 Escherichia coli strain D96_9 Contig_142_9.04329, whole genome shotgun sequence	1845	0.5566395663956639	78c48dbf74791260e65f2565c2bccdb5	incomplete	-	-	-	-	-	-	-	-	-	-	-	-	-	-	-
GCA_015208565.1_GCA_015208565.1_ASM1520856v1	GCA_015208565.1_GCA_015208565.1_ASM1520856v1_uncompressed	chromosome	-	-	JAAOAA010000143.1 Escherichia coli strain D96_9 Contig_143_7.05377, whole genome shotgun sequence	2103	0.6576319543509273	7662a87ebb5ec3ab670753811800e747	incomplete	-	-	-	-	-	-	-	-	-	-	-	-	U12338,CP001182,KX646543,KX710093,JF274989,MF168946,KY978628,CP022426,KF743817,MG764534	-,IS15,ISAba43,ISArsp6,ISCsp2,ISMca2,ISShes11,ISStma11,TnAs2,TnAs3	repetitve element
GCA_015208565.1_GCA_015208565.1_ASM1520856v1	GCA_015208565.1_GCA_015208565.1_ASM1520856v1_uncompressed	chromosome	-	-	JAAOAA010000144.1 Escherichia coli strain D96_9 Contig_144_8.75353, whole genome shotgun sequence	799	0.5131414267834794	b15a10471bd5e5cb091d41a45a7f8901	incomplete	-	-	-	-	-	-	-	-	-	-	-	-	-	-	-
GCA_015208565.1_GCA_015208565.1_ASM1520856v1	GCA_015208565.1_GCA_015208565.1_ASM1520856v1_uncompressed	chromosome	-	-	JAAOAA010000145.1 Escherichia coli strain D96_9 Contig_145_8.73358, whole genome shotgun sequence	1086	0.5662983425414365	5e149ff13138e120fa590371354a05eb	incomplete	-	-	-	-	-	-	-	-	-	-	-	-	-	-	-
GCA_015208565.1_GCA_015208565.1_ASM1520856v1	GCA_015208565.1_GCA_015208565.1_ASM1520856v1_uncompressed	chromosome	-	-	JAAOAA010000146.1 Escherichia coli strain D96_9 Contig_146_9.42234, whole genome shotgun sequence	1900	0.5036842105263157	e7725f0969a9aeb380dcdb1f494f04b3	incomplete	-	-	-	-	-	-	-	-	-	-	-	-	-	-	-
GCA_015208565.1_GCA_015208565.1_ASM1520856v1	GCA_015208565.1_GCA_015208565.1_ASM1520856v1_uncompressed	chromosome	-	-	JAAOAA010000147.1 Escherichia coli strain D96_9 Contig_147_8.12299, whole genome shotgun sequence	703	0.5874822190611664	adb81213e6b2028194c386b75658905b	incomplete	-	-	-	-	-	-	-	-	-	-	-	-	-	-	-
GCA_015208565.1_GCA_015208565.1_ASM1520856v1	GCA_015208565.1_GCA_015208565.1_ASM1520856v1_uncompressed	chromosome	-	-	JAAOAA010000148.1 Escherichia coli strain D96_9 Contig_148_53.1542, whole genome shotgun sequence	1531	0.5186152841280209	63cb825643cd9cd1fc116c87738feb17	incomplete	-	-	-	-	-	-	-	-	-	-	-	-	MF072965,KX458222	ISBrsa1,ISEc52	repetitve element
GCA_015208565.1_GCA_015208565.1_ASM1520856v1	GCA_015208565.1_GCA_015208565.1_ASM1520856v1_uncompressed	chromosome	-	-	JAAOAA010000149.1 Escherichia coli strain D96_9 Contig_149_38.1029, whole genome shotgun sequence	71716	0.5122287913436332	16049d86dba392edfdbcd35cc2cc7bcb	incomplete	-	-	-	-	-	-	-	-	-	-	-	-	-	-	-
GCA_015208565.1_GCA_015208565.1_ASM1520856v1	GCA_015208565.1_GCA_015208565.1_ASM1520856v1_uncompressed	chromosome	-	-	JAAOAA010000150.1 Escherichia coli strain D96_9 Contig_150_65.613, whole genome shotgun sequence	2485	0.4824949698189135	7a2d7d82a2a5c15e6d7a36bad6d9ddb7	incomplete	-	-	-	-	-	-	-	-	-	-	-	-	-	-	-
GCA_015208565.1_GCA_015208565.1_ASM1520856v1	GCA_015208565.1_GCA_015208565.1_ASM1520856v1_uncompressed	chromosome	-	-	JAAOAA010000151.1 Escherichia coli strain D96_9 Contig_151_10.3021, whole genome shotgun sequence	937	0.5560298826040555	184dbef39c6a40a4e733b5e32ae9ae01	incomplete	-	-	-	-	-	-	-	-	-	-	-	-	-	-	-
GCA_015208565.1_GCA_015208565.1_ASM1520856v1	GCA_015208565.1_GCA_015208565.1_ASM1520856v1_uncompressed	chromosome	-	-	JAAOAA010000152.1 Escherichia coli strain D96_9 Contig_152_44.3865, whole genome shotgun sequence	50853	0.5080526222641732	d9abd074ced4b2b1c43d0f3df9a4e487	incomplete	-	-	-	-	-	-	-	-	-	-	-	-	-	-	-
GCA_015208565.1_GCA_015208565.1_ASM1520856v1	GCA_015208565.1_GCA_015208565.1_ASM1520856v1_uncompressed	chromosome	-	-	JAAOAA010000153.1 Escherichia coli strain D96_9 Contig_153_5.64232, whole genome shotgun sequence	691	0.3545586107091172	6e83342b4714aebc8b90ce8d89651a0c	incomplete	-	-	-	-	-	-	-	-	-	-	-	-	-	-	-
GCA_015208565.1_GCA_015208565.1_ASM1520856v1	GCA_015208565.1_GCA_015208565.1_ASM1520856v1_uncompressed	chromosome	-	-	JAAOAA010000154.1 Escherichia coli strain D96_9 Contig_154_10.8156, whole genome shotgun sequence	546	0.6282051282051282	79bf5e9246e1e2467b5265b4b46616e1	incomplete	-	-	-	-	-	-	-	-	-	-	-	-	-	-	-
GCA_015208565.1_GCA_015208565.1_ASM1520856v1	GCA_015208565.1_GCA_015208565.1_ASM1520856v1_uncompressed	chromosome	-	-	JAAOAA010000155.1 Escherichia coli strain D96_9 Contig_155_9.94269, whole genome shotgun sequence	526	0.5247148288973384	7b5427a261fe953552aff289fc268ac8	incomplete	-	-	-	-	-	-	-	-	-	-	-	-	-	-	-
GCA_015208565.1_GCA_015208565.1_ASM1520856v1	GCA_015208565.1_GCA_015208565.1_ASM1520856v1_uncompressed	chromosome	-	-	JAAOAA010000156.1 Escherichia coli strain D96_9 Contig_156_37.9059, whole genome shotgun sequence	294915	0.5111981418374786	dc513973deae7768bd823317e62b9969	incomplete	-	-	-	-	-	-	-	-	-	-	-	-	-	-	-
GCA_015208565.1_GCA_015208565.1_ASM1520856v1	GCA_015208565.1_GCA_015208565.1_ASM1520856v1_uncompressed	chromosome	-	-	JAAOAA010000157.1 Escherichia coli strain D96_9 Contig_157_5.87829, whole genome shotgun sequence	1655	0.5166163141993958	3083996c54e50e162310ea7916028f84	incomplete	-	-	-	-	-	-	-	-	-	-	-	-	KY454627	ISEcB1	repetitve element
GCA_015208565.1_GCA_015208565.1_ASM1520856v1	GCA_015208565.1_GCA_015208565.1_ASM1520856v1_uncompressed	chromosome	-	-	JAAOAA010000158.1 Escherichia coli strain D96_9 Contig_158_7.99848, whole genome shotgun sequence	7256	0.5527839029768468	ea0007b741f2007b1552f899b483be49	incomplete	-	-	-	-	-	-	-	-	-	-	-	-	-	-	-
GCA_015208565.1_GCA_015208565.1_ASM1520856v1	GCA_015208565.1_GCA_015208565.1_ASM1520856v1_uncompressed	chromosome	-	-	JAAOAA010000159.1 Escherichia coli strain D96_9 Contig_159_8.64755, whole genome shotgun sequence	4449	0.571813890761969	32b5d5fae7de90cfe27b145969076a88	incomplete	-	-	-	-	-	-	-	-	-	-	-	-	-	-	-
GCA_015208565.1_GCA_015208565.1_ASM1520856v1	GCA_015208565.1_GCA_015208565.1_ASM1520856v1_uncompressed	chromosome	-	-	JAAOAA010000160.1 Escherichia coli strain D96_9 Contig_160_39.5846, whole genome shotgun sequence	20552	0.49649669131957963	5ed39b8c98472487f528955aa8b985fa	incomplete	-	-	-	-	-	-	-	-	-	-	-	-	-	-	-
GCA_015208565.1_GCA_015208565.1_ASM1520856v1	GCA_015208565.1_GCA_015208565.1_ASM1520856v1_uncompressed	chromosome	-	-	JAAOAA010000161.1 Escherichia coli strain D96_9 Contig_161_14.169, whole genome shotgun sequence	2901	0.5215442950706652	ad951db4c437d22d2b410243909f1a52	incomplete	-	-	-	-	-	-	-	-	-	-	-	-	-	-	-
GCA_015208565.1_GCA_015208565.1_ASM1520856v1	GCA_015208565.1_GCA_015208565.1_ASM1520856v1_uncompressed	chromosome	-	-	JAAOAA010000162.1 Escherichia coli strain D96_9 Contig_162_28.9666, whole genome shotgun sequence	738	0.42276422764227645	09f4825f580009ec58e813b7c513d492	incomplete	-	-	-	-	-	-	-	-	-	-	-	-	-	-	-
GCA_015208565.1_GCA_015208565.1_ASM1520856v1	GCA_015208565.1_GCA_015208565.1_ASM1520856v1_uncompressed	chromosome	-	-	JAAOAA010000163.1 Escherichia coli strain D96_9 Contig_163_7.8961, whole genome shotgun sequence	559	0.5885509838998211	17bcea584e2bb17e6fa7285fe7ef7b1c	incomplete	-	-	-	-	-	-	-	-	-	-	-	-	-	-	-
GCA_015208565.1_GCA_015208565.1_ASM1520856v1	GCA_015208565.1_GCA_015208565.1_ASM1520856v1_uncompressed	chromosome	-	-	JAAOAA010000164.1 Escherichia coli strain D96_9 Contig_164_6.11982, whole genome shotgun sequence	2190	0.4191780821917808	276713b8ed7aef76044ce95cfc54ca80	incomplete	-	-	-	-	-	-	-	-	-	-	-	-	-	-	-
GCA_015208565.1_GCA_015208565.1_ASM1520856v1	GCA_015208565.1_GCA_015208565.1_ASM1520856v1_uncompressed	chromosome	-	-	JAAOAA010000165.1 Escherichia coli strain D96_9 Contig_165_6.9755, whole genome shotgun sequence	918	0.4662309368191721	8151128ab3fde8013f08360114f4fcc6	incomplete	-	-	-	-	-	-	-	-	-	-	-	-	-	-	-
GCA_015208565.1_GCA_015208565.1_ASM1520856v1	GCA_015208565.1_GCA_015208565.1_ASM1520856v1_uncompressed	chromosome	-	-	JAAOAA010000166.1 Escherichia coli strain D96_9 Contig_166_47.5405, whole genome shotgun sequence	4407	0.4746993419559791	395840ce294ea3619c1066452d8f3620	incomplete	-	-	-	-	-	-	-	-	-	-	-	-	-	-	-
GCA_015208565.1_GCA_015208565.1_ASM1520856v1	GCA_015208565.1_GCA_015208565.1_ASM1520856v1_uncompressed	chromosome	-	-	JAAOAA010000167.1 Escherichia coli strain D96_9 Contig_167_41.3309, whole genome shotgun sequence	82760	0.49927501208313196	ed8da42ffe03ea9932544cd3c31594af	incomplete	-	-	-	-	-	-	-	-	-	-	-	-	-	-	-
GCA_015208565.1_GCA_015208565.1_ASM1520856v1	GCA_015208565.1_GCA_015208565.1_ASM1520856v1_uncompressed	chromosome	-	-	JAAOAA010000168.1 Escherichia coli strain D96_9 Contig_168_9.79861, whole genome shotgun sequence	1167	0.5929734361610969	c280f45b38c7b5441804bb31f992c545	incomplete	-	-	-	-	-	-	-	-	-	-	-	-	-	-	-
GCA_015208565.1_GCA_015208565.1_ASM1520856v1	GCA_015208565.1_GCA_015208565.1_ASM1520856v1_uncompressed	chromosome	-	-	JAAOAA010000169.1 Escherichia coli strain D96_9 Contig_169_6.97027, whole genome shotgun sequence	2408	0.47632890365448505	a8bb995b9a1815b6aee3867f7a9d1853	incomplete	-	-	-	-	-	-	-	-	-	-	-	-	-	-	-
GCA_015208565.1_GCA_015208565.1_ASM1520856v1	GCA_015208565.1_GCA_015208565.1_ASM1520856v1_uncompressed	chromosome	-	-	JAAOAA010000170.1 Escherichia coli strain D96_9 Contig_170_27.6985, whole genome shotgun sequence	700	0.5214285714285715	46ca4d348a2b593145c6d084c28c1e59	incomplete	-	-	-	-	-	-	-	-	-	-	-	-	-	-	-
GCA_015208565.1_GCA_015208565.1_ASM1520856v1	GCA_015208565.1_GCA_015208565.1_ASM1520856v1_uncompressed	chromosome	-	-	JAAOAA010000171.1 Escherichia coli strain D96_9 Contig_171_10.5232, whole genome shotgun sequence	1289	0.5927075252133437	ba35eb268f0b08cb3873b2b998c9d407	incomplete	-	-	-	-	-	-	-	-	-	-	-	-	-	-	-
GCA_015208565.1_GCA_015208565.1_ASM1520856v1	GCA_015208565.1_GCA_015208565.1_ASM1520856v1_uncompressed	chromosome	-	-	JAAOAA010000172.1 Escherichia coli strain D96_9 Contig_172_38.3553, whole genome shotgun sequence	1976	0.520242914979757	49472b2f63d6832b3648da2816b77905	incomplete	-	-	-	-	-	-	-	-	-	-	-	-	-	-	-
GCA_015208565.1_GCA_015208565.1_ASM1520856v1	GCA_015208565.1_GCA_015208565.1_ASM1520856v1_uncompressed	chromosome	-	-	JAAOAA010000173.1 Escherichia coli strain D96_9 Contig_173_42.7916, whole genome shotgun sequence	69139	0.4935998495783856	e3233616e1c011e41d8fe45d74b16971	incomplete	-	-	-	-	-	-	-	-	-	-	-	-	-	-	-
GCA_015208565.1_GCA_015208565.1_ASM1520856v1	GCA_015208565.1_GCA_015208565.1_ASM1520856v1_uncompressed	chromosome	-	-	JAAOAA010000174.1 Escherichia coli strain D96_9 Contig_174_49.4107, whole genome shotgun sequence	54036	0.49844548079058404	afdd97c802e69e5056d5d4cf3ccba317	incomplete	-	-	-	-	-	-	-	-	-	-	-	-	-	-	-
GCA_015208565.1_GCA_015208565.1_ASM1520856v1	GCA_015208565.1_GCA_015208565.1_ASM1520856v1_uncompressed	chromosome	-	-	JAAOAA010000175.1 Escherichia coli strain D96_9 Contig_175_5.713, whole genome shotgun sequence	1243	0.5213193885760258	c42bfad1b9ee816f52ef4f1eb546df6b	incomplete	-	-	-	-	-	-	-	-	-	-	-	-	-	-	-
GCA_015208565.1_GCA_015208565.1_ASM1520856v1	GCA_015208565.1_GCA_015208565.1_ASM1520856v1_uncompressed	chromosome	-	-	JAAOAA010000176.1 Escherichia coli strain D96_9 Contig_176_9.23344, whole genome shotgun sequence	3250	0.6110769230769231	242b14a6e840bcf833466d34bcb8d0ef	incomplete	-	-	-	-	-	-	-	-	-	-	-	-	-	-	-
GCA_015208565.1_GCA_015208565.1_ASM1520856v1	GCA_015208565.1_GCA_015208565.1_ASM1520856v1_uncompressed	plasmid	AA179	AH868	JAAOAA010000177.1 Escherichia coli strain D96_9 Contig_177_31.9527, whole genome shotgun sequence	1247	0.48035284683239776	e779ead39ff25737edcb11b46173cbf7	incomplete	-	-	-	-	-	-	-	-	-	CP022166	0.00319852	Escherichia coli	MF344562,KX710093,EU780013,MG764534	IS4321R,ISArsp6,ISPam4,TnAs3	repetitve element
GCA_015208565.1_GCA_015208565.1_ASM1520856v1	GCA_015208565.1_GCA_015208565.1_ASM1520856v1_uncompressed	chromosome	-	-	JAAOAA010000178.1 Escherichia coli strain D96_9 Contig_178_7.98561, whole genome shotgun sequence	715	0.4223776223776224	9e1e986bdd2cd980907a03a78e662be6	incomplete	-	-	-	-	-	-	-	-	-	-	-	-	-	-	-
GCA_015208565.1_GCA_015208565.1_ASM1520856v1	GCA_015208565.1_GCA_015208565.1_ASM1520856v1_uncompressed	chromosome	-	-	JAAOAA010000179.1 Escherichia coli strain D96_9 Contig_179_24.7339, whole genome shotgun sequence	689	0.49782293178519593	e1d8e804ed502b0586f46c6cd7571a2a	incomplete	-	-	-	-	-	-	-	-	-	-	-	-	-	-	-
GCA_015208565.1_GCA_015208565.1_ASM1520856v1	GCA_015208565.1_GCA_015208565.1_ASM1520856v1_uncompressed	chromosome	-	-	JAAOAA010000180.1 Escherichia coli strain D96_9 Contig_180_38.2689, whole genome shotgun sequence	88497	0.5254076409369809	5a221eb2aeb3b200358e8a1eeae6a7ae	incomplete	-	-	-	-	-	-	-	-	-	-	-	-	-	-	-
GCA_015208565.1_GCA_015208565.1_ASM1520856v1	GCA_015208565.1_GCA_015208565.1_ASM1520856v1_uncompressed	chromosome	-	-	JAAOAA010000181.1 Escherichia coli strain D96_9 Contig_181_7.95045, whole genome shotgun sequence	1231	0.6003249390739236	1832c32b0994c316371230e12b7d90a2	incomplete	-	-	-	-	-	-	-	-	-	-	-	-	-	-	-
GCA_015208565.1_GCA_015208565.1_ASM1520856v1	GCA_015208565.1_GCA_015208565.1_ASM1520856v1_uncompressed	chromosome	-	-	JAAOAA010000182.1 Escherichia coli strain D96_9 Contig_182_7.61824, whole genome shotgun sequence	1314	0.502283105022831	e0b1169f5a55043733d1775942345e2a	incomplete	-	-	-	-	-	-	-	-	-	-	-	-	-	-	-
GCA_015208565.1_GCA_015208565.1_ASM1520856v1	GCA_015208565.1_GCA_015208565.1_ASM1520856v1_uncompressed	chromosome	-	-	JAAOAA010000183.1 Escherichia coli strain D96_9 Contig_183_7.87032, whole genome shotgun sequence	1971	0.40537798072044645	3c669875ef7b18f56819248eecba4ff7	incomplete	-	-	-	-	-	-	-	-	-	-	-	-	-	-	-
GCA_015208565.1_GCA_015208565.1_ASM1520856v1	GCA_015208565.1_GCA_015208565.1_ASM1520856v1_uncompressed	chromosome	-	-	JAAOAA010000184.1 Escherichia coli strain D96_9 Contig_184_6.75495, whole genome shotgun sequence	1636	0.38814180929095354	4e966d2138210c6b7fce405067c1caaa	incomplete	-	-	-	-	-	-	-	-	-	-	-	-	-	-	-
GCA_015208565.1_GCA_015208565.1_ASM1520856v1	GCA_015208565.1_GCA_015208565.1_ASM1520856v1_uncompressed	chromosome	-	-	JAAOAA010000185.1 Escherichia coli strain D96_9 Contig_185_39.6804, whole genome shotgun sequence	25004	0.5274356103023516	f1e808f0a9fbdc4568a52283921ca3b2	incomplete	-	-	-	-	-	-	-	-	-	-	-	-	-	-	-
GCA_015208565.1_GCA_015208565.1_ASM1520856v1	GCA_015208565.1_GCA_015208565.1_ASM1520856v1_uncompressed	chromosome	-	-	JAAOAA010000186.1 Escherichia coli strain D96_9 Contig_186_10.2383, whole genome shotgun sequence	620	0.5048387096774194	42f804abe743681c043e4c5357a0ce98	incomplete	-	-	-	-	-	-	-	-	-	-	-	-	-	-	-
GCA_015208565.1_GCA_015208565.1_ASM1520856v1	GCA_015208565.1_GCA_015208565.1_ASM1520856v1_uncompressed	chromosome	-	-	JAAOAA010000187.1 Escherichia coli strain D96_9 Contig_187_135.733, whole genome shotgun sequence	800	0.49875	fbe52b55cb54a8df1768e8d2abbbb75e	incomplete	-	-	-	-	-	-	-	-	-	-	-	-	-	-	-
GCA_015208565.1_GCA_015208565.1_ASM1520856v1	GCA_015208565.1_GCA_015208565.1_ASM1520856v1_uncompressed	chromosome	-	-	JAAOAA010000188.1 Escherichia coli strain D96_9 Contig_188_9.35431, whole genome shotgun sequence	1053	0.5849952516619183	bdb0337747269eef0f227d2f965e8226	incomplete	-	-	-	-	-	-	-	-	-	-	-	-	-	-	-
GCA_015208565.1_GCA_015208565.1_ASM1520856v1	GCA_015208565.1_GCA_015208565.1_ASM1520856v1_uncompressed	chromosome	-	-	JAAOAA010000189.1 Escherichia coli strain D96_9 Contig_189_23.6291, whole genome shotgun sequence	667	0.5187406296851574	dcfc92431b3c0adeeba85bb805f4b25c	incomplete	-	-	-	-	-	-	-	-	-	-	-	-	-	-	-
GCA_015208565.1_GCA_015208565.1_ASM1520856v1	GCA_015208565.1_GCA_015208565.1_ASM1520856v1_uncompressed	chromosome	-	-	JAAOAA010000190.1 Escherichia coli strain D96_9 Contig_190_13.8247, whole genome shotgun sequence	2621	0.5005723006486074	a5f4024399df34187744f9d751fec092	incomplete	-	-	-	-	-	-	-	-	-	-	-	-	-	-	-
GCA_015208565.1_GCA_015208565.1_ASM1520856v1	GCA_015208565.1_GCA_015208565.1_ASM1520856v1_uncompressed	chromosome	-	-	JAAOAA010000191.1 Escherichia coli strain D96_9 Contig_191_8.25712, whole genome shotgun sequence	2478	0.6000807102502018	119e31913451b7e9460d6aa01dd2f798	incomplete	-	-	-	-	-	-	-	-	-	-	-	-	-	-	-
GCA_015208565.1_GCA_015208565.1_ASM1520856v1	GCA_015208565.1_GCA_015208565.1_ASM1520856v1_uncompressed	chromosome	-	-	JAAOAA010000192.1 Escherichia coli strain D96_9 Contig_192_8.08112, whole genome shotgun sequence	1943	0.47658260422027793	30f63058b06c294bee34dcc9ef2859f4	incomplete	-	-	-	-	-	-	-	-	-	-	-	-	-	-	-
GCA_015208565.1_GCA_015208565.1_ASM1520856v1	GCA_015208565.1_GCA_015208565.1_ASM1520856v1_uncompressed	chromosome	-	-	JAAOAA010000193.1 Escherichia coli strain D96_9 Contig_193_9.77178, whole genome shotgun sequence	927	0.5717367853290184	342cc4839207f23cd06097f801b9f411	incomplete	-	-	-	-	-	-	-	-	-	-	-	-	-	-	-
GCA_015208565.1_GCA_015208565.1_ASM1520856v1	GCA_015208565.1_GCA_015208565.1_ASM1520856v1_uncompressed	chromosome	-	-	JAAOAA010000194.1 Escherichia coli strain D96_9 Contig_194_42.4165, whole genome shotgun sequence	25815	0.5073019562269998	029a0f81804ee3e22a364cfe7ec3060a	incomplete	-	-	-	-	-	-	-	-	-	-	-	-	-	-	-
GCA_015208565.1_GCA_015208565.1_ASM1520856v1	GCA_015208565.1_GCA_015208565.1_ASM1520856v1_uncompressed	chromosome	-	-	JAAOAA010000195.1 Escherichia coli strain D96_9 Contig_195_11.4003, whole genome shotgun sequence	597	0.49748743718592964	98fd857394c011effbc6a602bb9ce9e4	incomplete	-	-	-	-	-	-	-	-	-	-	-	-	-	-	-
GCA_015208565.1_GCA_015208565.1_ASM1520856v1	GCA_015208565.1_GCA_015208565.1_ASM1520856v1_uncompressed	chromosome	-	-	JAAOAA010000196.1 Escherichia coli strain D96_9 Contig_196_25.4578, whole genome shotgun sequence	612	0.5245098039215687	e75daf4e95d7f5e6913cc76570292727	incomplete	-	-	-	-	-	-	-	-	-	-	-	-	-	-	-
GCA_015208565.1_GCA_015208565.1_ASM1520856v1	GCA_015208565.1_GCA_015208565.1_ASM1520856v1_uncompressed	chromosome	-	-	JAAOAA010000197.1 Escherichia coli strain D96_9 Contig_197_20.4328, whole genome shotgun sequence	1924	0.5025987525987526	9b52a8c1b7be2cc232cbc0ec9ae43cd9	incomplete	-	-	-	-	-	-	-	-	-	-	-	-	MF344566	ISEc76	repetitve element
GCA_015208565.1_GCA_015208565.1_ASM1520856v1	GCA_015208565.1_GCA_015208565.1_ASM1520856v1_uncompressed	chromosome	-	-	JAAOAA010000198.1 Escherichia coli strain D96_9 Contig_198_7.5643, whole genome shotgun sequence	1062	0.5160075329566854	5dc064b5442e71719c4ed1c85e7b63d0	incomplete	-	-	-	-	-	-	-	-	-	-	-	-	-	-	-
GCA_015208565.1_GCA_015208565.1_ASM1520856v1	GCA_015208565.1_GCA_015208565.1_ASM1520856v1_uncompressed	chromosome	-	-	JAAOAA010000199.1 Escherichia coli strain D96_9 Contig_199_7.04042, whole genome shotgun sequence	1628	0.5460687960687961	5f3c887357ad3fcfe56ccce760fdedfc	incomplete	-	-	-	-	-	-	-	-	-	-	-	-	-	-	-
GCA_015208565.1_GCA_015208565.1_ASM1520856v1	GCA_015208565.1_GCA_015208565.1_ASM1520856v1_uncompressed	chromosome	-	-	JAAOAA010000200.1 Escherichia coli strain D96_9 Contig_200_7.54364, whole genome shotgun sequence	1326	0.5565610859728507	8b80e4f74137727df36f4a8e3ef6170c	incomplete	-	-	-	-	-	-	-	-	-	-	-	-	-	-	-
GCA_015208565.1_GCA_015208565.1_ASM1520856v1	GCA_015208565.1_GCA_015208565.1_ASM1520856v1_uncompressed	chromosome	-	-	JAAOAA010000201.1 Escherichia coli strain D96_9 Contig_201_35.103, whole genome shotgun sequence	680	0.5	5db978ecf807f24a43fa65b8108430e9	incomplete	-	-	-	-	-	-	-	-	-	-	-	-	-	-	-
GCA_015208565.1_GCA_015208565.1_ASM1520856v1	GCA_015208565.1_GCA_015208565.1_ASM1520856v1_uncompressed	chromosome	-	-	JAAOAA010000202.1 Escherichia coli strain D96_9 Contig_202_8.45504, whole genome shotgun sequence	1121	0.5753791257805531	bc047d13c3c4ef772846189b846a62c3	incomplete	-	-	-	-	-	-	-	-	-	-	-	-	-	-	-
GCA_015208565.1_GCA_015208565.1_ASM1520856v1	GCA_015208565.1_GCA_015208565.1_ASM1520856v1_uncompressed	chromosome	-	-	JAAOAA010000203.1 Escherichia coli strain D96_9 Contig_203_74.8104, whole genome shotgun sequence	848	0.48702830188679247	063b1b1b3eb85b42ece6c59b33c53d1b	incomplete	-	-	-	-	-	-	-	-	-	-	-	-	-	-	-
GCA_015208565.1_GCA_015208565.1_ASM1520856v1	GCA_015208565.1_GCA_015208565.1_ASM1520856v1_uncompressed	chromosome	-	-	JAAOAA010000204.1 Escherichia coli strain D96_9 Contig_204_26.2622, whole genome shotgun sequence	592	0.49324324324324326	ac75d589b844d5e87f26b42dff8692b3	incomplete	-	-	-	-	-	-	-	-	-	-	-	-	-	-	-
GCA_015208565.1_GCA_015208565.1_ASM1520856v1	GCA_015208565.1_GCA_015208565.1_ASM1520856v1_uncompressed	chromosome	-	-	JAAOAA010000205.1 Escherichia coli strain D96_9 Contig_205_7.71864, whole genome shotgun sequence	2053	0.561617145640526	ccede50862861aaa5e9cf76844c2e41c	incomplete	-	-	-	-	-	-	-	-	-	-	-	-	-	-	-
GCA_015208565.1_GCA_015208565.1_ASM1520856v1	GCA_015208565.1_GCA_015208565.1_ASM1520856v1_uncompressed	chromosome	-	-	JAAOAA010000206.1 Escherichia coli strain D96_9 Contig_206_28.2587, whole genome shotgun sequence	1025	0.4975609756097561	75d8a80ef92a92cec7d235ec09d318b3	incomplete	-	-	-	-	-	-	-	-	-	-	-	-	-	-	-
GCA_015208565.1_GCA_015208565.1_ASM1520856v1	GCA_015208565.1_GCA_015208565.1_ASM1520856v1_uncompressed	chromosome	-	-	JAAOAA010000207.1 Escherichia coli strain D96_9 Contig_207_8.81878, whole genome shotgun sequence	936	0.5074786324786325	a70195e8a8f81b01ccef4fc7fd6e7bbf	incomplete	-	-	-	-	-	-	-	-	-	-	-	-	-	-	-
GCA_015208565.1_GCA_015208565.1_ASM1520856v1	GCA_015208565.1_GCA_015208565.1_ASM1520856v1_uncompressed	chromosome	-	-	JAAOAA010000208.1 Escherichia coli strain D96_9 Contig_208_8.26145, whole genome shotgun sequence	697	0.5021520803443329	e7987d6c64dffb4302f4494d477d3cae	incomplete	-	-	-	-	-	-	-	-	-	-	-	-	-	-	-
GCA_015208565.1_GCA_015208565.1_ASM1520856v1	GCA_015208565.1_GCA_015208565.1_ASM1520856v1_uncompressed	chromosome	-	-	JAAOAA010000209.1 Escherichia coli strain D96_9 Contig_209_8.14117, whole genome shotgun sequence	1118	0.5330948121645797	13dc07b35585a846feac80c7415c6b18	incomplete	-	-	-	-	-	-	-	-	-	-	-	-	-	-	-
GCA_015208565.1_GCA_015208565.1_ASM1520856v1	GCA_015208565.1_GCA_015208565.1_ASM1520856v1_uncompressed	chromosome	-	-	JAAOAA010000210.1 Escherichia coli strain D96_9 Contig_210_8.53895, whole genome shotgun sequence	1124	0.5809608540925267	be61ccd56d3b24cf6e5eb890c4395b64	incomplete	-	-	-	-	-	-	-	-	-	-	-	-	-	-	-
GCA_015208565.1_GCA_015208565.1_ASM1520856v1	GCA_015208565.1_GCA_015208565.1_ASM1520856v1_uncompressed	chromosome	-	-	JAAOAA010000211.1 Escherichia coli strain D96_9 Contig_211_9.55457, whole genome shotgun sequence	1266	0.504739336492891	ec73bff4cab8508523c9bf5c9b1d67f4	incomplete	-	-	-	-	-	-	-	-	-	-	-	-	-	-	-
GCA_015208565.1_GCA_015208565.1_ASM1520856v1	GCA_015208565.1_GCA_015208565.1_ASM1520856v1_uncompressed	chromosome	-	-	JAAOAA010000212.1 Escherichia coli strain D96_9 Contig_212_17.0177, whole genome shotgun sequence	586	0.5597269624573379	514bf8278251f67bcef13dd25f227934	incomplete	-	-	-	-	-	-	-	-	-	-	-	-	-	-	-
GCA_015208565.1_GCA_015208565.1_ASM1520856v1	GCA_015208565.1_GCA_015208565.1_ASM1520856v1_uncompressed	plasmid	AA179	AH868	JAAOAA010000213.1 Escherichia coli strain D96_9 Contig_213_41.5894, whole genome shotgun sequence	10996	0.49336122226264095	8b509ecfc56fde32540a747567365430	incomplete	-	-	-	-	-	-	-	-	-	CP022166	0.00319852	Escherichia coli	-	-	-
GCA_015208565.1_GCA_015208565.1_ASM1520856v1	GCA_015208565.1_GCA_015208565.1_ASM1520856v1_uncompressed	chromosome	-	-	JAAOAA010000214.1 Escherichia coli strain D96_9 Contig_214_37.6509, whole genome shotgun sequence	106773	0.5129761269234732	3e0f432c39324bb7325b0bdf4ab9fe41	incomplete	-	-	-	-	-	-	-	-	-	-	-	-	-	-	-
GCA_015208565.1_GCA_015208565.1_ASM1520856v1	GCA_015208565.1_GCA_015208565.1_ASM1520856v1_uncompressed	chromosome	-	-	JAAOAA010000215.1 Escherichia coli strain D96_9 Contig_215_66.0126, whole genome shotgun sequence	2869	0.481700941094458	147a913210f66ab857e46cc58fab1caa	incomplete	-	-	-	-	-	-	-	-	-	-	-	-	-	-	-
GCA_015208565.1_GCA_015208565.1_ASM1520856v1	GCA_015208565.1_GCA_015208565.1_ASM1520856v1_uncompressed	chromosome	-	-	JAAOAA010000216.1 Escherichia coli strain D96_9 Contig_216_59.1269, whole genome shotgun sequence	2817	0.48562300319488816	bad79afe1b9774e8b576c0b55de2a01d	incomplete	-	-	-	-	-	-	-	-	-	-	-	-	-	-	-
GCA_025336805.1_GCA_025336805.1_ASM2533680v1	GCA_025336805.1_GCA_025336805.1_ASM2533680v1_uncompressed	chromosome	-	-	JAODFU010000001.1 Escherichia coli strain Q0169 NODE_1_length_348469_cov_23.123973, whole genome shotgun sequence	348469	0.5113051663132158	8d430ed3803c8a47f5cadd1a26b8f607	incomplete	-	-	-	-	-	-	-	-	-	-	-	-	-	-	-
GCA_025336805.1_GCA_025336805.1_ASM2533680v1	GCA_025336805.1_GCA_025336805.1_ASM2533680v1_uncompressed	chromosome	-	-	JAODFU010000002.1 Escherichia coli strain Q0169 NODE_2_length_246935_cov_22.397371, whole genome shotgun sequence	246935	0.4822372658880152	6eecdfe7c6a71ed786e2d06ea1e6d823	incomplete	-	-	-	-	-	-	-	-	-	-	-	-	-	-	-
GCA_025336805.1_GCA_025336805.1_ASM2533680v1	GCA_025336805.1_GCA_025336805.1_ASM2533680v1_uncompressed	chromosome	-	-	JAODFU010000003.1 Escherichia coli strain Q0169 NODE_3_length_225632_cov_23.597548, whole genome shotgun sequence	225632	0.49913576088498085	0484bc1c5d3ad0ed23b4650fcde01d5c	incomplete	-	-	-	-	-	-	-	-	-	-	-	-	-	-	-
GCA_025336805.1_GCA_025336805.1_ASM2533680v1	GCA_025336805.1_GCA_025336805.1_ASM2533680v1_uncompressed	chromosome	-	-	JAODFU010000004.1 Escherichia coli strain Q0169 NODE_4_length_204404_cov_22.148516, whole genome shotgun sequence	204404	0.49412651486970655	ea6f73f57084c4322604b123eb7ee87f	incomplete	-	-	-	-	-	-	-	-	-	-	-	-	-	-	-
GCA_025336805.1_GCA_025336805.1_ASM2533680v1	GCA_025336805.1_GCA_025336805.1_ASM2533680v1_uncompressed	chromosome	-	-	JAODFU010000005.1 Escherichia coli strain Q0169 NODE_5_length_198166_cov_23.771830, whole genome shotgun sequence	198166	0.5059646962647477	82e1891721de97769dda4197cad1cf9a	incomplete	-	-	-	-	-	-	-	-	-	-	-	-	-	-	-
GCA_025336805.1_GCA_025336805.1_ASM2533680v1	GCA_025336805.1_GCA_025336805.1_ASM2533680v1_uncompressed	chromosome	-	-	JAODFU010000006.1 Escherichia coli strain Q0169 NODE_6_length_191700_cov_22.451141, whole genome shotgun sequence	191700	0.5084620084280664	d3829da517751c25225e29b89a875908	incomplete	-	-	-	-	-	-	-	-	-	-	-	-	-	-	-
GCA_025336805.1_GCA_025336805.1_ASM2533680v1	GCA_025336805.1_GCA_025336805.1_ASM2533680v1_uncompressed	chromosome	-	-	JAODFU010000007.1 Escherichia coli strain Q0169 NODE_7_length_187796_cov_23.200468, whole genome shotgun sequence	187796	0.5108522013248419	df94e1febcd07dd639c7def9ae84693b	incomplete	-	-	-	-	-	-	-	-	-	-	-	-	-	-	-
GCA_025336805.1_GCA_025336805.1_ASM2533680v1	GCA_025336805.1_GCA_025336805.1_ASM2533680v1_uncompressed	chromosome	-	-	JAODFU010000008.1 Escherichia coli strain Q0169 NODE_8_length_183526_cov_22.302913, whole genome shotgun sequence	183526	0.5093053463444451	fcd6e954ac44cd215d8e050265964d04	incomplete	-	-	-	-	-	-	-	-	-	-	-	-	-	-	-
GCA_025336805.1_GCA_025336805.1_ASM2533680v1	GCA_025336805.1_GCA_025336805.1_ASM2533680v1_uncompressed	chromosome	-	-	JAODFU010000009.1 Escherichia coli strain Q0169 NODE_9_length_171001_cov_22.191458, whole genome shotgun sequence	171001	0.5018742580452746	450c1dc09f3a62d636cfc1b121b168b7	incomplete	-	-	-	-	-	-	-	-	-	-	-	-	-	-	-
GCA_025336805.1_GCA_025336805.1_ASM2533680v1	GCA_025336805.1_GCA_025336805.1_ASM2533680v1_uncompressed	chromosome	-	-	JAODFU010000010.1 Escherichia coli strain Q0169 NODE_10_length_169735_cov_22.858941, whole genome shotgun sequence	169735	0.503950508174989	45f9a5dbf94ffff8f4872ab00699acd5	incomplete	-	-	-	-	-	-	-	-	-	-	-	-	-	-	-
GCA_025336805.1_GCA_025336805.1_ASM2533680v1	GCA_025336805.1_GCA_025336805.1_ASM2533680v1_uncompressed	chromosome	-	-	JAODFU010000011.1 Escherichia coli strain Q0169 NODE_11_length_168808_cov_22.883066, whole genome shotgun sequence	168808	0.5041052556750865	f8f04614cb6aedff56cad15c55554faf	incomplete	-	-	-	-	-	-	-	-	-	-	-	-	-	-	-
GCA_025336805.1_GCA_025336805.1_ASM2533680v1	GCA_025336805.1_GCA_025336805.1_ASM2533680v1_uncompressed	chromosome	-	-	JAODFU010000012.1 Escherichia coli strain Q0169 NODE_12_length_165878_cov_22.284707, whole genome shotgun sequence	165878	0.5209611883432402	748ec620aa08e1b6045c15726ff2a9df	incomplete	-	-	-	-	-	-	-	-	-	-	-	-	-	-	-
GCA_025336805.1_GCA_025336805.1_ASM2533680v1	GCA_025336805.1_GCA_025336805.1_ASM2533680v1_uncompressed	chromosome	-	-	JAODFU010000013.1 Escherichia coli strain Q0169 NODE_13_length_162710_cov_22.501638, whole genome shotgun sequence	162710	0.49550119845123225	0de6c0b871c8ecc3e7d05c2ae81d160f	incomplete	-	-	-	-	-	-	-	-	-	-	-	-	-	-	-
GCA_025336805.1_GCA_025336805.1_ASM2533680v1	GCA_025336805.1_GCA_025336805.1_ASM2533680v1_uncompressed	chromosome	-	-	JAODFU010000014.1 Escherichia coli strain Q0169 NODE_14_length_155237_cov_21.608440, whole genome shotgun sequence	155237	0.5104066685133055	a938b93e1930f9f3dacdbad0bc591540	incomplete	-	-	-	-	-	-	-	-	-	-	-	-	-	-	-
GCA_025336805.1_GCA_025336805.1_ASM2533680v1	GCA_025336805.1_GCA_025336805.1_ASM2533680v1_uncompressed	chromosome	-	-	JAODFU010000015.1 Escherichia coli strain Q0169 NODE_15_length_147833_cov_22.097186, whole genome shotgun sequence	147833	0.5060784924255757	927249ebc9c477f5393b2bccfde6afd1	incomplete	-	-	-	-	-	-	-	-	-	-	-	-	-	-	-
GCA_025336805.1_GCA_025336805.1_ASM2533680v1	GCA_025336805.1_GCA_025336805.1_ASM2533680v1_uncompressed	chromosome	-	-	JAODFU010000016.1 Escherichia coli strain Q0169 NODE_16_length_147281_cov_23.137829, whole genome shotgun sequence	147281	0.5127002125189264	ef6368e38348912061d077d9293222dd	incomplete	-	-	-	-	-	-	-	-	-	-	-	-	-	-	-
GCA_025336805.1_GCA_025336805.1_ASM2533680v1	GCA_025336805.1_GCA_025336805.1_ASM2533680v1_uncompressed	chromosome	-	-	JAODFU010000017.1 Escherichia coli strain Q0169 NODE_17_length_146052_cov_21.580702, whole genome shotgun sequence	146052	0.5107843674632756	bb2403db248080ce378f87b41119a22d	incomplete	-	-	-	-	-	-	-	-	-	-	-	-	-	-	-
GCA_025336805.1_GCA_025336805.1_ASM2533680v1	GCA_025336805.1_GCA_025336805.1_ASM2533680v1_uncompressed	chromosome	-	-	JAODFU010000018.1 Escherichia coli strain Q0169 NODE_18_length_140171_cov_23.782740, whole genome shotgun sequence	140171	0.5094705752259739	04bb9ce80c783a1522b3d93b150b88aa	incomplete	-	-	-	-	-	-	-	-	-	-	-	-	-	-	-
GCA_025336805.1_GCA_025336805.1_ASM2533680v1	GCA_025336805.1_GCA_025336805.1_ASM2533680v1_uncompressed	chromosome	-	-	JAODFU010000019.1 Escherichia coli strain Q0169 NODE_19_length_140067_cov_23.515827, whole genome shotgun sequence	140067	0.5122619889053096	35f10d0b6e92045a0b10350926379a13	incomplete	-	-	-	-	-	-	-	-	-	-	-	-	-	-	-
GCA_025336805.1_GCA_025336805.1_ASM2533680v1	GCA_025336805.1_GCA_025336805.1_ASM2533680v1_uncompressed	chromosome	-	-	JAODFU010000020.1 Escherichia coli strain Q0169 NODE_20_length_108541_cov_23.298665, whole genome shotgun sequence	108541	0.5203471499249132	09dd2ace0bced9eed6dd4e3c25c0670c	incomplete	-	-	-	-	-	-	-	-	-	-	-	-	-	-	-
GCA_025336805.1_GCA_025336805.1_ASM2533680v1	GCA_025336805.1_GCA_025336805.1_ASM2533680v1_uncompressed	chromosome	-	-	JAODFU010000021.1 Escherichia coli strain Q0169 NODE_21_length_106685_cov_23.213805, whole genome shotgun sequence	106685	0.5128930964990392	1055b26a2fcff4f485a74a9fd28a1e0d	incomplete	-	-	-	-	-	-	-	-	-	-	-	-	-	-	-
GCA_025336805.1_GCA_025336805.1_ASM2533680v1	GCA_025336805.1_GCA_025336805.1_ASM2533680v1_uncompressed	chromosome	-	-	JAODFU010000022.1 Escherichia coli strain Q0169 NODE_22_length_97811_cov_21.999356, whole genome shotgun sequence	97811	0.5283847263869984	78f09890707f150fa421cb2d81699daa	incomplete	-	-	-	-	-	-	-	-	-	-	-	-	-	-	-
GCA_025336805.1_GCA_025336805.1_ASM2533680v1	GCA_025336805.1_GCA_025336805.1_ASM2533680v1_uncompressed	chromosome	-	-	JAODFU010000023.1 Escherichia coli strain Q0169 NODE_23_length_96372_cov_23.082727, whole genome shotgun sequence	96372	0.504503382725273	8e31a5d8be21e5aa0f8b06c3c2a73db2	incomplete	-	-	-	-	-	-	-	-	-	-	-	-	-	-	-
GCA_025336805.1_GCA_025336805.1_ASM2533680v1	GCA_025336805.1_GCA_025336805.1_ASM2533680v1_uncompressed	chromosome	-	-	JAODFU010000024.1 Escherichia coli strain Q0169 NODE_24_length_88131_cov_24.376016, whole genome shotgun sequence	88131	0.5255358500414157	a1f72c2505d7c2c1ce642e7f88e1d2fb	incomplete	-	-	-	-	-	-	-	-	-	-	-	-	-	-	-
GCA_025336805.1_GCA_025336805.1_ASM2533680v1	GCA_025336805.1_GCA_025336805.1_ASM2533680v1_uncompressed	chromosome	-	-	JAODFU010000025.1 Escherichia coli strain Q0169 NODE_25_length_75976_cov_22.193754, whole genome shotgun sequence	75976	0.483718542697694	36452fa449ed78af840a880c22dd3eb8	incomplete	-	-	-	-	-	-	-	-	-	-	-	-	-	-	-
GCA_025336805.1_GCA_025336805.1_ASM2533680v1	GCA_025336805.1_GCA_025336805.1_ASM2533680v1_uncompressed	chromosome	-	-	JAODFU010000026.1 Escherichia coli strain Q0169 NODE_26_length_73626_cov_20.905928, whole genome shotgun sequence	73626	0.47166761741776003	15f9e78cdabcb15c36a4516a3bf71603	incomplete	-	-	-	-	-	-	-	-	-	-	-	-	-	-	-
GCA_025336805.1_GCA_025336805.1_ASM2533680v1	GCA_025336805.1_GCA_025336805.1_ASM2533680v1_uncompressed	chromosome	-	-	JAODFU010000027.1 Escherichia coli strain Q0169 NODE_27_length_70952_cov_22.688449, whole genome shotgun sequence	70952	0.5116670199985867	dcc3839d2a920a48312c216c5eec3731	incomplete	-	-	-	-	-	-	-	-	-	-	-	-	-	-	-
GCA_025336805.1_GCA_025336805.1_ASM2533680v1	GCA_025336805.1_GCA_025336805.1_ASM2533680v1_uncompressed	chromosome	-	-	JAODFU010000028.1 Escherichia coli strain Q0169 NODE_28_length_68259_cov_22.989561, whole genome shotgun sequence	68259	0.5178474494212233	35c577866af502aac354d7effef94724	incomplete	-	-	-	-	-	-	-	-	-	-	-	-	-	-	-
GCA_025336805.1_GCA_025336805.1_ASM2533680v1	GCA_025336805.1_GCA_025336805.1_ASM2533680v1_uncompressed	chromosome	-	-	JAODFU010000029.1 Escherichia coli strain Q0169 NODE_29_length_68049_cov_23.417154, whole genome shotgun sequence	68049	0.5113080280386192	dfb5a74962dfcb74f964d1d0cb23143d	incomplete	-	-	-	-	-	-	-	-	-	-	-	-	-	-	-
GCA_025336805.1_GCA_025336805.1_ASM2533680v1	GCA_025336805.1_GCA_025336805.1_ASM2533680v1_uncompressed	chromosome	-	-	JAODFU010000030.1 Escherichia coli strain Q0169 NODE_30_length_66357_cov_23.042502, whole genome shotgun sequence	66357	0.48287294482872944	69264105429a957a1b4330c9c5fa1802	incomplete	-	-	-	-	-	-	-	-	-	-	-	-	-	-	-
GCA_025336805.1_GCA_025336805.1_ASM2533680v1	GCA_025336805.1_GCA_025336805.1_ASM2533680v1_uncompressed	chromosome	-	-	JAODFU010000031.1 Escherichia coli strain Q0169 NODE_31_length_61187_cov_22.062782, whole genome shotgun sequence	61187	0.5229051922794058	50fa9304e9f9e5f8e5498bd66fad75e3	incomplete	-	-	-	-	-	-	-	-	-	-	-	-	-	-	-
GCA_025336805.1_GCA_025336805.1_ASM2533680v1	GCA_025336805.1_GCA_025336805.1_ASM2533680v1_uncompressed	chromosome	-	-	JAODFU010000032.1 Escherichia coli strain Q0169 NODE_32_length_48426_cov_24.074900, whole genome shotgun sequence	48426	0.5053483665799364	8da18f0e324296ff05611ba2fe7ed69a	incomplete	-	-	-	-	-	-	-	-	-	-	-	-	-	-	-
GCA_025336805.1_GCA_025336805.1_ASM2533680v1	GCA_025336805.1_GCA_025336805.1_ASM2533680v1_uncompressed	chromosome	-	-	JAODFU010000033.1 Escherichia coli strain Q0169 NODE_33_length_42166_cov_23.730830, whole genome shotgun sequence	42166	0.5091542949295641	e0c2137ab401721da253304624d92335	incomplete	-	-	-	-	-	-	-	-	-	-	-	-	-	-	-
GCA_025336805.1_GCA_025336805.1_ASM2533680v1	GCA_025336805.1_GCA_025336805.1_ASM2533680v1_uncompressed	chromosome	-	-	JAODFU010000034.1 Escherichia coli strain Q0169 NODE_34_length_41488_cov_22.486327, whole genome shotgun sequence	41488	0.49828866178172	166fc21f5ea7b6f957f1940c0e411fe2	incomplete	-	-	-	-	-	-	-	-	-	-	-	-	-	-	-
GCA_025336805.1_GCA_025336805.1_ASM2533680v1	GCA_025336805.1_GCA_025336805.1_ASM2533680v1_uncompressed	chromosome	-	-	JAODFU010000035.1 Escherichia coli strain Q0169 NODE_35_length_38207_cov_22.952584, whole genome shotgun sequence	38207	0.4966890883869448	62090a26c1aec3d9f87948a720cc5ec2	incomplete	-	-	-	-	-	-	-	-	-	-	-	-	-	-	-
GCA_025336805.1_GCA_025336805.1_ASM2533680v1	GCA_025336805.1_GCA_025336805.1_ASM2533680v1_uncompressed	chromosome	-	-	JAODFU010000036.1 Escherichia coli strain Q0169 NODE_36_length_35873_cov_24.914959, whole genome shotgun sequence	35873	0.5261059850026483	1967abcc40a1f3808d6381f2124e033d	incomplete	-	-	-	-	-	-	-	-	-	-	-	-	-	-	-
GCA_025336805.1_GCA_025336805.1_ASM2533680v1	GCA_025336805.1_GCA_025336805.1_ASM2533680v1_uncompressed	chromosome	-	-	JAODFU010000037.1 Escherichia coli strain Q0169 NODE_37_length_33759_cov_24.057056, whole genome shotgun sequence	33759	0.4974080985811191	f4434e6365d52a5ed3674c4ea9d3d016	incomplete	-	-	-	-	-	-	-	-	-	-	-	-	-	-	-
GCA_025336805.1_GCA_025336805.1_ASM2533680v1	GCA_025336805.1_GCA_025336805.1_ASM2533680v1_uncompressed	chromosome	-	-	JAODFU010000038.1 Escherichia coli strain Q0169 NODE_38_length_30908_cov_22.201536, whole genome shotgun sequence	30908	0.5263362236314223	98305d4407ff771d7b50ad760bd32896	incomplete	-	-	-	-	-	-	-	-	-	-	-	-	-	-	-
GCA_025336805.1_GCA_025336805.1_ASM2533680v1	GCA_025336805.1_GCA_025336805.1_ASM2533680v1_uncompressed	chromosome	-	-	JAODFU010000039.1 Escherichia coli strain Q0169 NODE_39_length_30468_cov_22.883570, whole genome shotgun sequence	30468	0.4844426939740055	a558dbfac238e9649e293a51c3068cee	incomplete	-	-	-	-	-	-	-	-	-	-	-	-	-	-	-
GCA_025336805.1_GCA_025336805.1_ASM2533680v1	GCA_025336805.1_GCA_025336805.1_ASM2533680v1_uncompressed	chromosome	-	-	JAODFU010000040.1 Escherichia coli strain Q0169 NODE_40_length_28649_cov_21.573477, whole genome shotgun sequence	28649	0.43457014206429545	2c8ac3046edfd7df6c5472a949942672	incomplete	-	-	-	-	-	-	-	-	-	-	-	-	-	-	-
GCA_025336805.1_GCA_025336805.1_ASM2533680v1	GCA_025336805.1_GCA_025336805.1_ASM2533680v1_uncompressed	chromosome	-	-	JAODFU010000041.1 Escherichia coli strain Q0169 NODE_41_length_27813_cov_22.066503, whole genome shotgun sequence	27813	0.48462948980692483	13f2dc3f928ea2e6b4faab1e962a48ca	incomplete	-	-	-	-	-	-	-	-	-	-	-	-	-	-	-
GCA_025336805.1_GCA_025336805.1_ASM2533680v1	GCA_025336805.1_GCA_025336805.1_ASM2533680v1_uncompressed	chromosome	-	-	JAODFU010000042.1 Escherichia coli strain Q0169 NODE_42_length_26752_cov_22.268944, whole genome shotgun sequence	26752	0.5052706339712919	9ceb6b23868bcebbfd8139e176c65166	incomplete	-	-	-	-	-	-	-	-	-	-	-	-	-	-	-
GCA_025336805.1_GCA_025336805.1_ASM2533680v1	GCA_025336805.1_GCA_025336805.1_ASM2533680v1_uncompressed	chromosome	-	-	JAODFU010000043.1 Escherichia coli strain Q0169 NODE_43_length_25232_cov_24.117726, whole genome shotgun sequence	25232	0.4808576410906785	f695216c48bd19bcedf43466bd74381a	incomplete	-	-	-	-	-	-	-	-	-	-	-	-	-	-	-
GCA_025336805.1_GCA_025336805.1_ASM2533680v1	GCA_025336805.1_GCA_025336805.1_ASM2533680v1_uncompressed	chromosome	-	-	JAODFU010000044.1 Escherichia coli strain Q0169 NODE_44_length_25012_cov_22.476900, whole genome shotgun sequence	25012	0.5271069886454501	2cef8124d1f275512182bda29dd68392	incomplete	-	-	-	-	-	-	-	-	-	-	-	-	-	-	-
GCA_025336805.1_GCA_025336805.1_ASM2533680v1	GCA_025336805.1_GCA_025336805.1_ASM2533680v1_uncompressed	chromosome	-	-	JAODFU010000045.1 Escherichia coli strain Q0169 NODE_45_length_20664_cov_23.218351, whole genome shotgun sequence	20664	0.4962737127371274	b69816aeed0786dc9e2bbb2d775c2780	incomplete	-	-	-	-	-	-	-	-	-	-	-	-	-	-	-
GCA_025336805.1_GCA_025336805.1_ASM2533680v1	GCA_025336805.1_GCA_025336805.1_ASM2533680v1_uncompressed	chromosome	-	-	JAODFU010000046.1 Escherichia coli strain Q0169 NODE_46_length_19307_cov_20.647777, whole genome shotgun sequence	19307	0.4730408660071477	b654a3504407f5cb1af91c451d97ef83	incomplete	-	-	-	-	-	-	-	-	-	-	-	-	-	-	-
GCA_025336805.1_GCA_025336805.1_ASM2533680v1	GCA_025336805.1_GCA_025336805.1_ASM2533680v1_uncompressed	plasmid	AA314	-	JAODFU010000047.1 Escherichia coli strain Q0169 NODE_47_length_18435_cov_27.732807, whole genome shotgun sequence	18435	0.5142934635204773	92fa91ae366e222bb54a1ffb92ef2683	incomplete	-	-	-	-	MPF_F,MPF_F,MPF_F,MPF_F,MPF_F,MPF_F,MPF_F,MPF_T	NC_009837_00049,NC_010488_00021,NC_018966_00040,NC_017639_00100,NC_007675_00027,NC_017630_00031,NC_019094_00090,NC_013437_00116	-	-	-	CP012928	0.0250005	Salmonella enterica subsp. enterica serovar Heidelberg	-	-	-
GCA_025336805.1_GCA_025336805.1_ASM2533680v1	GCA_025336805.1_GCA_025336805.1_ASM2533680v1_uncompressed	plasmid	AA314	-	JAODFU010000048.1 Escherichia coli strain Q0169 NODE_48_length_14890_cov_22.313650, whole genome shotgun sequence	14890	0.49576897246474144	a1cd4f21fd10135e868636244d106c54	incomplete	-	-	-	-	-	-	-	-	-	CP012928	0.0250005	Salmonella enterica subsp. enterica serovar Heidelberg	-	-	-
GCA_025336805.1_GCA_025336805.1_ASM2533680v1	GCA_025336805.1_GCA_025336805.1_ASM2533680v1_uncompressed	plasmid	AA314	-	JAODFU010000049.1 Escherichia coli strain Q0169 NODE_49_length_14535_cov_25.510704, whole genome shotgun sequence	14535	0.5397316821465429	439f3dc474b4f3c2af7375cfad926652	incomplete	IncFIA,IncFIC	000136__AP014877_00014,CP003035	MOBF	NC_017627_00068	-	-	-	-	-	CP012928	0.0250005	Salmonella enterica subsp. enterica serovar Heidelberg	-	-	-
GCA_025336805.1_GCA_025336805.1_ASM2533680v1	GCA_025336805.1_GCA_025336805.1_ASM2533680v1_uncompressed	chromosome	-	-	JAODFU010000050.1 Escherichia coli strain Q0169 NODE_50_length_12130_cov_19.833706, whole genome shotgun sequence	12130	0.476916735366859	632f451d4710a0470dc2baecd40ba632	incomplete	-	-	-	-	-	-	-	-	-	-	-	-	-	-	-
GCA_025336805.1_GCA_025336805.1_ASM2533680v1	GCA_025336805.1_GCA_025336805.1_ASM2533680v1_uncompressed	chromosome	-	-	JAODFU010000051.1 Escherichia coli strain Q0169 NODE_51_length_12016_cov_17.985202, whole genome shotgun sequence	12016	0.5055758988015979	b619172401b9a2a8ea57cd60124a6870	incomplete	-	-	-	-	-	-	-	-	-	-	-	-	-	-	-
GCA_025336805.1_GCA_025336805.1_ASM2533680v1	GCA_025336805.1_GCA_025336805.1_ASM2533680v1_uncompressed	chromosome	-	-	JAODFU010000052.1 Escherichia coli strain Q0169 NODE_52_length_11778_cov_25.387017, whole genome shotgun sequence	11778	0.5090847342502972	8568c85af82aa7572696b4ceca953a2e	incomplete	-	-	-	-	-	-	-	-	-	-	-	-	-	-	-
GCA_025336805.1_GCA_025336805.1_ASM2533680v1	GCA_025336805.1_GCA_025336805.1_ASM2533680v1_uncompressed	plasmid	AB714	-	JAODFU010000053.1 Escherichia coli strain Q0169 NODE_53_length_9940_cov_21.430653, whole genome shotgun sequence	9940	0.46438631790744467	fc08199d3563ce728039a381e5074580	incomplete	-	-	-	-	-	-	-	-	-	CP022453	0.0458408	Salmonella enterica subsp. enterica serovar Indiana	-	-	-
GCA_025336805.1_GCA_025336805.1_ASM2533680v1	GCA_025336805.1_GCA_025336805.1_ASM2533680v1_uncompressed	chromosome	-	-	JAODFU010000054.1 Escherichia coli strain Q0169 NODE_54_length_9784_cov_19.679001, whole genome shotgun sequence	9784	0.4965249386753884	54dca9a51930120259f8f878babf7985	incomplete	-	-	-	-	-	-	-	-	-	-	-	-	-	-	-
GCA_025336805.1_GCA_025336805.1_ASM2533680v1	GCA_025336805.1_GCA_025336805.1_ASM2533680v1_uncompressed	chromosome	-	-	JAODFU010000055.1 Escherichia coli strain Q0169 NODE_55_length_8798_cov_24.893858, whole genome shotgun sequence	8798	0.48101841327574446	0a44087d36fef2124d54c026433ed31f	incomplete	-	-	-	-	-	-	-	-	-	-	-	-	-	-	-
GCA_025336805.1_GCA_025336805.1_ASM2533680v1	GCA_025336805.1_GCA_025336805.1_ASM2533680v1_uncompressed	chromosome	-	-	JAODFU010000056.1 Escherichia coli strain Q0169 NODE_56_length_5452_cov_29.859366, whole genome shotgun sequence	5452	0.5698826118855466	5e3d99873e2e705ab9c39214997d5ac7	incomplete	-	-	-	-	-	-	-	-	-	-	-	-	-	-	-
GCA_025336805.1_GCA_025336805.1_ASM2533680v1	GCA_025336805.1_GCA_025336805.1_ASM2533680v1_uncompressed	plasmid	AB714	-	JAODFU010000057.1 Escherichia coli strain Q0169 NODE_57_length_4827_cov_25.622800, whole genome shotgun sequence	4827	0.5392583385125337	6efd19e555156e85fc0206de903503c2	incomplete	-	-	-	-	-	-	-	-	-	CP022453	0.0458408	Salmonella enterica subsp. enterica serovar Indiana	-	-	-
GCA_025336805.1_GCA_025336805.1_ASM2533680v1	GCA_025336805.1_GCA_025336805.1_ASM2533680v1_uncompressed	plasmid	AB443	AK226	JAODFU010000058.1 Escherichia coli strain Q0169 NODE_58_length_4548_cov_93.645894, whole genome shotgun sequence	4548	0.4445910290237467	17a3d9ebb8f910e31b5c0df9280996c7	incomplete	rep_cluster_2350	CP041342_00001	-	-	-	-	MOBP	MF083142	-	CP035351	0.00390583	Escherichia coli	-	-	-
GCA_025336805.1_GCA_025336805.1_ASM2533680v1	GCA_025336805.1_GCA_025336805.1_ASM2533680v1_uncompressed	chromosome	-	-	JAODFU010000059.1 Escherichia coli strain Q0169 NODE_59_length_4425_cov_28.239359, whole genome shotgun sequence	4425	0.5383050847457627	d7222b6c70332df1ac8bb3fa4f6c0fbf	incomplete	-	-	-	-	-	-	-	-	-	-	-	-	-	-	-
GCA_025336805.1_GCA_025336805.1_ASM2533680v1	GCA_025336805.1_GCA_025336805.1_ASM2533680v1_uncompressed	chromosome	-	-	JAODFU010000060.1 Escherichia coli strain Q0169 NODE_60_length_4353_cov_19.174500, whole genome shotgun sequence	4353	0.44521019986216404	4205530d4e97ff5348eb30424b4e8b74	incomplete	-	-	-	-	-	-	-	-	-	-	-	-	-	-	-
GCA_025336805.1_GCA_025336805.1_ASM2533680v1	GCA_025336805.1_GCA_025336805.1_ASM2533680v1_uncompressed	plasmid	AA147	AH786	JAODFU010000061.1 Escherichia coli strain Q0169 NODE_61_length_4323_cov_179.551312, whole genome shotgun sequence	4323	0.44228544991903773	ee7f6eb11ce1617b3b0dfd27208ea400	incomplete	rep_cluster_2401	CP039864_00003	-	-	-	-	MOBP	NC_019078	-	NC_022662	0.00680395	Escherichia coli JJ1886	-	-	-
GCA_025336805.1_GCA_025336805.1_ASM2533680v1	GCA_025336805.1_GCA_025336805.1_ASM2533680v1_uncompressed	plasmid	AA579	-	JAODFU010000062.1 Escherichia coli strain Q0169 NODE_62_length_4165_cov_102.209002, whole genome shotgun sequence	4165	0.5020408163265306	11f75857f1c2160cd0ca9bef8f043685	circular	-	-	MOBQ	NC_011411_00002	-	-	MOBQ,MOBQ	NC_013503,NC_009791	-	CP019648	0.0442483	Salmonella enterica subsp. enterica serovar Typhimurium	-	-	-
GCA_025336805.1_GCA_025336805.1_ASM2533680v1	GCA_025336805.1_GCA_025336805.1_ASM2533680v1_uncompressed	plasmid	AA314	-	JAODFU010000063.1 Escherichia coli strain Q0169 NODE_63_length_4109_cov_27.902319, whole genome shotgun sequence	4109	0.576295935750791	d7c15d2d8628f7f05822799aa45d0e74	incomplete	-	-	-	-	-	-	-	-	-	CP012928	0.0250005	Salmonella enterica subsp. enterica serovar Heidelberg	-	-	-
GCA_025336805.1_GCA_025336805.1_ASM2533680v1	GCA_025336805.1_GCA_025336805.1_ASM2533680v1_uncompressed	chromosome	-	-	JAODFU010000064.1 Escherichia coli strain Q0169 NODE_64_length_3974_cov_4.746109, whole genome shotgun sequence	3974	0.3203321590337192	730a566ea201e942466cbfb2740959a4	incomplete	-	-	-	-	-	-	-	-	-	-	-	-	-	-	-
GCA_025336805.1_GCA_025336805.1_ASM2533680v1	GCA_025336805.1_GCA_025336805.1_ASM2533680v1_uncompressed	plasmid	AB714	-	JAODFU010000065.1 Escherichia coli strain Q0169 NODE_65_length_3967_cov_32.218558, whole genome shotgun sequence	3967	0.550541971262919	729ff2a16243dd0b1b269034efb13427	incomplete	-	-	-	-	-	-	-	-	-	CP022453	0.0458408	Salmonella enterica subsp. enterica serovar Indiana	-	-	-
GCA_025336805.1_GCA_025336805.1_ASM2533680v1	GCA_025336805.1_GCA_025336805.1_ASM2533680v1_uncompressed	plasmid	AG590	AQ638	JAODFU010000066.1 Escherichia coli strain Q0169 NODE_66_length_3952_cov_340.976135, whole genome shotgun sequence	3952	0.5172064777327935	df904ae65df2e179cbf6a0ea759b26c6	circular	Col156	CP001126_00001	MOBQ	CP032882_00002	-	-	-	-	-	CP034827	0.0219913	Salmonella sp. SSDFZ54	-	-	-
GCA_025336805.1_GCA_025336805.1_ASM2533680v1	GCA_025336805.1_GCA_025336805.1_ASM2533680v1_uncompressed	plasmid	AA314	-	JAODFU010000067.1 Escherichia coli strain Q0169 NODE_67_length_3861_cov_22.465581, whole genome shotgun sequence	3861	0.5187775187775188	2292f65f4e51ee600a00d4ffc5132ed0	incomplete	-	-	MOBF	CP026812_00205	MPF_Unknown	08-5333_00200	-	-	-	CP012928	0.0250005	Salmonella enterica subsp. enterica serovar Heidelberg	-	-	-
GCA_025336805.1_GCA_025336805.1_ASM2533680v1	GCA_025336805.1_GCA_025336805.1_ASM2533680v1_uncompressed	plasmid	AA314	-	JAODFU010000068.1 Escherichia coli strain Q0169 NODE_68_length_3624_cov_16.594004, whole genome shotgun sequence	3624	0.4737858719646799	98006134d64fbdffa03e948995f372f3	incomplete	-	-	-	-	-	-	-	-	-	CP012928	0.0250005	Salmonella enterica subsp. enterica serovar Heidelberg	-	-	-
GCA_025336805.1_GCA_025336805.1_ASM2533680v1	GCA_025336805.1_GCA_025336805.1_ASM2533680v1_uncompressed	plasmid	AB714	-	JAODFU010000069.1 Escherichia coli strain Q0169 NODE_69_length_3490_cov_25.073362, whole genome shotgun sequence	3490	0.47306590257879655	9e9917071a808ea0875d85a44fd0c0c4	incomplete	-	-	-	-	-	-	-	-	-	CP022453	0.0458408	Salmonella enterica subsp. enterica serovar Indiana	-	-	-
GCA_025336805.1_GCA_025336805.1_ASM2533680v1	GCA_025336805.1_GCA_025336805.1_ASM2533680v1_uncompressed	chromosome	-	-	JAODFU010000070.1 Escherichia coli strain Q0169 NODE_70_length_3349_cov_51.920158, whole genome shotgun sequence	3349	0.48701104807405193	167bcb620c90193b71fa78acb09888f8	incomplete	-	-	-	-	-	-	-	-	-	-	-	-	-	-	-
GCA_025336805.1_GCA_025336805.1_ASM2533680v1	GCA_025336805.1_GCA_025336805.1_ASM2533680v1_uncompressed	chromosome	-	-	JAODFU010000071.1 Escherichia coli strain Q0169 NODE_71_length_3337_cov_24.599634, whole genome shotgun sequence	3337	0.5765657776445909	de77448632c1bee9e9e4f32c5eaabce9	incomplete	-	-	-	-	-	-	-	-	-	-	-	-	-	-	-
GCA_025336805.1_GCA_025336805.1_ASM2533680v1	GCA_025336805.1_GCA_025336805.1_ASM2533680v1_uncompressed	chromosome	-	-	JAODFU010000072.1 Escherichia coli strain Q0169 NODE_72_length_2692_cov_18.238149, whole genome shotgun sequence	2692	0.4312778603268945	989501600d4248257f1d0b70e0b5080f	incomplete	-	-	-	-	-	-	-	-	-	-	-	-	-	-	-
GCA_025336805.1_GCA_025336805.1_ASM2533680v1	GCA_025336805.1_GCA_025336805.1_ASM2533680v1_uncompressed	chromosome	-	-	JAODFU010000073.1 Escherichia coli strain Q0169 NODE_73_length_2652_cov_17.110897, whole genome shotgun sequence	2652	0.39215686274509803	2ecb3aff5353e1832b018f08e1c1f507	incomplete	-	-	-	-	MPF_F	NC_022651_00077	MOBF	NC_017858	-	-	-	-	-	-	-
GCA_025336805.1_GCA_025336805.1_ASM2533680v1	GCA_025336805.1_GCA_025336805.1_ASM2533680v1_uncompressed	plasmid	AB714	-	JAODFU010000074.1 Escherichia coli strain Q0169 NODE_74_length_2486_cov_25.944116, whole genome shotgun sequence	2486	0.4879324215607401	df5409aedeecf65aa3123c6afcbc940e	incomplete	-	-	-	-	-	-	-	-	-	CP022453	0.0458408	Salmonella enterica subsp. enterica serovar Indiana	-	-	-
GCA_025336805.1_GCA_025336805.1_ASM2533680v1	GCA_025336805.1_GCA_025336805.1_ASM2533680v1_uncompressed	chromosome	-	-	JAODFU010000075.1 Escherichia coli strain Q0169 NODE_75_length_2475_cov_52.624380, whole genome shotgun sequence	2475	0.5890909090909091	8a1f2dd07c80c2da4a515f288eb5263c	incomplete	-	-	-	-	-	-	-	-	-	-	-	-	-	-	-
GCA_025336805.1_GCA_025336805.1_ASM2533680v1	GCA_025336805.1_GCA_025336805.1_ASM2533680v1_uncompressed	plasmid	AA314	-	JAODFU010000076.1 Escherichia coli strain Q0169 NODE_76_length_2315_cov_28.409292, whole genome shotgun sequence	2315	0.5831533477321814	ad940d6fbc14eb34ea6d9fbc6a4e47ac	incomplete	-	-	-	-	-	-	-	-	-	CP012928	0.0250005	Salmonella enterica subsp. enterica serovar Heidelberg	-	-	-
GCA_025336805.1_GCA_025336805.1_ASM2533680v1	GCA_025336805.1_GCA_025336805.1_ASM2533680v1_uncompressed	chromosome	-	-	JAODFU010000077.1 Escherichia coli strain Q0169 NODE_77_length_2090_cov_6.260442, whole genome shotgun sequence	2090	0.35023923444976074	174ecd7bf691f242568cbceff8e97279	incomplete	-	-	-	-	-	-	-	-	-	-	-	-	-	-	-
GCA_025336805.1_GCA_025336805.1_ASM2533680v1	GCA_025336805.1_GCA_025336805.1_ASM2533680v1_uncompressed	chromosome	-	-	JAODFU010000078.1 Escherichia coli strain Q0169 NODE_78_length_2055_cov_12.902500, whole genome shotgun sequence	2055	0.3372262773722628	5e173803297e4c0aa78788a92d2616dc	incomplete	-	-	-	-	-	-	-	-	-	-	-	-	-	-	-
GCA_025336805.1_GCA_025336805.1_ASM2533680v1	GCA_025336805.1_GCA_025336805.1_ASM2533680v1_uncompressed	chromosome	-	-	JAODFU010000079.1 Escherichia coli strain Q0169 NODE_79_length_2033_cov_25.504044, whole genome shotgun sequence	2033	0.5199212985735366	56a0b25a20300a19a4180c551834a9f2	incomplete	-	-	-	-	-	-	-	-	-	-	-	-	-	-	-
GCA_025336805.1_GCA_025336805.1_ASM2533680v1	GCA_025336805.1_GCA_025336805.1_ASM2533680v1_uncompressed	chromosome	-	-	JAODFU010000080.1 Escherichia coli strain Q0169 NODE_80_length_2001_cov_22.460432, whole genome shotgun sequence	2001	0.4892553723138431	c0c693aa6c430428fe4d37d3949553b5	incomplete	-	-	-	-	-	-	-	-	-	-	-	-	-	-	-
GCA_025336805.1_GCA_025336805.1_ASM2533680v1	GCA_025336805.1_GCA_025336805.1_ASM2533680v1_uncompressed	plasmid	AA314	-	JAODFU010000081.1 Escherichia coli strain Q0169 NODE_81_length_1998_cov_21.216675, whole genome shotgun sequence	1998	0.45245245245245247	11c6c3526eecd2b1af007a844d034262	incomplete	-	-	-	-	-	-	-	-	-	CP012928	0.0250005	Salmonella enterica subsp. enterica serovar Heidelberg	-	-	-
GCA_025336805.1_GCA_025336805.1_ASM2533680v1	GCA_025336805.1_GCA_025336805.1_ASM2533680v1_uncompressed	chromosome	-	-	JAODFU010000082.1 Escherichia coli strain Q0169 NODE_82_length_1906_cov_41.063749, whole genome shotgun sequence	1906	0.5236096537250787	b8c20f9be7d46f500b6ad2a6e0b72238	incomplete	-	-	-	-	-	-	-	-	-	-	-	-	-	-	-
GCA_025336805.1_GCA_025336805.1_ASM2533680v1	GCA_025336805.1_GCA_025336805.1_ASM2533680v1_uncompressed	chromosome	-	-	JAODFU010000083.1 Escherichia coli strain Q0169 NODE_83_length_1873_cov_42.298130, whole genome shotgun sequence	1873	0.40576615056059795	12def7b330071ee9e48e1d4f6ab3be13	incomplete	-	-	-	-	-	-	-	-	-	-	-	-	-	-	-
GCA_025336805.1_GCA_025336805.1_ASM2533680v1	GCA_025336805.1_GCA_025336805.1_ASM2533680v1_uncompressed	chromosome	-	-	JAODFU010000084.1 Escherichia coli strain Q0169 NODE_84_length_1833_cov_159.403825, whole genome shotgun sequence	1833	0.5182760501909438	2644036228440bb0f298e537d71800da	incomplete	-	-	-	-	-	-	-	-	-	-	-	-	CP016586.1	23s-rRNA	repetitve element
GCA_025336805.1_GCA_025336805.1_ASM2533680v1	GCA_025336805.1_GCA_025336805.1_ASM2533680v1_uncompressed	chromosome	-	-	JAODFU010000085.1 Escherichia coli strain Q0169 NODE_85_length_1833_cov_23.881890, whole genome shotgun sequence	1833	0.4844517184942717	21e23e5e6d3ce1ace2d37477e7f283c9	incomplete	-	-	-	-	-	-	-	-	-	-	-	-	-	-	-
GCA_025336805.1_GCA_025336805.1_ASM2533680v1	GCA_025336805.1_GCA_025336805.1_ASM2533680v1_uncompressed	chromosome	-	-	JAODFU010000086.1 Escherichia coli strain Q0169 NODE_86_length_1808_cov_19.565317, whole genome shotgun sequence	1808	0.43086283185840707	63cce51271de6b8653045a67e6e16b26	incomplete	-	-	-	-	-	-	-	-	-	-	-	-	-	-	-
GCA_025336805.1_GCA_025336805.1_ASM2533680v1	GCA_025336805.1_GCA_025336805.1_ASM2533680v1_uncompressed	plasmid	AB714	-	JAODFU010000087.1 Escherichia coli strain Q0169 NODE_87_length_1803_cov_44.517735, whole genome shotgun sequence	1803	0.5773710482529119	d228cab281fae0b8affb77269e7b7ac8	incomplete	-	-	-	-	-	-	-	-	-	CP022453	0.0458408	Salmonella enterica subsp. enterica serovar Indiana	-	-	-
GCA_025336805.1_GCA_025336805.1_ASM2533680v1	GCA_025336805.1_GCA_025336805.1_ASM2533680v1_uncompressed	chromosome	-	-	JAODFU010000088.1 Escherichia coli strain Q0169 NODE_88_length_1606_cov_673.366860, whole genome shotgun sequence	1606	0.44209215442092153	b9be9d3e4d5987cc10d72ab6feb1626c	incomplete	Col(MG828)	NC_008486	-	-	-	-	-	-	-	-	-	-	-	-	-
GCA_025336805.1_GCA_025336805.1_ASM2533680v1	GCA_025336805.1_GCA_025336805.1_ASM2533680v1_uncompressed	chromosome	-	-	JAODFU010000089.1 Escherichia coli strain Q0169 NODE_89_length_1595_cov_26.350000, whole genome shotgun sequence	1595	0.4896551724137931	7109e2480a3b92ae888d9643d07e9e7b	incomplete	-	-	-	-	-	-	-	-	-	-	-	-	-	-	-
GCA_025336805.1_GCA_025336805.1_ASM2533680v1	GCA_025336805.1_GCA_025336805.1_ASM2533680v1_uncompressed	plasmid	AA314	-	JAODFU010000090.1 Escherichia coli strain Q0169 NODE_90_length_1515_cov_30.699315, whole genome shotgun sequence	1515	0.533993399339934	8f1204a01cbae9365166a2e657c91592	incomplete	-	-	-	-	MPF_F,MPF_F	NC_010409_00124,NC_019037_00043	-	-	-	CP012928	0.0250005	Salmonella enterica subsp. enterica serovar Heidelberg	-	-	-
GCA_025336805.1_GCA_025336805.1_ASM2533680v1	GCA_025336805.1_GCA_025336805.1_ASM2533680v1_uncompressed	chromosome	-	-	JAODFU010000091.1 Escherichia coli strain Q0169 NODE_91_length_1459_cov_172.812678, whole genome shotgun sequence	1459	0.5476353666895134	48c869e579bd00f8e2e6ff8ad6a3b57c	incomplete	-	-	-	-	-	-	-	-	-	-	-	-	CP016586.1	16s-rRNA	repetitve element
GCA_025336805.1_GCA_025336805.1_ASM2533680v1	GCA_025336805.1_GCA_025336805.1_ASM2533680v1_uncompressed	plasmid	AA314	-	JAODFU010000092.1 Escherichia coli strain Q0169 NODE_92_length_1379_cov_23.864804, whole genome shotgun sequence	1379	0.5402465554749819	6497d3681c6fb42ceb321a54ed7dc718	incomplete	-	-	-	-	-	-	-	-	-	CP012928	0.0250005	Salmonella enterica subsp. enterica serovar Heidelberg	-	-	-
GCA_025336805.1_GCA_025336805.1_ASM2533680v1	GCA_025336805.1_GCA_025336805.1_ASM2533680v1_uncompressed	chromosome	-	-	JAODFU010000093.1 Escherichia coli strain Q0169 NODE_93_length_1347_cov_21.708204, whole genome shotgun sequence	1347	0.5196733481811433	e9352f8e9cca7d2e59eadbbcb16c2aad	incomplete	-	-	-	-	-	-	-	-	-	-	-	-	-	-	-
GCA_025336805.1_GCA_025336805.1_ASM2533680v1	GCA_025336805.1_GCA_025336805.1_ASM2533680v1_uncompressed	chromosome	-	-	JAODFU010000094.1 Escherichia coli strain Q0169 NODE_94_length_1305_cov_594.124000, whole genome shotgun sequence	1305	0.4697318007662835	59e12a59a5f9d8b5c8266ff0087f18fb	incomplete	-	-	-	-	-	-	-	-	-	-	-	-	-	-	-
GCA_025336805.1_GCA_025336805.1_ASM2533680v1	GCA_025336805.1_GCA_025336805.1_ASM2533680v1_uncompressed	plasmid	AB714	-	JAODFU010000095.1 Escherichia coli strain Q0169 NODE_95_length_1293_cov_21.999192, whole genome shotgun sequence	1293	0.5274555297757154	0ece8b613c7444630ddba27e443a055c	incomplete	-	-	-	-	-	-	-	-	-	CP022453	0.0458408	Salmonella enterica subsp. enterica serovar Indiana	-	-	-
GCA_025336805.1_GCA_025336805.1_ASM2533680v1	GCA_025336805.1_GCA_025336805.1_ASM2533680v1_uncompressed	chromosome	-	-	JAODFU010000096.1 Escherichia coli strain Q0169 NODE_96_length_1261_cov_52.746269, whole genome shotgun sequence	1261	0.5717684377478192	aee5eaedbe3e4dc72f7cbdcafadcfbfe	incomplete	-	-	-	-	-	-	-	-	-	-	-	-	-	-	-
GCA_025336805.1_GCA_025336805.1_ASM2533680v1	GCA_025336805.1_GCA_025336805.1_ASM2533680v1_uncompressed	chromosome	-	-	JAODFU010000097.1 Escherichia coli strain Q0169 NODE_97_length_1258_cov_81.409809, whole genome shotgun sequence	1258	0.5206677265500795	16a061b03d8e2005acfc3297fec5e17f	incomplete	-	-	-	-	-	-	-	-	-	-	-	-	NC_002695	ISEc31	repetitve element
GCA_025336805.1_GCA_025336805.1_ASM2533680v1	GCA_025336805.1_GCA_025336805.1_ASM2533680v1_uncompressed	chromosome	-	-	JAODFU010000098.1 Escherichia coli strain Q0169 NODE_98_length_1176_cov_3.477252, whole genome shotgun sequence	1176	0.282312925170068	b2d10ab35e60e2c659a812d9b3d83efa	incomplete	-	-	-	-	-	-	-	-	-	-	-	-	-	-	-
GCA_025336805.1_GCA_025336805.1_ASM2533680v1	GCA_025336805.1_GCA_025336805.1_ASM2533680v1_uncompressed	chromosome	-	-	JAODFU010000099.1 Escherichia coli strain Q0169 NODE_99_length_1169_cov_20.619390, whole genome shotgun sequence	1169	0.525235243798118	59b33c1de42505237d641896f97ebe2f	incomplete	-	-	-	-	-	-	-	-	-	-	-	-	-	-	-
GCA_025336805.1_GCA_025336805.1_ASM2533680v1	GCA_025336805.1_GCA_025336805.1_ASM2533680v1_uncompressed	plasmid	AB443	AK226	JAODFU010000100.1 Escherichia coli strain Q0169 NODE_100_length_1131_cov_141.197955, whole genome shotgun sequence	1131	0.5844385499557914	505c092766e0689b375e064e15f032e9	incomplete	-	-	MOBP	LT985292_00003	-	-	-	-	-	CP035351	0.00390583	Escherichia coli	-	-	-
GCA_025336805.1_GCA_025336805.1_ASM2533680v1	GCA_025336805.1_GCA_025336805.1_ASM2533680v1_uncompressed	chromosome	-	-	JAODFU010000101.1 Escherichia coli strain Q0169 NODE_101_length_1109_cov_25.188805, whole genome shotgun sequence	1109	0.5383228133453561	fb243820dd470554bdf84fe4adda18c3	incomplete	-	-	-	-	-	-	-	-	-	-	-	-	-	-	-
GCA_025336805.1_GCA_025336805.1_ASM2533680v1	GCA_025336805.1_GCA_025336805.1_ASM2533680v1_uncompressed	chromosome	-	-	JAODFU010000102.1 Escherichia coli strain Q0169 NODE_102_length_1096_cov_3.659942, whole genome shotgun sequence	1096	0.2801094890510949	8f9aaad9de5fe33d8232b89f73d0d9d2	incomplete	-	-	-	-	-	-	-	-	-	-	-	-	-	-	-
GCA_025336805.1_GCA_025336805.1_ASM2533680v1	GCA_025336805.1_GCA_025336805.1_ASM2533680v1_uncompressed	chromosome	-	-	JAODFU010000103.1 Escherichia coli strain Q0169 NODE_103_length_1069_cov_13.102564, whole genome shotgun sequence	1069	0.38260056127221703	073bb7aba4f1f79050c19cff280ec5cd	incomplete	-	-	-	-	-	-	-	-	-	-	-	-	-	-	-
GCA_025336805.1_GCA_025336805.1_ASM2533680v1	GCA_025336805.1_GCA_025336805.1_ASM2533680v1_uncompressed	chromosome	-	-	JAODFU010000104.1 Escherichia coli strain Q0169 NODE_104_length_986_cov_52.443609, whole genome shotgun sequence	986	0.5010141987829615	bacec5c5974acff1cfd76c779c8a67f2	incomplete	-	-	-	-	-	-	-	-	-	-	-	-	-	-	-
GCA_025336805.1_GCA_025336805.1_ASM2533680v1	GCA_025336805.1_GCA_025336805.1_ASM2533680v1_uncompressed	chromosome	-	-	JAODFU010000105.1 Escherichia coli strain Q0169 NODE_105_length_975_cov_113.178261, whole genome shotgun sequence	975	0.4882051282051282	610da597c46ac2f9ed08e45f97bd8f38	incomplete	-	-	-	-	-	-	-	-	-	-	-	-	-	-	-
GCA_025336805.1_GCA_025336805.1_ASM2533680v1	GCA_025336805.1_GCA_025336805.1_ASM2533680v1_uncompressed	chromosome	-	-	JAODFU010000106.1 Escherichia coli strain Q0169 NODE_106_length_894_cov_22.088200, whole genome shotgun sequence	894	0.4865771812080537	5a29873e5b9e86bc580b7cf65cdb6747	incomplete	-	-	-	-	-	-	-	-	-	-	-	-	-	-	-
GCA_025336805.1_GCA_025336805.1_ASM2533680v1	GCA_025336805.1_GCA_025336805.1_ASM2533680v1_uncompressed	chromosome	-	-	JAODFU010000107.1 Escherichia coli strain Q0169 NODE_107_length_889_cov_30.121103, whole genome shotgun sequence	889	0.5590551181102362	f2b47cbe65a8abfd742c1db7dd5991bb	incomplete	-	-	-	-	-	-	-	-	-	-	-	-	-	-	-
GCA_025336805.1_GCA_025336805.1_ASM2533680v1	GCA_025336805.1_GCA_025336805.1_ASM2533680v1_uncompressed	chromosome	-	-	JAODFU010000108.1 Escherichia coli strain Q0169 NODE_108_length_876_cov_27.690621, whole genome shotgun sequence	876	0.5742009132420092	2bb2c2d60831d0d0815bb9760a657b81	incomplete	-	-	-	-	-	-	-	-	-	-	-	-	-	-	-
GCA_025336805.1_GCA_025336805.1_ASM2533680v1	GCA_025336805.1_GCA_025336805.1_ASM2533680v1_uncompressed	chromosome	-	-	JAODFU010000109.1 Escherichia coli strain Q0169 NODE_109_length_867_cov_42.809113, whole genome shotgun sequence	867	0.5259515570934256	ed82212bcb159c65ec720d47f420ae4a	incomplete	-	-	-	-	-	-	-	-	-	-	-	-	-	-	-
GCA_025336805.1_GCA_025336805.1_ASM2533680v1	GCA_025336805.1_GCA_025336805.1_ASM2533680v1_uncompressed	chromosome	-	-	JAODFU010000110.1 Escherichia coli strain Q0169 NODE_110_length_818_cov_22.061599, whole genome shotgun sequence	818	0.4193154034229829	0abd0d8de445d56613e03618bdb7a122	incomplete	-	-	-	-	-	-	-	-	-	-	-	-	-	-	-
GCA_025336805.1_GCA_025336805.1_ASM2533680v1	GCA_025336805.1_GCA_025336805.1_ASM2533680v1_uncompressed	chromosome	-	-	JAODFU010000111.1 Escherichia coli strain Q0169 NODE_111_length_810_cov_26.535099, whole genome shotgun sequence	810	0.5938271604938271	c38c584802d8fdd944f80bb0c6a86874	incomplete	-	-	-	-	-	-	-	-	-	-	-	-	-	-	-
GCA_025336805.1_GCA_025336805.1_ASM2533680v1	GCA_025336805.1_GCA_025336805.1_ASM2533680v1_uncompressed	chromosome	-	-	JAODFU010000112.1 Escherichia coli strain Q0169 NODE_112_length_804_cov_25.719626, whole genome shotgun sequence	804	0.5174129353233831	64e8fe5e08ed9a81cd0029d7c5a92022	incomplete	-	-	-	-	-	-	-	-	-	-	-	-	-	-	-
GCA_025336805.1_GCA_025336805.1_ASM2533680v1	GCA_025336805.1_GCA_025336805.1_ASM2533680v1_uncompressed	chromosome	-	-	JAODFU010000113.1 Escherichia coli strain Q0169 NODE_113_length_804_cov_7.034713, whole genome shotgun sequence	804	0.3009950248756219	0836a06119585583f129b757321d06dd	incomplete	-	-	-	-	-	-	-	-	-	-	-	-	-	-	-
GCA_025336805.1_GCA_025336805.1_ASM2533680v1	GCA_025336805.1_GCA_025336805.1_ASM2533680v1_uncompressed	chromosome	-	-	JAODFU010000114.1 Escherichia coli strain Q0169 NODE_114_length_780_cov_29.153103, whole genome shotgun sequence	780	0.5474358974358975	c572fe62314ccdc3aa5f707f1b7312e5	incomplete	-	-	-	-	-	-	-	-	-	-	-	-	-	-	-
GCA_025336805.1_GCA_025336805.1_ASM2533680v1	GCA_025336805.1_GCA_025336805.1_ASM2533680v1_uncompressed	chromosome	-	-	JAODFU010000115.1 Escherichia coli strain Q0169 NODE_115_length_752_cov_195.324247, whole genome shotgun sequence	752	0.5438829787234043	1ca3433c1f1c7175a60d11e34efd3221	incomplete	-	-	-	-	-	-	-	-	-	-	-	-	-	-	-
GCA_025336805.1_GCA_025336805.1_ASM2533680v1	GCA_025336805.1_GCA_025336805.1_ASM2533680v1_uncompressed	chromosome	-	-	JAODFU010000116.1 Escherichia coli strain Q0169 NODE_116_length_746_cov_23.709117, whole genome shotgun sequence	746	0.4571045576407507	afbd6f14d06c9106f7895c9cd48631a8	incomplete	-	-	-	-	-	-	-	-	-	-	-	-	-	-	-
GCA_025336805.1_GCA_025336805.1_ASM2533680v1	GCA_025336805.1_GCA_025336805.1_ASM2533680v1_uncompressed	chromosome	-	-	JAODFU010000117.1 Escherichia coli strain Q0169 NODE_117_length_736_cov_27.143906, whole genome shotgun sequence	736	0.5652173913043478	26602139026b3907ce290621d069a310	incomplete	-	-	-	-	-	-	-	-	-	-	-	-	-	-	-
GCA_025336805.1_GCA_025336805.1_ASM2533680v1	GCA_025336805.1_GCA_025336805.1_ASM2533680v1_uncompressed	chromosome	-	-	JAODFU010000118.1 Escherichia coli strain Q0169 NODE_118_length_725_cov_15.750746, whole genome shotgun sequence	725	0.5751724137931035	95f4b2ba6c059a5713c52eb748662162	incomplete	-	-	-	-	-	-	-	-	-	-	-	-	-	-	-
GCA_025336805.1_GCA_025336805.1_ASM2533680v1	GCA_025336805.1_GCA_025336805.1_ASM2533680v1_uncompressed	chromosome	-	-	JAODFU010000119.1 Escherichia coli strain Q0169 NODE_119_length_702_cov_25.644513, whole genome shotgun sequence	702	0.5683760683760684	200ac0406127d78db7096c560aeba004	incomplete	-	-	-	-	-	-	-	-	-	-	-	-	-	-	-
GCA_025336805.1_GCA_025336805.1_ASM2533680v1	GCA_025336805.1_GCA_025336805.1_ASM2533680v1_uncompressed	chromosome	-	-	JAODFU010000120.1 Escherichia coli strain Q0169 NODE_120_length_699_cov_24.186335, whole genome shotgun sequence	699	0.4520743919885551	462933199159c36ad28b6f5c90342231	incomplete	-	-	-	-	-	-	-	-	-	-	-	-	-	-	-
GCA_025336805.1_GCA_025336805.1_ASM2533680v1	GCA_025336805.1_GCA_025336805.1_ASM2533680v1_uncompressed	chromosome	-	-	JAODFU010000121.1 Escherichia coli strain Q0169 NODE_121_length_695_cov_24.720312, whole genome shotgun sequence	695	0.6273381294964029	f4d64909063089db5050de9755732ff8	circular	-	-	-	-	-	-	-	-	-	-	-	-	-	-	-
GCA_025336805.1_GCA_025336805.1_ASM2533680v1	GCA_025336805.1_GCA_025336805.1_ASM2533680v1_uncompressed	chromosome	-	-	JAODFU010000122.1 Escherichia coli strain Q0169 NODE_122_length_683_cov_21.117834, whole genome shotgun sequence	683	0.46266471449487556	e537c89eb1e2fd1227b47ebe76311d64	incomplete	-	-	-	-	-	-	-	-	-	-	-	-	-	-	-
GCA_025336805.1_GCA_025336805.1_ASM2533680v1	GCA_025336805.1_GCA_025336805.1_ASM2533680v1_uncompressed	chromosome	-	-	JAODFU010000123.1 Escherichia coli strain Q0169 NODE_123_length_669_cov_22.628664, whole genome shotgun sequence	669	0.45739910313901344	704ec9c261d17bebfcc11be118460684	incomplete	-	-	-	-	-	-	-	-	-	-	-	-	-	-	-
GCA_025336805.1_GCA_025336805.1_ASM2533680v1	GCA_025336805.1_GCA_025336805.1_ASM2533680v1_uncompressed	chromosome	-	-	JAODFU010000124.1 Escherichia coli strain Q0169 NODE_124_length_662_cov_18.214168, whole genome shotgun sequence	662	0.4033232628398791	32b63d371ac76f1d0ea34ee0d1f3be58	incomplete	-	-	-	-	-	-	-	-	-	-	-	-	-	-	-
GCA_025336805.1_GCA_025336805.1_ASM2533680v1	GCA_025336805.1_GCA_025336805.1_ASM2533680v1_uncompressed	chromosome	-	-	JAODFU010000125.1 Escherichia coli strain Q0169 NODE_125_length_661_cov_2.115512, whole genome shotgun sequence	661	0.2813918305597579	af73e67a59b7ddac3542c598e56c242c	incomplete	-	-	-	-	-	-	-	-	-	-	-	-	-	-	-
GCA_025336805.1_GCA_025336805.1_ASM2533680v1	GCA_025336805.1_GCA_025336805.1_ASM2533680v1_uncompressed	chromosome	-	-	JAODFU010000126.1 Escherichia coli strain Q0169 NODE_126_length_660_cov_21.702479, whole genome shotgun sequence	660	0.5272727272727272	9ea1896b8d75c3124dd37781c146373f	incomplete	-	-	-	-	-	-	-	-	-	-	-	-	-	-	-
GCA_025336805.1_GCA_025336805.1_ASM2533680v1	GCA_025336805.1_GCA_025336805.1_ASM2533680v1_uncompressed	chromosome	-	-	JAODFU010000127.1 Escherichia coli strain Q0169 NODE_127_length_639_cov_20.806507, whole genome shotgun sequence	639	0.5524256651017214	381adb1f90cf315b83f3905349cfad50	incomplete	-	-	-	-	-	-	-	-	-	-	-	-	-	-	-
GCA_025336805.1_GCA_025336805.1_ASM2533680v1	GCA_025336805.1_GCA_025336805.1_ASM2533680v1_uncompressed	chromosome	-	-	JAODFU010000128.1 Escherichia coli strain Q0169 NODE_128_length_639_cov_15.030822, whole genome shotgun sequence	639	0.5790297339593115	4283214c2afb81f8af83dd985654d126	incomplete	-	-	-	-	-	-	-	-	-	-	-	-	-	-	-
GCA_025336805.1_GCA_025336805.1_ASM2533680v1	GCA_025336805.1_GCA_025336805.1_ASM2533680v1_uncompressed	chromosome	-	-	JAODFU010000129.1 Escherichia coli strain Q0169 NODE_129_length_636_cov_25.619621, whole genome shotgun sequence	636	0.5581761006289309	b6584f01dad9c3ef6f595fea3566cb3b	incomplete	-	-	-	-	-	-	-	-	-	-	-	-	-	-	-
GCA_025336805.1_GCA_025336805.1_ASM2533680v1	GCA_025336805.1_GCA_025336805.1_ASM2533680v1_uncompressed	chromosome	-	-	JAODFU010000130.1 Escherichia coli strain Q0169 NODE_130_length_621_cov_20.353357, whole genome shotgun sequence	621	0.5571658615136876	f5925c652756467b5391d689a03fe696	incomplete	-	-	-	-	-	-	-	-	-	-	-	-	-	-	-
GCA_025336805.1_GCA_025336805.1_ASM2533680v1	GCA_025336805.1_GCA_025336805.1_ASM2533680v1_uncompressed	chromosome	-	-	JAODFU010000131.1 Escherichia coli strain Q0169 NODE_131_length_621_cov_12.669611, whole genome shotgun sequence	621	0.3671497584541063	7a78e103210be8ee37eecc7482f94cd7	incomplete	-	-	-	-	-	-	-	-	-	-	-	-	-	-	-
GCA_025336805.1_GCA_025336805.1_ASM2533680v1	GCA_025336805.1_GCA_025336805.1_ASM2533680v1_uncompressed	chromosome	-	-	JAODFU010000132.1 Escherichia coli strain Q0169 NODE_132_length_617_cov_57.850534, whole genome shotgun sequence	617	0.4376012965964344	5ee242e3769965452524ce94e1a66835	incomplete	-	-	-	-	-	-	-	-	-	-	-	-	-	-	-
GCA_025336805.1_GCA_025336805.1_ASM2533680v1	GCA_025336805.1_GCA_025336805.1_ASM2533680v1_uncompressed	chromosome	-	-	JAODFU010000133.1 Escherichia coli strain Q0169 NODE_133_length_610_cov_159.236036, whole genome shotgun sequence	610	0.521311475409836	332397c6bbcc8ac2322d025a719eaf01	incomplete	-	-	-	-	-	-	-	-	-	-	-	-	-	-	-
GCA_025336805.1_GCA_025336805.1_ASM2533680v1	GCA_025336805.1_GCA_025336805.1_ASM2533680v1_uncompressed	chromosome	-	-	JAODFU010000134.1 Escherichia coli strain Q0169 NODE_134_length_609_cov_21.855596, whole genome shotgun sequence	609	0.5730706075533661	b1642abd116f09b0a56b8f9092ca685a	incomplete	-	-	-	-	-	-	-	-	-	-	-	-	-	-	-
GCA_025336805.1_GCA_025336805.1_ASM2533680v1	GCA_025336805.1_GCA_025336805.1_ASM2533680v1_uncompressed	chromosome	-	-	JAODFU010000135.1 Escherichia coli strain Q0169 NODE_135_length_592_cov_19.886406, whole genome shotgun sequence	592	0.5760135135135135	a832a485b1f6f571f7ba85974c165cec	incomplete	-	-	-	-	-	-	-	-	-	-	-	-	-	-	-
GCA_025336805.1_GCA_025336805.1_ASM2533680v1	GCA_025336805.1_GCA_025336805.1_ASM2533680v1_uncompressed	chromosome	-	-	JAODFU010000136.1 Escherichia coli strain Q0169 NODE_136_length_590_cov_14.910280, whole genome shotgun sequence	590	0.4423728813559322	882745cfcde9dbd6b1e37a57dd05f55c	incomplete	-	-	-	-	-	-	-	-	-	-	-	-	-	-	-
GCA_025336805.1_GCA_025336805.1_ASM2533680v1	GCA_025336805.1_GCA_025336805.1_ASM2533680v1_uncompressed	chromosome	-	-	JAODFU010000137.1 Escherichia coli strain Q0169 NODE_137_length_588_cov_14.681051, whole genome shotgun sequence	588	0.5493197278911565	ad4dca7f1a283b55cf37e266ce57ef2b	incomplete	-	-	-	-	-	-	-	-	-	-	-	-	-	-	-
GCA_025336805.1_GCA_025336805.1_ASM2533680v1	GCA_025336805.1_GCA_025336805.1_ASM2533680v1_uncompressed	chromosome	-	-	JAODFU010000138.1 Escherichia coli strain Q0169 NODE_138_length_570_cov_13.798058, whole genome shotgun sequence	570	0.4087719298245614	de2034ae4c12a8eb9fd64cbf83c5c3d9	incomplete	-	-	-	-	-	-	-	-	-	-	-	-	-	-	-
GCA_025336805.1_GCA_025336805.1_ASM2533680v1	GCA_025336805.1_GCA_025336805.1_ASM2533680v1_uncompressed	chromosome	-	-	JAODFU010000139.1 Escherichia coli strain Q0169 NODE_139_length_562_cov_2.700197, whole genome shotgun sequence	562	0.3113879003558719	92ba5bfebd2b396df762c5a7f8b64fb8	incomplete	-	-	-	-	-	-	-	-	-	-	-	-	-	-	-
GCA_025336805.1_GCA_025336805.1_ASM2533680v1	GCA_025336805.1_GCA_025336805.1_ASM2533680v1_uncompressed	chromosome	-	-	JAODFU010000140.1 Escherichia coli strain Q0169 NODE_140_length_545_cov_38.259184, whole genome shotgun sequence	545	0.5522935779816514	a85133b3317514f5bf99c9cc623a1f4d	incomplete	-	-	-	-	-	-	-	-	-	-	-	-	-	-	-
GCA_025336805.1_GCA_025336805.1_ASM2533680v1	GCA_025336805.1_GCA_025336805.1_ASM2533680v1_uncompressed	chromosome	-	-	JAODFU010000141.1 Escherichia coli strain Q0169 NODE_141_length_544_cov_22.930470, whole genome shotgun sequence	544	0.5294117647058824	2ff36148708b8f75db104b5d39a20676	incomplete	-	-	-	-	-	-	-	-	-	-	-	-	-	-	-
GCA_025336805.1_GCA_025336805.1_ASM2533680v1	GCA_025336805.1_GCA_025336805.1_ASM2533680v1_uncompressed	chromosome	-	-	JAODFU010000142.1 Escherichia coli strain Q0169 NODE_142_length_537_cov_31.692946, whole genome shotgun sequence	537	0.5754189944134078	e768d0b324e3c9ab48232694d8506cd7	incomplete	-	-	-	-	-	-	-	-	-	-	-	-	-	-	-
GCA_025336805.1_GCA_025336805.1_ASM2533680v1	GCA_025336805.1_GCA_025336805.1_ASM2533680v1_uncompressed	chromosome	-	-	JAODFU010000143.1 Escherichia coli strain Q0169 NODE_143_length_535_cov_21.616667, whole genome shotgun sequence	535	0.5906542056074766	4f43b158bc0e8c4e11cdd722c60c16e6	incomplete	-	-	-	-	-	-	-	-	-	-	-	-	-	-	-
GCA_025336805.1_GCA_025336805.1_ASM2533680v1	GCA_025336805.1_GCA_025336805.1_ASM2533680v1_uncompressed	chromosome	-	-	JAODFU010000144.1 Escherichia coli strain Q0169 NODE_144_length_531_cov_20.220588, whole genome shotgun sequence	531	0.6139359698681732	71d8d87c0df71d58449e0829fd923c5e	incomplete	-	-	-	-	-	-	-	-	-	-	-	-	-	-	-
GCA_025336805.1_GCA_025336805.1_ASM2533680v1	GCA_025336805.1_GCA_025336805.1_ASM2533680v1_uncompressed	chromosome	-	-	JAODFU010000145.1 Escherichia coli strain Q0169 NODE_145_length_524_cov_20.057569, whole genome shotgun sequence	524	0.5019083969465649	ede773fe1c59557d3afa56cf991a2af1	incomplete	-	-	-	-	-	-	-	-	-	-	-	-	-	-	-
GCA_025336805.1_GCA_025336805.1_ASM2533680v1	GCA_025336805.1_GCA_025336805.1_ASM2533680v1_uncompressed	chromosome	-	-	JAODFU010000146.1 Escherichia coli strain Q0169 NODE_146_length_509_cov_24.132159, whole genome shotgun sequence	509	0.5658153241650294	1e9fc0cad8224849d0f55c66d0680364	incomplete	-	-	-	-	-	-	-	-	-	-	-	-	-	-	-
GCA_025336805.1_GCA_025336805.1_ASM2533680v1	GCA_025336805.1_GCA_025336805.1_ASM2533680v1_uncompressed	chromosome	-	-	JAODFU010000147.1 Escherichia coli strain Q0169 NODE_147_length_509_cov_11.773128, whole genome shotgun sequence	509	0.4400785854616896	c238ef24ebe53244e439c01b7cfa24ed	incomplete	-	-	-	-	-	-	-	-	-	-	-	-	-	-	-
GCA_025336805.1_GCA_025336805.1_ASM2533680v1	GCA_025336805.1_GCA_025336805.1_ASM2533680v1_uncompressed	chromosome	-	-	JAODFU010000148.1 Escherichia coli strain Q0169 NODE_148_length_507_cov_64.971239, whole genome shotgun sequence	507	0.40039447731755423	0f5ee29fbcb0a50d5105cc36573c927a	incomplete	-	-	-	-	-	-	-	-	-	-	-	-	-	-	-
GCA_025336805.1_GCA_025336805.1_ASM2533680v1	GCA_025336805.1_GCA_025336805.1_ASM2533680v1_uncompressed	chromosome	-	-	JAODFU010000149.1 Escherichia coli strain Q0169 NODE_149_length_506_cov_21.272727, whole genome shotgun sequence	506	0.6067193675889329	aa6f0b61849b0172505ae69443a65b67	incomplete	-	-	-	-	-	-	-	-	-	-	-	-	-	-	-
GCA_025336805.1_GCA_025336805.1_ASM2533680v1	GCA_025336805.1_GCA_025336805.1_ASM2533680v1_uncompressed	chromosome	-	-	JAODFU010000150.1 Escherichia coli strain Q0169 NODE_150_length_496_cov_23.337868, whole genome shotgun sequence	496	0.5241935483870968	2c7b736e73e001465b53a0e7639a642c	incomplete	-	-	-	-	-	-	-	-	-	-	-	-	-	-	-
GCA_025336805.1_GCA_025336805.1_ASM2533680v1	GCA_025336805.1_GCA_025336805.1_ASM2533680v1_uncompressed	chromosome	-	-	JAODFU010000151.1 Escherichia coli strain Q0169 NODE_151_length_495_cov_19.215909, whole genome shotgun sequence	495	0.5333333333333333	910920b783bc1a22884689a1d37972f2	incomplete	-	-	-	-	-	-	-	-	-	-	-	-	-	-	-
GCA_025336805.1_GCA_025336805.1_ASM2533680v1	GCA_025336805.1_GCA_025336805.1_ASM2533680v1_uncompressed	chromosome	-	-	JAODFU010000152.1 Escherichia coli strain Q0169 NODE_153_length_489_cov_64.751152, whole genome shotgun sequence	489	0.5378323108384458	d8fff0bffa037d1a73dfccadd6f0255d	incomplete	-	-	-	-	-	-	-	-	-	-	-	-	-	-	-
GCA_025336805.1_GCA_025336805.1_ASM2533680v1	GCA_025336805.1_GCA_025336805.1_ASM2533680v1_uncompressed	chromosome	-	-	JAODFU010000153.1 Escherichia coli strain Q0169 NODE_154_length_481_cov_178.345070, whole genome shotgun sequence	481	0.5966735966735967	4fe6a0d65618b74da7babf63dfd00291	incomplete	-	-	-	-	-	-	-	-	-	-	-	-	-	-	-
GCA_025336805.1_GCA_025336805.1_ASM2533680v1	GCA_025336805.1_GCA_025336805.1_ASM2533680v1_uncompressed	chromosome	-	-	JAODFU010000154.1 Escherichia coli strain Q0169 NODE_155_length_477_cov_31.720379, whole genome shotgun sequence	477	0.6205450733752621	d5ce213ae068500cbdc53aa4e7c59219	incomplete	-	-	-	-	-	-	-	-	-	-	-	-	-	-	-
GCA_025336805.1_GCA_025336805.1_ASM2533680v1	GCA_025336805.1_GCA_025336805.1_ASM2533680v1_uncompressed	chromosome	-	-	JAODFU010000155.1 Escherichia coli strain Q0169 NODE_156_length_472_cov_31.515588, whole genome shotgun sequence	472	0.5233050847457628	26da92185e72d9b937ca99a5c2ad1237	incomplete	-	-	-	-	-	-	-	-	-	-	-	-	-	-	-
GCA_025336805.1_GCA_025336805.1_ASM2533680v1	GCA_025336805.1_GCA_025336805.1_ASM2533680v1_uncompressed	chromosome	-	-	JAODFU010000156.1 Escherichia coli strain Q0169 NODE_157_length_468_cov_19.968523, whole genome shotgun sequence	468	0.5235042735042735	481929dd0b2e356e566f48ed03852820	incomplete	-	-	-	-	-	-	-	-	-	-	-	-	-	-	-
GCA_025336805.1_GCA_025336805.1_ASM2533680v1	GCA_025336805.1_GCA_025336805.1_ASM2533680v1_uncompressed	chromosome	-	-	JAODFU010000157.1 Escherichia coli strain Q0169 NODE_158_length_462_cov_25.388206, whole genome shotgun sequence	462	0.512987012987013	2978441ddca6dd336eab4af71daf7e5b	incomplete	-	-	-	-	-	-	-	-	-	-	-	-	-	-	-
GCA_025336805.1_GCA_025336805.1_ASM2533680v1	GCA_025336805.1_GCA_025336805.1_ASM2533680v1_uncompressed	chromosome	-	-	JAODFU010000158.1 Escherichia coli strain Q0169 NODE_159_length_454_cov_16.401003, whole genome shotgun sequence	454	0.5594713656387665	36301be16115c21f45a64078a20cb72a	incomplete	-	-	-	-	-	-	-	-	-	-	-	-	-	-	-
GCA_025336805.1_GCA_025336805.1_ASM2533680v1	GCA_025336805.1_GCA_025336805.1_ASM2533680v1_uncompressed	chromosome	-	-	JAODFU010000159.1 Escherichia coli strain Q0169 NODE_160_length_451_cov_17.537879, whole genome shotgun sequence	451	0.5587583148558758	7309b7c71384eb2c3eec2582efae7982	incomplete	-	-	-	-	-	-	-	-	-	-	-	-	-	-	-
GCA_025336805.1_GCA_025336805.1_ASM2533680v1	GCA_025336805.1_GCA_025336805.1_ASM2533680v1_uncompressed	chromosome	-	-	JAODFU010000160.1 Escherichia coli strain Q0169 NODE_161_length_439_cov_24.158854, whole genome shotgun sequence	439	0.6013667425968109	0dced7c262d151e6e9b4bca22180527b	incomplete	-	-	-	-	-	-	-	-	-	-	-	-	-	-	-
GCA_025336805.1_GCA_025336805.1_ASM2533680v1	GCA_025336805.1_GCA_025336805.1_ASM2533680v1_uncompressed	chromosome	-	-	JAODFU010000161.1 Escherichia coli strain Q0169 NODE_162_length_436_cov_31.748031, whole genome shotgun sequence	436	0.5412844036697247	498334512e7a40bd7dbcaafa161edcfc	incomplete	-	-	-	-	-	-	-	-	-	-	-	-	-	-	-
GCA_025336805.1_GCA_025336805.1_ASM2533680v1	GCA_025336805.1_GCA_025336805.1_ASM2533680v1_uncompressed	chromosome	-	-	JAODFU010000162.1 Escherichia coli strain Q0169 NODE_163_length_434_cov_20.218997, whole genome shotgun sequence	434	0.6105990783410138	0bad9c814d2eb56adceeaaed6c2c4a43	incomplete	-	-	-	-	-	-	-	-	-	-	-	-	-	-	-
GCA_025336805.1_GCA_025336805.1_ASM2533680v1	GCA_025336805.1_GCA_025336805.1_ASM2533680v1_uncompressed	chromosome	-	-	JAODFU010000163.1 Escherichia coli strain Q0169 NODE_164_length_429_cov_28.788770, whole genome shotgun sequence	429	0.5058275058275058	6bce8e1616f9bac10b86348c2247227a	incomplete	-	-	-	-	-	-	-	-	-	-	-	-	-	-	-
GCA_025336805.1_GCA_025336805.1_ASM2533680v1	GCA_025336805.1_GCA_025336805.1_ASM2533680v1_uncompressed	chromosome	-	-	JAODFU010000164.1 Escherichia coli strain Q0169 NODE_165_length_428_cov_55.817694, whole genome shotgun sequence	428	0.544392523364486	e2f97ebd6a17cb739fd30912bf3d44bc	incomplete	-	-	-	-	-	-	-	-	-	-	-	-	-	-	-
GCA_025336805.1_GCA_025336805.1_ASM2533680v1	GCA_025336805.1_GCA_025336805.1_ASM2533680v1_uncompressed	chromosome	-	-	JAODFU010000165.1 Escherichia coli strain Q0169 NODE_166_length_427_cov_1.048387, whole genome shotgun sequence	427	0.4918032786885246	a527ab27bd8d916abcd6b1588eec4085	incomplete	-	-	-	-	-	-	-	-	-	-	-	-	-	-	-
GCA_025336805.1_GCA_025336805.1_ASM2533680v1	GCA_025336805.1_GCA_025336805.1_ASM2533680v1_uncompressed	chromosome	-	-	JAODFU010000166.1 Escherichia coli strain Q0169 NODE_167_length_420_cov_21.449315, whole genome shotgun sequence	420	0.5714285714285714	ae208dde48f1af0cd4ff7757fa844478	incomplete	-	-	-	-	-	-	-	-	-	-	-	-	-	-	-
GCA_025336805.1_GCA_025336805.1_ASM2533680v1	GCA_025336805.1_GCA_025336805.1_ASM2533680v1_uncompressed	chromosome	-	-	JAODFU010000167.1 Escherichia coli strain Q0169 NODE_168_length_420_cov_20.835616, whole genome shotgun sequence	420	0.5023809523809524	f409d942a9f76fe25fba3a956e4cd0d2	incomplete	-	-	-	-	-	-	-	-	-	-	-	-	-	-	-
GCA_025336805.1_GCA_025336805.1_ASM2533680v1	GCA_025336805.1_GCA_025336805.1_ASM2533680v1_uncompressed	chromosome	-	-	JAODFU010000168.1 Escherichia coli strain Q0169 NODE_169_length_418_cov_28.192837, whole genome shotgun sequence	418	0.5287081339712919	e1b8dfa2423fdaced7b6eb76b2346a3c	incomplete	-	-	-	-	-	-	-	-	-	-	-	-	-	-	-
GCA_025336805.1_GCA_025336805.1_ASM2533680v1	GCA_025336805.1_GCA_025336805.1_ASM2533680v1_uncompressed	chromosome	-	-	JAODFU010000169.1 Escherichia coli strain Q0169 NODE_170_length_416_cov_24.033241, whole genome shotgun sequence	416	0.5264423076923077	1e7946f10f5b4564d89cb00396fc540f	incomplete	-	-	-	-	-	-	-	-	-	-	-	-	-	-	-
GCA_025336805.1_GCA_025336805.1_ASM2533680v1	GCA_025336805.1_GCA_025336805.1_ASM2533680v1_uncompressed	chromosome	-	-	JAODFU010000170.1 Escherichia coli strain Q0169 NODE_171_length_415_cov_0.947222, whole genome shotgun sequence	265	0.7132075471698113	5829fec278000ebb399da63309dbe052	incomplete	-	-	-	-	-	-	-	-	-	-	-	-	-	-	-
GCA_025336805.1_GCA_025336805.1_ASM2533680v1	GCA_025336805.1_GCA_025336805.1_ASM2533680v1_uncompressed	chromosome	-	-	JAODFU010000171.1 Escherichia coli strain Q0169 NODE_172_length_412_cov_55.285714, whole genome shotgun sequence	412	0.5631067961165048	c582a36670cfc3772ce4e3d24c58635a	incomplete	-	-	-	-	-	-	-	-	-	-	-	-	-	-	-
GCA_025336805.1_GCA_025336805.1_ASM2533680v1	GCA_025336805.1_GCA_025336805.1_ASM2533680v1_uncompressed	chromosome	-	-	JAODFU010000172.1 Escherichia coli strain Q0169 NODE_173_length_412_cov_25.798319, whole genome shotgun sequence	412	0.5606796116504854	23b3c2c0954fd49868c76b6a4c2bb225	incomplete	-	-	-	-	-	-	-	-	-	-	-	-	-	-	-
GCA_025336805.1_GCA_025336805.1_ASM2533680v1	GCA_025336805.1_GCA_025336805.1_ASM2533680v1_uncompressed	chromosome	-	-	JAODFU010000173.1 Escherichia coli strain Q0169 NODE_174_length_411_cov_15.393258, whole genome shotgun sequence	411	0.6277372262773723	748bfc16b60fb1352e85d9a75adf7c6d	incomplete	-	-	-	-	-	-	-	-	-	-	-	-	-	-	-
GCA_025336805.1_GCA_025336805.1_ASM2533680v1	GCA_025336805.1_GCA_025336805.1_ASM2533680v1_uncompressed	chromosome	-	-	JAODFU010000174.1 Escherichia coli strain Q0169 NODE_175_length_409_cov_28.000000, whole genome shotgun sequence	409	0.589242053789731	3cd596c3c51d082ffa4d9ec7fe010a0d	incomplete	-	-	-	-	-	-	-	-	-	-	-	-	-	-	-
GCA_025336805.1_GCA_025336805.1_ASM2533680v1	GCA_025336805.1_GCA_025336805.1_ASM2533680v1_uncompressed	chromosome	-	-	JAODFU010000175.1 Escherichia coli strain Q0169 NODE_177_length_407_cov_0.914773, whole genome shotgun sequence	407	0.4914004914004914	429949ca8a18f95c120eaf98026af2cd	incomplete	-	-	-	-	-	-	-	-	-	-	-	-	-	-	-
GCA_025336805.1_GCA_025336805.1_ASM2533680v1	GCA_025336805.1_GCA_025336805.1_ASM2533680v1_uncompressed	chromosome	-	-	JAODFU010000176.1 Escherichia coli strain Q0169 NODE_178_length_406_cov_19.150997, whole genome shotgun sequence	406	0.5517241379310345	564055349ade7dc99a1735eeedf22ced	incomplete	-	-	-	-	-	-	-	-	-	-	-	-	-	-	-
GCA_025336805.1_GCA_025336805.1_ASM2533680v1	GCA_025336805.1_GCA_025336805.1_ASM2533680v1_uncompressed	chromosome	-	-	JAODFU010000177.1 Escherichia coli strain Q0169 NODE_179_length_401_cov_17.398844, whole genome shotgun sequence	401	0.5536159600997507	8be09ac6613c08bfb20e42d4105cc01e	incomplete	-	-	-	-	-	-	-	-	-	-	-	-	-	-	-
GCA_025336805.1_GCA_025336805.1_ASM2533680v1	GCA_025336805.1_GCA_025336805.1_ASM2533680v1_uncompressed	chromosome	-	-	JAODFU010000178.1 Escherichia coli strain Q0169 NODE_180_length_387_cov_20.012048, whole genome shotgun sequence	387	0.42118863049095606	ae095cca7396dfd940878662d1779ef4	incomplete	-	-	-	-	-	-	-	-	-	-	-	-	-	-	-
GCA_025336805.1_GCA_025336805.1_ASM2533680v1	GCA_025336805.1_GCA_025336805.1_ASM2533680v1_uncompressed	chromosome	-	-	JAODFU010000179.1 Escherichia coli strain Q0169 NODE_181_length_386_cov_1.114804, whole genome shotgun sequence	386	0.5077720207253886	7212cbb4f63a0a704b9bff9681c41f84	incomplete	-	-	-	-	-	-	-	-	-	-	-	-	-	-	-
GCA_025336805.1_GCA_025336805.1_ASM2533680v1	GCA_025336805.1_GCA_025336805.1_ASM2533680v1_uncompressed	chromosome	-	-	JAODFU010000180.1 Escherichia coli strain Q0169 NODE_182_length_383_cov_27.780488, whole genome shotgun sequence	383	0.5848563968668408	00b30a756c0237e568668d0dd70dd1d4	incomplete	-	-	-	-	-	-	-	-	-	-	-	-	-	-	-
GCA_025336805.1_GCA_025336805.1_ASM2533680v1	GCA_025336805.1_GCA_025336805.1_ASM2533680v1_uncompressed	chromosome	-	-	JAODFU010000181.1 Escherichia coli strain Q0169 NODE_183_length_383_cov_24.344512, whole genome shotgun sequence	383	0.5535248041775457	6b085e21c0738841e8c6dce8fc6cd5db	incomplete	-	-	-	-	-	-	-	-	-	-	-	-	-	-	-
GCA_025336805.1_GCA_025336805.1_ASM2533680v1	GCA_025336805.1_GCA_025336805.1_ASM2533680v1_uncompressed	chromosome	-	-	JAODFU010000182.1 Escherichia coli strain Q0169 NODE_184_length_381_cov_24.723926, whole genome shotgun sequence	381	0.47506561679790027	808a598bce66822c9b545ba3dc755df4	incomplete	-	-	-	-	-	-	-	-	-	-	-	-	-	-	-
GCA_025336805.1_GCA_025336805.1_ASM2533680v1	GCA_025336805.1_GCA_025336805.1_ASM2533680v1_uncompressed	chromosome	-	-	JAODFU010000183.1 Escherichia coli strain Q0169 NODE_185_length_380_cov_15.769231, whole genome shotgun sequence	380	0.6421052631578947	7fbdc40b316ddba0058079a479f3cc46	incomplete	-	-	-	-	-	-	-	-	-	-	-	-	-	-	-
GCA_025336805.1_GCA_025336805.1_ASM2533680v1	GCA_025336805.1_GCA_025336805.1_ASM2533680v1_uncompressed	chromosome	-	-	JAODFU010000184.1 Escherichia coli strain Q0169 NODE_186_length_371_cov_27.357595, whole genome shotgun sequence	371	0.42048517520215634	46b7b65debc19fc9dae7e239e9c962bc	incomplete	-	-	-	-	-	-	-	-	-	-	-	-	-	-	-
GCA_025336805.1_GCA_025336805.1_ASM2533680v1	GCA_025336805.1_GCA_025336805.1_ASM2533680v1_uncompressed	chromosome	-	-	JAODFU010000185.1 Escherichia coli strain Q0169 NODE_187_length_370_cov_39.568254, whole genome shotgun sequence	370	0.5351351351351351	7d363bf5f69790bc0a4bc111b4ab231f	incomplete	-	-	-	-	-	-	-	-	-	-	-	-	-	-	-
GCA_025336805.1_GCA_025336805.1_ASM2533680v1	GCA_025336805.1_GCA_025336805.1_ASM2533680v1_uncompressed	chromosome	-	-	JAODFU010000186.1 Escherichia coli strain Q0169 NODE_188_length_369_cov_25.557325, whole genome shotgun sequence	369	0.4634146341463415	7f0e15d097706da38a82af6838b6f3a8	incomplete	-	-	-	-	-	-	-	-	-	-	-	-	-	-	-
GCA_025336805.1_GCA_025336805.1_ASM2533680v1	GCA_025336805.1_GCA_025336805.1_ASM2533680v1_uncompressed	chromosome	-	-	JAODFU010000187.1 Escherichia coli strain Q0169 NODE_189_length_369_cov_18.140127, whole genome shotgun sequence	369	0.6233062330623306	33e6235466a6e9a6e7006f8165bd560d	incomplete	-	-	-	-	-	-	-	-	-	-	-	-	-	-	-
GCA_025336805.1_GCA_025336805.1_ASM2533680v1	GCA_025336805.1_GCA_025336805.1_ASM2533680v1_uncompressed	chromosome	-	-	JAODFU010000188.1 Escherichia coli strain Q0169 NODE_190_length_368_cov_1.019169, whole genome shotgun sequence	368	0.6521739130434783	9c2dce76a47e3542eba03c1c9f9f9b40	incomplete	-	-	-	-	-	-	-	-	-	-	-	-	-	-	-
GCA_025336805.1_GCA_025336805.1_ASM2533680v1	GCA_025336805.1_GCA_025336805.1_ASM2533680v1_uncompressed	chromosome	-	-	JAODFU010000189.1 Escherichia coli strain Q0169 NODE_191_length_367_cov_23.769231, whole genome shotgun sequence	367	0.547683923705722	06d08c088c010048fd4918ff95aaec0a	incomplete	-	-	-	-	-	-	-	-	-	-	-	-	-	-	-
GCA_025336805.1_GCA_025336805.1_ASM2533680v1	GCA_025336805.1_GCA_025336805.1_ASM2533680v1_uncompressed	chromosome	-	-	JAODFU010000190.1 Escherichia coli strain Q0169 NODE_192_length_366_cov_0.942122, whole genome shotgun sequence	366	0.5901639344262295	0141ef50916f86297968650201b0c9f2	incomplete	-	-	-	-	-	-	-	-	-	-	-	-	-	-	-
GCA_025336805.1_GCA_025336805.1_ASM2533680v1	GCA_025336805.1_GCA_025336805.1_ASM2533680v1_uncompressed	chromosome	-	-	JAODFU010000191.1 Escherichia coli strain Q0169 NODE_193_length_363_cov_20.175325, whole genome shotgun sequence	363	0.5840220385674931	89bd83c7dfcd785dcaa32e2a268e13dc	incomplete	-	-	-	-	-	-	-	-	-	-	-	-	-	-	-
GCA_025336805.1_GCA_025336805.1_ASM2533680v1	GCA_025336805.1_GCA_025336805.1_ASM2533680v1_uncompressed	chromosome	-	-	JAODFU010000192.1 Escherichia coli strain Q0169 NODE_194_length_358_cov_72.590759, whole genome shotgun sequence	358	0.4581005586592179	643a822979c97fbd133e360b66df05f1	incomplete	-	-	-	-	-	-	-	-	-	-	-	-	-	-	-
GCA_025336805.1_GCA_025336805.1_ASM2533680v1	GCA_025336805.1_GCA_025336805.1_ASM2533680v1_uncompressed	chromosome	-	-	JAODFU010000193.1 Escherichia coli strain Q0169 NODE_195_length_356_cov_70.883721, whole genome shotgun sequence	356	0.598314606741573	f8d4b47ef5b861a6b74375147f191350	incomplete	-	-	-	-	-	-	-	-	-	-	-	-	-	-	-
GCA_025336805.1_GCA_025336805.1_ASM2533680v1	GCA_025336805.1_GCA_025336805.1_ASM2533680v1_uncompressed	chromosome	-	-	JAODFU010000194.1 Escherichia coli strain Q0169 NODE_196_length_354_cov_17.896321, whole genome shotgun sequence	354	0.4915254237288136	f2298086439197dc0e9af382ff44ca77	incomplete	-	-	-	-	-	-	-	-	-	-	-	-	-	-	-
GCA_025336805.1_GCA_025336805.1_ASM2533680v1	GCA_025336805.1_GCA_025336805.1_ASM2533680v1_uncompressed	chromosome	-	-	JAODFU010000195.1 Escherichia coli strain Q0169 NODE_197_length_354_cov_1.307692, whole genome shotgun sequence	354	0.5621468926553672	2d8233d790b1987b58a3f439ef348a71	incomplete	-	-	-	-	-	-	-	-	-	-	-	-	-	-	-
GCA_025336805.1_GCA_025336805.1_ASM2533680v1	GCA_025336805.1_GCA_025336805.1_ASM2533680v1_uncompressed	chromosome	-	-	JAODFU010000196.1 Escherichia coli strain Q0169 NODE_198_length_351_cov_14.364865, whole genome shotgun sequence	351	0.6353276353276354	b0f2a71a7643f0fc5b79c18f788013aa	incomplete	-	-	-	-	-	-	-	-	-	-	-	-	-	-	-
GCA_025336805.1_GCA_025336805.1_ASM2533680v1	GCA_025336805.1_GCA_025336805.1_ASM2533680v1_uncompressed	chromosome	-	-	JAODFU010000197.1 Escherichia coli strain Q0169 NODE_199_length_349_cov_26.554422, whole genome shotgun sequence	349	0.4899713467048711	14ea5d70bc9458a65f8e7f5dc23f30c7	incomplete	-	-	-	-	-	-	-	-	-	-	-	-	-	-	-
GCA_025336805.1_GCA_025336805.1_ASM2533680v1	GCA_025336805.1_GCA_025336805.1_ASM2533680v1_uncompressed	chromosome	-	-	JAODFU010000198.1 Escherichia coli strain Q0169 NODE_200_length_344_cov_19.854671, whole genome shotgun sequence	344	0.5959302325581395	c888aafb742f6a65832de843f7e0ff6a	incomplete	-	-	-	-	-	-	-	-	-	-	-	-	-	-	-
GCA_025336805.1_GCA_025336805.1_ASM2533680v1	GCA_025336805.1_GCA_025336805.1_ASM2533680v1_uncompressed	chromosome	-	-	JAODFU010000199.1 Escherichia coli strain Q0169 NODE_201_length_342_cov_1067.965157, whole genome shotgun sequence	342	0.5730994152046783	9ab70d1ab8e8ab63f761247fb15f8353	incomplete	-	-	-	-	-	-	MOBP	CP001386	-	-	-	-	-	-	-
GCA_025336805.1_GCA_025336805.1_ASM2533680v1	GCA_025336805.1_GCA_025336805.1_ASM2533680v1_uncompressed	chromosome	-	-	JAODFU010000200.1 Escherichia coli strain Q0169 NODE_202_length_340_cov_24.298246, whole genome shotgun sequence	340	0.47058823529411764	67d8184a0dc4db1d2c0d66caa22d66b8	incomplete	-	-	-	-	-	-	-	-	-	-	-	-	-	-	-
GCA_025336805.1_GCA_025336805.1_ASM2533680v1	GCA_025336805.1_GCA_025336805.1_ASM2533680v1_uncompressed	chromosome	-	-	JAODFU010000201.1 Escherichia coli strain Q0169 NODE_203_length_337_cov_24.819149, whole genome shotgun sequence	337	0.5489614243323442	99f0129e2e65c66dd17d7ef43ac08b78	incomplete	-	-	-	-	-	-	-	-	-	-	-	-	-	-	-
GCA_025336805.1_GCA_025336805.1_ASM2533680v1	GCA_025336805.1_GCA_025336805.1_ASM2533680v1_uncompressed	chromosome	-	-	JAODFU010000202.1 Escherichia coli strain Q0169 NODE_204_length_337_cov_22.191489, whole genome shotgun sequence	337	0.456973293768546	6cfdf57ab0aa7341bb61878a9e8d2061	incomplete	-	-	-	-	-	-	-	-	-	-	-	-	-	-	-
GCA_025336805.1_GCA_025336805.1_ASM2533680v1	GCA_025336805.1_GCA_025336805.1_ASM2533680v1_uncompressed	chromosome	-	-	JAODFU010000203.1 Escherichia coli strain Q0169 NODE_205_length_334_cov_1.290323, whole genome shotgun sequence	334	0.6227544910179641	5cf6d602683e4a62be5033820dfbae42	incomplete	-	-	-	-	-	-	-	-	-	-	-	-	-	-	-
GCA_025336805.1_GCA_025336805.1_ASM2533680v1	GCA_025336805.1_GCA_025336805.1_ASM2533680v1_uncompressed	chromosome	-	-	JAODFU010000204.1 Escherichia coli strain Q0169 NODE_206_length_332_cov_100.039711, whole genome shotgun sequence	332	0.47289156626506024	5a8dcd9eb3826251db95fe5edceec262	incomplete	-	-	-	-	-	-	-	-	-	-	-	-	-	-	-
GCA_025336805.1_GCA_025336805.1_ASM2533680v1	GCA_025336805.1_GCA_025336805.1_ASM2533680v1_uncompressed	chromosome	-	-	JAODFU010000205.1 Escherichia coli strain Q0169 NODE_207_length_330_cov_16.592727, whole genome shotgun sequence	330	0.6212121212121212	e90c4406804029e6834571311d4571f7	incomplete	-	-	-	-	-	-	-	-	-	-	-	-	-	-	-
GCA_025336805.1_GCA_025336805.1_ASM2533680v1	GCA_025336805.1_GCA_025336805.1_ASM2533680v1_uncompressed	chromosome	-	-	JAODFU010000206.1 Escherichia coli strain Q0169 NODE_208_length_328_cov_20.765568, whole genome shotgun sequence	328	0.4420731707317073	83b510fc2cc1fd1e4ed651794b2db8c3	incomplete	-	-	-	-	-	-	-	-	-	-	-	-	-	-	-
GCA_025336805.1_GCA_025336805.1_ASM2533680v1	GCA_025336805.1_GCA_025336805.1_ASM2533680v1_uncompressed	chromosome	-	-	JAODFU010000207.1 Escherichia coli strain Q0169 NODE_209_length_327_cov_40.926471, whole genome shotgun sequence	327	0.4954128440366973	04cc6b895beb3a4ae97d6fd4c6373a33	incomplete	-	-	-	-	-	-	-	-	-	-	-	-	-	-	-
GCA_025336805.1_GCA_025336805.1_ASM2533680v1	GCA_025336805.1_GCA_025336805.1_ASM2533680v1_uncompressed	chromosome	-	-	JAODFU010000208.1 Escherichia coli strain Q0169 NODE_210_length_327_cov_20.029412, whole genome shotgun sequence	327	0.5749235474006116	c5e931d907e527483890d0b02a5acfca	incomplete	-	-	-	-	-	-	-	-	-	-	-	-	-	-	-
GCA_025336805.1_GCA_025336805.1_ASM2533680v1	GCA_025336805.1_GCA_025336805.1_ASM2533680v1_uncompressed	chromosome	-	-	JAODFU010000209.1 Escherichia coli strain Q0169 NODE_211_length_324_cov_23.371747, whole genome shotgun sequence	324	0.6234567901234568	c6ba68c9f4908e9fc30a42641a902547	incomplete	-	-	-	-	-	-	-	-	-	-	-	-	-	-	-
GCA_025336805.1_GCA_025336805.1_ASM2533680v1	GCA_025336805.1_GCA_025336805.1_ASM2533680v1_uncompressed	chromosome	-	-	JAODFU010000210.1 Escherichia coli strain Q0169 NODE_212_length_323_cov_20.197761, whole genome shotgun sequence	323	0.43962848297213625	6415febaf33404d225515c12fc1a73b9	incomplete	-	-	-	-	-	-	-	-	-	-	-	-	-	-	-
GCA_025336805.1_GCA_025336805.1_ASM2533680v1	GCA_025336805.1_GCA_025336805.1_ASM2533680v1_uncompressed	chromosome	-	-	JAODFU010000211.1 Escherichia coli strain Q0169 NODE_213_length_322_cov_20.273408, whole genome shotgun sequence	322	0.5993788819875776	2d5996e2a09addfe0a96153a4418c564	incomplete	-	-	-	-	-	-	-	-	-	-	-	-	-	-	-
GCA_025336805.1_GCA_025336805.1_ASM2533680v1	GCA_025336805.1_GCA_025336805.1_ASM2533680v1_uncompressed	chromosome	-	-	JAODFU010000212.1 Escherichia coli strain Q0169 NODE_214_length_320_cov_21.762264, whole genome shotgun sequence	320	0.484375	0d549d6b8702793095aa9c3713af5887	incomplete	-	-	-	-	-	-	-	-	-	-	-	-	-	-	-
GCA_025336805.1_GCA_025336805.1_ASM2533680v1	GCA_025336805.1_GCA_025336805.1_ASM2533680v1_uncompressed	chromosome	-	-	JAODFU010000213.1 Escherichia coli strain Q0169 NODE_215_length_319_cov_25.655303, whole genome shotgun sequence	319	0.45141065830721006	044c4d2bdc03de6ac80db4598d8282d0	incomplete	-	-	-	-	-	-	-	-	-	-	-	-	-	-	-
GCA_025336805.1_GCA_025336805.1_ASM2533680v1	GCA_025336805.1_GCA_025336805.1_ASM2533680v1_uncompressed	chromosome	-	-	JAODFU010000214.1 Escherichia coli strain Q0169 NODE_216_length_316_cov_21.781609, whole genome shotgun sequence	316	0.5727848101265823	a07d489787187f1d6fe2a55e8a2b4a1b	incomplete	-	-	-	-	-	-	-	-	-	-	-	-	-	-	-
GCA_025336805.1_GCA_025336805.1_ASM2533680v1	GCA_025336805.1_GCA_025336805.1_ASM2533680v1_uncompressed	chromosome	-	-	JAODFU010000215.1 Escherichia coli strain Q0169 NODE_217_length_315_cov_17.903846, whole genome shotgun sequence	315	0.5682539682539682	841246319596192e651d5dc37d52d6d1	incomplete	-	-	-	-	-	-	-	-	-	-	-	-	-	-	-
GCA_025336805.1_GCA_025336805.1_ASM2533680v1	GCA_025336805.1_GCA_025336805.1_ASM2533680v1_uncompressed	chromosome	-	-	JAODFU010000216.1 Escherichia coli strain Q0169 NODE_218_length_314_cov_19.193050, whole genome shotgun sequence	314	0.5987261146496815	e252f1aa77e68533cd6a9b216f498ddc	incomplete	-	-	-	-	-	-	-	-	-	-	-	-	-	-	-
GCA_025336805.1_GCA_025336805.1_ASM2533680v1	GCA_025336805.1_GCA_025336805.1_ASM2533680v1_uncompressed	chromosome	-	-	JAODFU010000217.1 Escherichia coli strain Q0169 NODE_219_length_313_cov_24.593023, whole genome shotgun sequence	313	0.5623003194888179	1f757285c96d855ff9ed260930a0a13d	incomplete	-	-	-	-	-	-	-	-	-	-	-	-	-	-	-
GCA_025336805.1_GCA_025336805.1_ASM2533680v1	GCA_025336805.1_GCA_025336805.1_ASM2533680v1_uncompressed	chromosome	-	-	JAODFU010000218.1 Escherichia coli strain Q0169 NODE_220_length_310_cov_14.431373, whole genome shotgun sequence	310	0.5903225806451613	3bdb1b4ae9cbfc69b554cf23a12ed8ae	incomplete	-	-	-	-	-	-	-	-	-	-	-	-	-	-	-
GCA_025336805.1_GCA_025336805.1_ASM2533680v1	GCA_025336805.1_GCA_025336805.1_ASM2533680v1_uncompressed	chromosome	-	-	JAODFU010000219.1 Escherichia coli strain Q0169 NODE_221_length_306_cov_25.577689, whole genome shotgun sequence	306	0.5424836601307189	5ec553e7a13f44294e8208d4249e3bab	incomplete	-	-	-	-	-	-	-	-	-	-	-	-	-	-	-
GCA_025336805.1_GCA_025336805.1_ASM2533680v1	GCA_025336805.1_GCA_025336805.1_ASM2533680v1_uncompressed	chromosome	-	-	JAODFU010000220.1 Escherichia coli strain Q0169 NODE_222_length_305_cov_23.248000, whole genome shotgun sequence	305	0.5901639344262295	38eb41bf586305068c85c25cbefa9a1a	incomplete	-	-	-	-	-	-	-	-	-	-	-	-	-	-	-
GCA_025336805.1_GCA_025336805.1_ASM2533680v1	GCA_025336805.1_GCA_025336805.1_ASM2533680v1_uncompressed	chromosome	-	-	JAODFU010000221.1 Escherichia coli strain Q0169 NODE_223_length_304_cov_34.678715, whole genome shotgun sequence	304	0.6085526315789473	88b6a005055a70464d5999e52773f42c	incomplete	-	-	-	-	-	-	-	-	-	-	-	-	-	-	-
GCA_025336805.1_GCA_025336805.1_ASM2533680v1	GCA_025336805.1_GCA_025336805.1_ASM2533680v1_uncompressed	chromosome	-	-	JAODFU010000222.1 Escherichia coli strain Q0169 NODE_224_length_303_cov_14.697581, whole genome shotgun sequence	303	0.594059405940594	0f5c400a93bcff1fee1bf219a9d2a939	incomplete	-	-	-	-	-	-	-	-	-	-	-	-	-	-	-
GCA_025336805.1_GCA_025336805.1_ASM2533680v1	GCA_025336805.1_GCA_025336805.1_ASM2533680v1_uncompressed	chromosome	-	-	JAODFU010000223.1 Escherichia coli strain Q0169 NODE_225_length_301_cov_25.898374, whole genome shotgun sequence	301	0.5548172757475083	922e2ed6e542712984c511084ae8f0c8	incomplete	-	-	-	-	-	-	-	-	-	-	-	-	-	-	-
GCA_025336805.1_GCA_025336805.1_ASM2533680v1	GCA_025336805.1_GCA_025336805.1_ASM2533680v1_uncompressed	chromosome	-	-	JAODFU010000224.1 Escherichia coli strain Q0169 NODE_226_length_300_cov_25.163265, whole genome shotgun sequence	300	0.44333333333333336	f5a44d5d73cd3c6170e335541a5a3bf7	incomplete	-	-	-	-	-	-	-	-	-	-	-	-	-	-	-
GCA_025336805.1_GCA_025336805.1_ASM2533680v1	GCA_025336805.1_GCA_025336805.1_ASM2533680v1_uncompressed	chromosome	-	-	JAODFU010000225.1 Escherichia coli strain Q0169 NODE_227_length_298_cov_22.111111, whole genome shotgun sequence	298	0.47315436241610737	bae9a00f47d22c24e0f6f1fe0a221e3b	incomplete	IncFII	000121__CP024805	-	-	-	-	-	-	-	-	-	-	-	-	-
GCA_025336805.1_GCA_025336805.1_ASM2533680v1	GCA_025336805.1_GCA_025336805.1_ASM2533680v1_uncompressed	chromosome	-	-	JAODFU010000226.1 Escherichia coli strain Q0169 NODE_228_length_294_cov_25.949791, whole genome shotgun sequence	294	0.5544217687074829	60d5919b2a069e0c7996c8d9af0ab8b5	incomplete	-	-	-	-	-	-	-	-	-	-	-	-	-	-	-
GCA_025336805.1_GCA_025336805.1_ASM2533680v1	GCA_025336805.1_GCA_025336805.1_ASM2533680v1_uncompressed	chromosome	-	-	JAODFU010000227.1 Escherichia coli strain Q0169 NODE_229_length_294_cov_18.158996, whole genome shotgun sequence	294	0.6326530612244898	cdd7fbb0cc0c63deee69db5fbdd36f74	incomplete	-	-	-	-	-	-	-	-	-	-	-	-	-	-	-
GCA_025336805.1_GCA_025336805.1_ASM2533680v1	GCA_025336805.1_GCA_025336805.1_ASM2533680v1_uncompressed	chromosome	-	-	JAODFU010000228.1 Escherichia coli strain Q0169 NODE_230_length_292_cov_23.856540, whole genome shotgun sequence	292	0.5171232876712328	6cd65dd57c04d73f1f9c808015f22eb9	incomplete	-	-	-	-	-	-	-	-	-	-	-	-	-	-	-
GCA_025336805.1_GCA_025336805.1_ASM2533680v1	GCA_025336805.1_GCA_025336805.1_ASM2533680v1_uncompressed	chromosome	-	-	JAODFU010000229.1 Escherichia coli strain Q0169 NODE_231_length_291_cov_23.978814, whole genome shotgun sequence	291	0.5120274914089347	d3a143a6574f6ee5c7accf966c8ca408	incomplete	-	-	-	-	-	-	-	-	-	-	-	-	-	-	-
GCA_025336805.1_GCA_025336805.1_ASM2533680v1	GCA_025336805.1_GCA_025336805.1_ASM2533680v1_uncompressed	chromosome	-	-	JAODFU010000230.1 Escherichia coli strain Q0169 NODE_232_length_289_cov_74.042735, whole genome shotgun sequence	289	0.532871972318339	373c4df45501018b8f93821a2f360680	incomplete	-	-	-	-	-	-	-	-	-	-	-	-	-	-	-
GCA_025336805.1_GCA_025336805.1_ASM2533680v1	GCA_025336805.1_GCA_025336805.1_ASM2533680v1_uncompressed	chromosome	-	-	JAODFU010000231.1 Escherichia coli strain Q0169 NODE_233_length_288_cov_27.124464, whole genome shotgun sequence	288	0.5659722222222222	07c1e66fafebc96b40b02fdd44b82366	incomplete	-	-	-	-	-	-	-	-	-	-	-	-	-	-	-
GCA_025336805.1_GCA_025336805.1_ASM2533680v1	GCA_025336805.1_GCA_025336805.1_ASM2533680v1_uncompressed	chromosome	-	-	JAODFU010000232.1 Escherichia coli strain Q0169 NODE_234_length_288_cov_19.811159, whole genome shotgun sequence	288	0.5833333333333334	7a894d3f2452b102cdbbb1428bd3f568	incomplete	-	-	-	-	-	-	-	-	-	-	-	-	-	-	-
GCA_025336805.1_GCA_025336805.1_ASM2533680v1	GCA_025336805.1_GCA_025336805.1_ASM2533680v1_uncompressed	chromosome	-	-	JAODFU010000233.1 Escherichia coli strain Q0169 NODE_235_length_284_cov_20.467249, whole genome shotgun sequence	284	0.5633802816901409	fbc468970322c44b79b811b6aaebc7c6	incomplete	-	-	-	-	-	-	-	-	-	-	-	-	-	-	-
GCA_025336805.1_GCA_025336805.1_ASM2533680v1	GCA_025336805.1_GCA_025336805.1_ASM2533680v1_uncompressed	chromosome	-	-	JAODFU010000234.1 Escherichia coli strain Q0169 NODE_236_length_283_cov_12.846491, whole genome shotgun sequence	283	0.4628975265017668	cf051b38d81586d0a473a378f1bb313b	incomplete	-	-	-	-	-	-	-	-	-	-	-	-	-	-	-
GCA_025336805.1_GCA_025336805.1_ASM2533680v1	GCA_025336805.1_GCA_025336805.1_ASM2533680v1_uncompressed	chromosome	-	-	JAODFU010000235.1 Escherichia coli strain Q0169 NODE_237_length_276_cov_25.063348, whole genome shotgun sequence	276	0.5942028985507246	cf43417ad18abcc514c0dd12bedf6157	incomplete	-	-	-	-	-	-	-	-	-	-	-	-	-	-	-
GCA_025336805.1_GCA_025336805.1_ASM2533680v1	GCA_025336805.1_GCA_025336805.1_ASM2533680v1_uncompressed	chromosome	-	-	JAODFU010000236.1 Escherichia coli strain Q0169 NODE_238_length_274_cov_21.794521, whole genome shotgun sequence	274	0.5875912408759124	3f171b3b87a92921fc8e67c986c00abb	incomplete	-	-	-	-	-	-	-	-	-	-	-	-	-	-	-
GCA_025336805.1_GCA_025336805.1_ASM2533680v1	GCA_025336805.1_GCA_025336805.1_ASM2533680v1_uncompressed	chromosome	-	-	JAODFU010000237.1 Escherichia coli strain Q0169 NODE_239_length_273_cov_20.426606, whole genome shotgun sequence	273	0.6117216117216118	26e18c8c374d15a4229b54e5574f64d9	incomplete	-	-	-	-	-	-	-	-	-	-	-	-	-	-	-
GCA_025336805.1_GCA_025336805.1_ASM2533680v1	GCA_025336805.1_GCA_025336805.1_ASM2533680v1_uncompressed	chromosome	-	-	JAODFU010000238.1 Escherichia coli strain Q0169 NODE_240_length_273_cov_17.940367, whole genome shotgun sequence	273	0.5604395604395604	dd71bb65b7876df1071bdc6330c27408	incomplete	-	-	-	-	-	-	-	-	-	-	-	-	-	-	-
GCA_025336805.1_GCA_025336805.1_ASM2533680v1	GCA_025336805.1_GCA_025336805.1_ASM2533680v1_uncompressed	chromosome	-	-	JAODFU010000239.1 Escherichia coli strain Q0169 NODE_241_length_271_cov_22.925926, whole genome shotgun sequence	271	0.47601476014760147	e91dba8491e929a60e5b24c682a5a123	incomplete	-	-	-	-	-	-	-	-	-	-	-	-	-	-	-
GCA_025336805.1_GCA_025336805.1_ASM2533680v1	GCA_025336805.1_GCA_025336805.1_ASM2533680v1_uncompressed	chromosome	-	-	JAODFU010000240.1 Escherichia coli strain Q0169 NODE_242_length_270_cov_16.711628, whole genome shotgun sequence	270	0.6111111111111112	8e5fed4d9cf3b1d152bee1075db2a578	incomplete	-	-	-	-	-	-	-	-	-	-	-	-	-	-	-
GCA_025336805.1_GCA_025336805.1_ASM2533680v1	GCA_025336805.1_GCA_025336805.1_ASM2533680v1_uncompressed	chromosome	-	-	JAODFU010000241.1 Escherichia coli strain Q0169 NODE_243_length_270_cov_14.897674, whole genome shotgun sequence	270	0.5666666666666667	b550cc73ca4655e4d58a00bb2d079332	incomplete	-	-	-	-	-	-	-	-	-	-	-	-	-	-	-
GCA_025336805.1_GCA_025336805.1_ASM2533680v1	GCA_025336805.1_GCA_025336805.1_ASM2533680v1_uncompressed	chromosome	-	-	JAODFU010000242.1 Escherichia coli strain Q0169 NODE_244_length_268_cov_11.610329, whole genome shotgun sequence	268	0.5746268656716418	3e37d6ddc97331ca043c31c3cefa3e00	incomplete	-	-	-	-	-	-	-	-	-	-	-	-	-	-	-
GCA_025336805.1_GCA_025336805.1_ASM2533680v1	GCA_025336805.1_GCA_025336805.1_ASM2533680v1_uncompressed	chromosome	-	-	JAODFU010000243.1 Escherichia coli strain Q0169 NODE_245_length_267_cov_30.957547, whole genome shotgun sequence	267	0.4943820224719101	9d25cbc93ce21e1415bd7c7d5b471d87	incomplete	-	-	-	-	-	-	-	-	-	-	-	-	-	-	-
GCA_025336805.1_GCA_025336805.1_ASM2533680v1	GCA_025336805.1_GCA_025336805.1_ASM2533680v1_uncompressed	chromosome	-	-	JAODFU010000244.1 Escherichia coli strain Q0169 NODE_246_length_267_cov_23.797170, whole genome shotgun sequence	267	0.602996254681648	298d823326d7d509b9f0ad116ef59d4b	incomplete	-	-	-	-	-	-	-	-	-	-	-	-	-	-	-
GCA_025336805.1_GCA_025336805.1_ASM2533680v1	GCA_025336805.1_GCA_025336805.1_ASM2533680v1_uncompressed	chromosome	-	-	JAODFU010000245.1 Escherichia coli strain Q0169 NODE_247_length_267_cov_18.254717, whole genome shotgun sequence	267	0.48314606741573035	902cec99bda49673bddea3c167182500	incomplete	-	-	-	-	-	-	-	-	-	-	-	-	-	-	-
GCA_025336805.1_GCA_025336805.1_ASM2533680v1	GCA_025336805.1_GCA_025336805.1_ASM2533680v1_uncompressed	chromosome	-	-	JAODFU010000246.1 Escherichia coli strain Q0169 NODE_248_length_266_cov_42.933649, whole genome shotgun sequence	266	0.5338345864661654	3f57f307a2d35c12a11ecdcd3d0bddb3	incomplete	-	-	-	-	-	-	-	-	-	-	-	-	-	-	-
GCA_025336805.1_GCA_025336805.1_ASM2533680v1	GCA_025336805.1_GCA_025336805.1_ASM2533680v1_uncompressed	chromosome	-	-	JAODFU010000247.1 Escherichia coli strain Q0169 NODE_249_length_265_cov_23.385714, whole genome shotgun sequence	265	0.6452830188679245	4e52965e8010d8894fec40f93bb55155	incomplete	-	-	-	-	-	-	-	-	-	-	-	-	-	-	-
GCA_025336805.1_GCA_025336805.1_ASM2533680v1	GCA_025336805.1_GCA_025336805.1_ASM2533680v1_uncompressed	chromosome	-	-	JAODFU010000248.1 Escherichia coli strain Q0169 NODE_250_length_265_cov_17.323810, whole genome shotgun sequence	265	0.5962264150943396	8cb068530e60419d32c79b1e93401dca	incomplete	-	-	-	-	-	-	-	-	-	-	-	-	-	-	-
GCA_025336805.1_GCA_025336805.1_ASM2533680v1	GCA_025336805.1_GCA_025336805.1_ASM2533680v1_uncompressed	chromosome	-	-	JAODFU010000249.1 Escherichia coli strain Q0169 NODE_251_length_264_cov_29.727273, whole genome shotgun sequence	264	0.5909090909090909	158cb846b23dd9ac0545c4903aeeb0fa	incomplete	-	-	-	-	-	-	-	-	-	-	-	-	-	-	-
GCA_025336805.1_GCA_025336805.1_ASM2533680v1	GCA_025336805.1_GCA_025336805.1_ASM2533680v1_uncompressed	chromosome	-	-	JAODFU010000250.1 Escherichia coli strain Q0169 NODE_252_length_263_cov_25.350962, whole genome shotgun sequence	263	0.6045627376425855	bd6846acc193c3886559e85633ea3eb1	incomplete	-	-	-	-	-	-	-	-	-	-	-	-	-	-	-
GCA_025336805.1_GCA_025336805.1_ASM2533680v1	GCA_025336805.1_GCA_025336805.1_ASM2533680v1_uncompressed	chromosome	-	-	JAODFU010000251.1 Escherichia coli strain Q0169 NODE_253_length_262_cov_20.555556, whole genome shotgun sequence	262	0.5534351145038168	e4573b30bed9d7ca038da31d7770ca2d	incomplete	-	-	-	-	-	-	-	-	-	-	-	-	-	-	-
GCA_025336805.1_GCA_025336805.1_ASM2533680v1	GCA_025336805.1_GCA_025336805.1_ASM2533680v1_uncompressed	chromosome	-	-	JAODFU010000252.1 Escherichia coli strain Q0169 NODE_254_length_262_cov_17.710145, whole genome shotgun sequence	262	0.6717557251908397	759afb88b2b9fb453fde9d1691436ea5	incomplete	-	-	-	-	-	-	-	-	-	-	-	-	-	-	-
GCA_025336805.1_GCA_025336805.1_ASM2533680v1	GCA_025336805.1_GCA_025336805.1_ASM2533680v1_uncompressed	chromosome	-	-	JAODFU010000253.1 Escherichia coli strain Q0169 NODE_255_length_261_cov_21.650485, whole genome shotgun sequence	261	0.5478927203065134	7e5121b439d6a43adc41249b9ff4afd0	incomplete	-	-	-	-	-	-	-	-	-	-	-	-	-	-	-
GCA_025336805.1_GCA_025336805.1_ASM2533680v1	GCA_025336805.1_GCA_025336805.1_ASM2533680v1_uncompressed	chromosome	-	-	JAODFU010000254.1 Escherichia coli strain Q0169 NODE_256_length_261_cov_16.689320, whole genome shotgun sequence	261	0.5440613026819924	eebefb842fcf106317438416997a7aab	incomplete	-	-	-	-	-	-	-	-	-	-	-	-	-	-	-
GCA_025336805.1_GCA_025336805.1_ASM2533680v1	GCA_025336805.1_GCA_025336805.1_ASM2533680v1_uncompressed	chromosome	-	-	JAODFU010000255.1 Escherichia coli strain Q0169 NODE_257_length_261_cov_13.747573, whole genome shotgun sequence	261	0.5670498084291188	35e2d2b8f7e7b02b3586bfedac9def47	incomplete	-	-	-	-	-	-	-	-	-	-	-	-	-	-	-
GCA_025336805.1_GCA_025336805.1_ASM2533680v1	GCA_025336805.1_GCA_025336805.1_ASM2533680v1_uncompressed	chromosome	-	-	JAODFU010000256.1 Escherichia coli strain Q0169 NODE_258_length_258_cov_18.295567, whole genome shotgun sequence	258	0.5775193798449613	bfd9ccf904530eaecb9d3abc54c49f7e	incomplete	-	-	-	-	-	-	-	-	-	-	-	-	-	-	-
GCA_025336805.1_GCA_025336805.1_ASM2533680v1	GCA_025336805.1_GCA_025336805.1_ASM2533680v1_uncompressed	chromosome	-	-	JAODFU010000257.1 Escherichia coli strain Q0169 NODE_259_length_257_cov_23.376238, whole genome shotgun sequence	257	0.5369649805447471	1e44c318ceb9474f9f22b40f92126298	incomplete	-	-	-	-	-	-	-	-	-	-	-	-	-	-	-
GCA_025336805.1_GCA_025336805.1_ASM2533680v1	GCA_025336805.1_GCA_025336805.1_ASM2533680v1_uncompressed	chromosome	-	-	JAODFU010000258.1 Escherichia coli strain Q0169 NODE_260_length_255_cov_22.325000, whole genome shotgun sequence	255	0.4745098039215686	3d1999f596c40aefe5a2fd042722873d	incomplete	-	-	-	-	-	-	-	-	-	-	-	-	-	-	-
GCA_025336805.1_GCA_025336805.1_ASM2533680v1	GCA_025336805.1_GCA_025336805.1_ASM2533680v1_uncompressed	chromosome	-	-	JAODFU010000259.1 Escherichia coli strain Q0169 NODE_261_length_255_cov_19.285000, whole genome shotgun sequence	255	0.5215686274509804	2997975d1fbc7dc7cb0e989fbaebb848	incomplete	-	-	-	-	-	-	-	-	-	-	-	-	-	-	-
GCA_025336805.1_GCA_025336805.1_ASM2533680v1	GCA_025336805.1_GCA_025336805.1_ASM2533680v1_uncompressed	chromosome	-	-	JAODFU010000260.1 Escherichia coli strain Q0169 NODE_262_length_254_cov_27.346734, whole genome shotgun sequence	254	0.531496062992126	aeaa9c22cc6d3c3a67e67497ac67a4d2	incomplete	-	-	-	-	-	-	-	-	-	-	-	-	-	-	-
GCA_025336805.1_GCA_025336805.1_ASM2533680v1	GCA_025336805.1_GCA_025336805.1_ASM2533680v1_uncompressed	chromosome	-	-	JAODFU010000261.1 Escherichia coli strain Q0169 NODE_263_length_253_cov_23.686869, whole genome shotgun sequence	253	0.4743083003952569	4628ca1c39e7e82f7e3e02f9cab02605	circular	-	-	-	-	-	-	-	-	-	-	-	-	-	-	-
GCA_025336805.1_GCA_025336805.1_ASM2533680v1	GCA_025336805.1_GCA_025336805.1_ASM2533680v1_uncompressed	chromosome	-	-	JAODFU010000262.1 Escherichia coli strain Q0169 NODE_264_length_252_cov_28.634518, whole genome shotgun sequence	252	0.5357142857142857	685a77c8ce6e931aedbb820635f21afe	incomplete	-	-	-	-	-	-	-	-	-	-	-	-	-	-	-
GCA_025336805.1_GCA_025336805.1_ASM2533680v1	GCA_025336805.1_GCA_025336805.1_ASM2533680v1_uncompressed	chromosome	-	-	JAODFU010000263.1 Escherichia coli strain Q0169 NODE_265_length_252_cov_22.055838, whole genome shotgun sequence	252	0.6587301587301587	d4f3f6d2737201e066d00c96024c64a5	incomplete	-	-	-	-	-	-	-	-	-	-	-	-	-	-	-
GCA_025336805.1_GCA_025336805.1_ASM2533680v1	GCA_025336805.1_GCA_025336805.1_ASM2533680v1_uncompressed	chromosome	-	-	JAODFU010000264.1 Escherichia coli strain Q0169 NODE_266_length_252_cov_18.974619, whole genome shotgun sequence	252	0.5238095238095238	d6b27e4d9c639ae4000d9624da4ca0f4	incomplete	-	-	-	-	-	-	-	-	-	-	-	-	-	-	-
GCA_025336805.1_GCA_025336805.1_ASM2533680v1	GCA_025336805.1_GCA_025336805.1_ASM2533680v1_uncompressed	chromosome	-	-	JAODFU010000265.1 Escherichia coli strain Q0169 NODE_267_length_252_cov_18.289340, whole genome shotgun sequence	252	0.5476190476190477	3c1d320ecc411d7c07c7c55a70acf919	incomplete	-	-	-	-	-	-	-	-	-	-	-	-	-	-	-
GCA_025336805.1_GCA_025336805.1_ASM2533680v1	GCA_025336805.1_GCA_025336805.1_ASM2533680v1_uncompressed	chromosome	-	-	JAODFU010000266.1 Escherichia coli strain Q0169 NODE_268_length_252_cov_15.324873, whole genome shotgun sequence	252	0.5436507936507936	307b08b298f42cfd0c091a5a4c5310b3	incomplete	-	-	-	-	-	-	-	-	-	-	-	-	-	-	-
GCA_025336805.1_GCA_025336805.1_ASM2533680v1	GCA_025336805.1_GCA_025336805.1_ASM2533680v1_uncompressed	chromosome	-	-	JAODFU010000267.1 Escherichia coli strain Q0169 NODE_269_length_249_cov_14.469072, whole genome shotgun sequence	249	0.5341365461847389	8192ca8d10fcba58d2087c58da6e24a7	incomplete	-	-	-	-	-	-	-	-	-	-	-	-	-	-	-
GCA_025336805.1_GCA_025336805.1_ASM2533680v1	GCA_025336805.1_GCA_025336805.1_ASM2533680v1_uncompressed	chromosome	-	-	JAODFU010000268.1 Escherichia coli strain Q0169 NODE_270_length_247_cov_20.531250, whole genome shotgun sequence	247	0.4817813765182186	92329564119d9be1b739dba154e09a2a	incomplete	-	-	-	-	-	-	-	-	-	-	-	-	-	-	-
GCA_025336805.1_GCA_025336805.1_ASM2533680v1	GCA_025336805.1_GCA_025336805.1_ASM2533680v1_uncompressed	chromosome	-	-	JAODFU010000269.1 Escherichia coli strain Q0169 NODE_271_length_247_cov_1.598958, whole genome shotgun sequence	247	0.5991902834008097	00786df5cdabc8c27fbdedf7ab61f041	incomplete	-	-	-	-	-	-	-	-	-	-	-	-	-	-	-
GCA_025336805.1_GCA_025336805.1_ASM2533680v1	GCA_025336805.1_GCA_025336805.1_ASM2533680v1_uncompressed	chromosome	-	-	JAODFU010000270.1 Escherichia coli strain Q0169 NODE_272_length_246_cov_26.188482, whole genome shotgun sequence	246	0.6138211382113821	9b23debb21d98a720532dc45c8d579ca	incomplete	-	-	-	-	-	-	-	-	-	-	-	-	-	-	-
GCA_025336805.1_GCA_025336805.1_ASM2533680v1	GCA_025336805.1_GCA_025336805.1_ASM2533680v1_uncompressed	chromosome	-	-	JAODFU010000271.1 Escherichia coli strain Q0169 NODE_273_length_246_cov_24.942408, whole genome shotgun sequence	246	0.5772357723577236	dd4e2125ce7e0baae107ea2b69dffbe3	incomplete	-	-	-	-	-	-	-	-	-	-	-	-	-	-	-
GCA_025336805.1_GCA_025336805.1_ASM2533680v1	GCA_025336805.1_GCA_025336805.1_ASM2533680v1_uncompressed	chromosome	-	-	JAODFU010000272.1 Escherichia coli strain Q0169 NODE_274_length_245_cov_11.626316, whole genome shotgun sequence	245	0.43673469387755104	843db29831f4c4bdbfff711ef41b05bd	incomplete	-	-	-	-	-	-	-	-	-	-	-	-	-	-	-
GCA_025336805.1_GCA_025336805.1_ASM2533680v1	GCA_025336805.1_GCA_025336805.1_ASM2533680v1_uncompressed	chromosome	-	-	JAODFU010000273.1 Escherichia coli strain Q0169 NODE_275_length_243_cov_63.388298, whole genome shotgun sequence	243	0.588477366255144	9d6bacced29db472f92a6c4fb6883afe	incomplete	-	-	-	-	-	-	-	-	-	-	-	-	-	-	-
GCA_025336805.1_GCA_025336805.1_ASM2533680v1	GCA_025336805.1_GCA_025336805.1_ASM2533680v1_uncompressed	chromosome	-	-	JAODFU010000274.1 Escherichia coli strain Q0169 NODE_276_length_243_cov_18.797872, whole genome shotgun sequence	243	0.5185185185185185	39fa14eaf0fd8800e4c2a80f1e7cf681	incomplete	-	-	-	-	-	-	-	-	-	-	-	-	-	-	-
GCA_025336805.1_GCA_025336805.1_ASM2533680v1	GCA_025336805.1_GCA_025336805.1_ASM2533680v1_uncompressed	chromosome	-	-	JAODFU010000275.1 Escherichia coli strain Q0169 NODE_277_length_243_cov_18.563830, whole genome shotgun sequence	243	0.6008230452674898	fb3a620ba61d89c380dbac540db76f4e	incomplete	-	-	-	-	-	-	-	-	-	-	-	-	-	-	-
GCA_025336805.1_GCA_025336805.1_ASM2533680v1	GCA_025336805.1_GCA_025336805.1_ASM2533680v1_uncompressed	chromosome	-	-	JAODFU010000276.1 Escherichia coli strain Q0169 NODE_278_length_241_cov_37.779570, whole genome shotgun sequence	241	0.3941908713692946	d87802425736cda504e0941bd7473bd7	incomplete	-	-	-	-	-	-	-	-	-	-	-	-	-	-	-
GCA_025336805.1_GCA_025336805.1_ASM2533680v1	GCA_025336805.1_GCA_025336805.1_ASM2533680v1_uncompressed	chromosome	-	-	JAODFU010000277.1 Escherichia coli strain Q0169 NODE_279_length_240_cov_25.383784, whole genome shotgun sequence	240	0.5916666666666667	3543fc0c60de23cf40affebb6169ac67	incomplete	-	-	-	-	-	-	-	-	-	-	-	-	-	-	-
GCA_025336805.1_GCA_025336805.1_ASM2533680v1	GCA_025336805.1_GCA_025336805.1_ASM2533680v1_uncompressed	chromosome	-	-	JAODFU010000278.1 Escherichia coli strain Q0169 NODE_280_length_240_cov_19.140541, whole genome shotgun sequence	240	0.6	0a6713150f7f5067085dc3625f2118a3	circular	-	-	-	-	-	-	-	-	-	-	-	-	-	-	-
GCA_025336805.1_GCA_025336805.1_ASM2533680v1	GCA_025336805.1_GCA_025336805.1_ASM2533680v1_uncompressed	chromosome	-	-	JAODFU010000279.1 Escherichia coli strain Q0169 NODE_281_length_239_cov_90.961957, whole genome shotgun sequence	239	0.5648535564853556	63586552d9fbeadcf9a1cbbf4d66eecc	incomplete	-	-	-	-	-	-	-	-	-	-	-	-	-	-	-
GCA_025336805.1_GCA_025336805.1_ASM2533680v1	GCA_025336805.1_GCA_025336805.1_ASM2533680v1_uncompressed	chromosome	-	-	JAODFU010000280.1 Escherichia coli strain Q0169 NODE_282_length_238_cov_30.273224, whole genome shotgun sequence	238	0.6092436974789915	01be83a30af7fe2a8395777fe17de672	incomplete	-	-	-	-	-	-	-	-	-	-	-	-	-	-	-
GCA_025336805.1_GCA_025336805.1_ASM2533680v1	GCA_025336805.1_GCA_025336805.1_ASM2533680v1_uncompressed	chromosome	-	-	JAODFU010000281.1 Escherichia coli strain Q0169 NODE_283_length_237_cov_43.379121, whole genome shotgun sequence	237	0.6118143459915611	9930dc6c50fe3e1cbd062b7ded3183d8	incomplete	-	-	-	-	-	-	-	-	-	-	-	-	-	-	-
GCA_025336805.1_GCA_025336805.1_ASM2533680v1	GCA_025336805.1_GCA_025336805.1_ASM2533680v1_uncompressed	chromosome	-	-	JAODFU010000282.1 Escherichia coli strain Q0169 NODE_284_length_237_cov_20.840659, whole genome shotgun sequence	237	0.5232067510548524	ccd100452ac6020728a7b97ca3104445	incomplete	-	-	-	-	-	-	-	-	-	-	-	-	-	-	-
GCA_025336805.1_GCA_025336805.1_ASM2533680v1	GCA_025336805.1_GCA_025336805.1_ASM2533680v1_uncompressed	chromosome	-	-	JAODFU010000283.1 Escherichia coli strain Q0169 NODE_285_length_237_cov_19.796703, whole genome shotgun sequence	237	0.5189873417721519	45e3618f3c57d1fe473aa1107256cfbf	incomplete	-	-	-	-	-	-	-	-	-	-	-	-	-	-	-
GCA_025336805.1_GCA_025336805.1_ASM2533680v1	GCA_025336805.1_GCA_025336805.1_ASM2533680v1_uncompressed	chromosome	-	-	JAODFU010000284.1 Escherichia coli strain Q0169 NODE_286_length_237_cov_15.972527, whole genome shotgun sequence	237	0.5991561181434599	e601b8ec7a2db70dfd4c98c1380eca7a	incomplete	-	-	-	-	-	-	-	-	-	-	-	-	-	-	-
GCA_025336805.1_GCA_025336805.1_ASM2533680v1	GCA_025336805.1_GCA_025336805.1_ASM2533680v1_uncompressed	chromosome	-	-	JAODFU010000285.1 Escherichia coli strain Q0169 NODE_287_length_236_cov_26.248619, whole genome shotgun sequence	236	0.4872881355932203	ae53ee9a18f821c1a478dbefd6853020	incomplete	-	-	-	-	-	-	-	-	-	-	-	-	-	-	-
GCA_025336805.1_GCA_025336805.1_ASM2533680v1	GCA_025336805.1_GCA_025336805.1_ASM2533680v1_uncompressed	chromosome	-	-	JAODFU010000286.1 Escherichia coli strain Q0169 NODE_288_length_235_cov_22.122222, whole genome shotgun sequence	235	0.5404255319148936	106131203b65abf1f2bbcab16bdf41a8	incomplete	-	-	-	-	-	-	-	-	-	-	-	-	-	-	-
GCA_025336805.1_GCA_025336805.1_ASM2533680v1	GCA_025336805.1_GCA_025336805.1_ASM2533680v1_uncompressed	chromosome	-	-	JAODFU010000287.1 Escherichia coli strain Q0169 NODE_289_length_235_cov_19.305556, whole genome shotgun sequence	235	0.5659574468085107	c5375cbd8ca3d4a4a6e2957b370fab7c	incomplete	-	-	-	-	-	-	-	-	-	-	-	-	-	-	-
GCA_025336805.1_GCA_025336805.1_ASM2533680v1	GCA_025336805.1_GCA_025336805.1_ASM2533680v1_uncompressed	chromosome	-	-	JAODFU010000288.1 Escherichia coli strain Q0169 NODE_290_length_235_cov_18.277778, whole genome shotgun sequence	235	0.6297872340425532	1fedf076091cb6c89a841ecbf46026d6	incomplete	-	-	-	-	-	-	-	-	-	-	-	-	-	-	-
GCA_025336805.1_GCA_025336805.1_ASM2533680v1	GCA_025336805.1_GCA_025336805.1_ASM2533680v1_uncompressed	chromosome	-	-	JAODFU010000289.1 Escherichia coli strain Q0169 NODE_291_length_235_cov_14.583333, whole genome shotgun sequence	235	0.5234042553191489	b75e7a1b0cf4fdd156d34ed723c19f9a	incomplete	-	-	-	-	-	-	-	-	-	-	-	-	-	-	-
GCA_025336805.1_GCA_025336805.1_ASM2533680v1	GCA_025336805.1_GCA_025336805.1_ASM2533680v1_uncompressed	chromosome	-	-	JAODFU010000290.1 Escherichia coli strain Q0169 NODE_292_length_234_cov_21.703911, whole genome shotgun sequence	234	0.6367521367521367	2c26e88db442f17796fbc5eff978d93b	incomplete	-	-	-	-	-	-	-	-	-	-	-	-	-	-	-
GCA_025336805.1_GCA_025336805.1_ASM2533680v1	GCA_025336805.1_GCA_025336805.1_ASM2533680v1_uncompressed	chromosome	-	-	JAODFU010000291.1 Escherichia coli strain Q0169 NODE_293_length_232_cov_29.514124, whole genome shotgun sequence	232	0.5775862068965517	76251f92ddd33c8e90a4977adc345372	incomplete	-	-	-	-	-	-	-	-	-	-	-	-	-	-	-
GCA_025336805.1_GCA_025336805.1_ASM2533680v1	GCA_025336805.1_GCA_025336805.1_ASM2533680v1_uncompressed	chromosome	-	-	JAODFU010000292.1 Escherichia coli strain Q0169 NODE_294_length_232_cov_15.994350, whole genome shotgun sequence	232	0.5474137931034483	3dfa4b7ebcdb6b515d55c5d0fdd7d27b	incomplete	-	-	-	-	-	-	-	-	-	-	-	-	-	-	-
GCA_025336805.1_GCA_025336805.1_ASM2533680v1	GCA_025336805.1_GCA_025336805.1_ASM2533680v1_uncompressed	chromosome	-	-	JAODFU010000293.1 Escherichia coli strain Q0169 NODE_295_length_231_cov_21.943182, whole genome shotgun sequence	231	0.5367965367965368	a012c18591c5928fe32917dc89cfb048	incomplete	-	-	-	-	-	-	-	-	-	-	-	-	-	-	-
GCA_025336805.1_GCA_025336805.1_ASM2533680v1	GCA_025336805.1_GCA_025336805.1_ASM2533680v1_uncompressed	chromosome	-	-	JAODFU010000294.1 Escherichia coli strain Q0169 NODE_296_length_229_cov_25.689655, whole genome shotgun sequence	229	0.5545851528384279	6ce75c6b029a2dfe006f6e8625efcd7a	incomplete	-	-	-	-	-	-	-	-	-	-	-	-	-	-	-
GCA_025336805.1_GCA_025336805.1_ASM2533680v1	GCA_025336805.1_GCA_025336805.1_ASM2533680v1_uncompressed	chromosome	-	-	JAODFU010000295.1 Escherichia coli strain Q0169 NODE_297_length_228_cov_29.971098, whole genome shotgun sequence	228	0.5877192982456141	ca1f8ba26968974bca7d99163ba2a7be	incomplete	-	-	-	-	-	-	-	-	-	-	-	-	-	-	-
GCA_025336805.1_GCA_025336805.1_ASM2533680v1	GCA_025336805.1_GCA_025336805.1_ASM2533680v1_uncompressed	chromosome	-	-	JAODFU010000296.1 Escherichia coli strain Q0169 NODE_298_length_228_cov_22.566474, whole genome shotgun sequence	228	0.5526315789473685	3167511d6e6c8fbfa3cef6966e93b6ee	incomplete	-	-	-	-	-	-	-	-	-	-	-	-	-	-	-
GCA_025336805.1_GCA_025336805.1_ASM2533680v1	GCA_025336805.1_GCA_025336805.1_ASM2533680v1_uncompressed	chromosome	-	-	JAODFU010000297.1 Escherichia coli strain Q0169 NODE_299_length_228_cov_17.595376, whole genome shotgun sequence	228	0.5131578947368421	63c4d03bac1652767a5bd57ce81c309c	incomplete	-	-	-	-	-	-	-	-	-	-	-	-	-	-	-
GCA_025336805.1_GCA_025336805.1_ASM2533680v1	GCA_025336805.1_GCA_025336805.1_ASM2533680v1_uncompressed	chromosome	-	-	JAODFU010000298.1 Escherichia coli strain Q0169 NODE_300_length_227_cov_40.604651, whole genome shotgun sequence	227	0.5330396475770925	f522ddb6bfcab8e7ea9ccc7371a0a8b5	incomplete	-	-	-	-	-	-	-	-	-	-	-	-	-	-	-
GCA_025336805.1_GCA_025336805.1_ASM2533680v1	GCA_025336805.1_GCA_025336805.1_ASM2533680v1_uncompressed	chromosome	-	-	JAODFU010000299.1 Escherichia coli strain Q0169 NODE_301_length_227_cov_28.000000, whole genome shotgun sequence	227	0.5594713656387665	d72b6c39cc8a88f5f303c35085f3af56	incomplete	-	-	-	-	-	-	-	-	-	-	-	-	-	-	-
GCA_025336805.1_GCA_025336805.1_ASM2533680v1	GCA_025336805.1_GCA_025336805.1_ASM2533680v1_uncompressed	chromosome	-	-	JAODFU010000300.1 Escherichia coli strain Q0169 NODE_302_length_227_cov_1.976744, whole genome shotgun sequence	227	0.42731277533039647	9a573fb7345659bd97346243afa11a06	circular	-	-	-	-	-	-	-	-	-	-	-	-	-	-	-
GCA_025336805.1_GCA_025336805.1_ASM2533680v1	GCA_025336805.1_GCA_025336805.1_ASM2533680v1_uncompressed	chromosome	-	-	JAODFU010000301.1 Escherichia coli strain Q0169 NODE_303_length_226_cov_29.040936, whole genome shotgun sequence	226	0.5575221238938053	a6b12b5c60d3a7be00abbd0d608f6a26	incomplete	-	-	-	-	-	-	-	-	-	-	-	-	-	-	-
GCA_025336805.1_GCA_025336805.1_ASM2533680v1	GCA_025336805.1_GCA_025336805.1_ASM2533680v1_uncompressed	chromosome	-	-	JAODFU010000302.1 Escherichia coli strain Q0169 NODE_304_length_225_cov_27.047059, whole genome shotgun sequence	225	0.5733333333333334	2410a6b3dc3515ec9b6ff982a473c9a7	incomplete	-	-	-	-	-	-	-	-	-	-	-	-	-	-	-
GCA_025336805.1_GCA_025336805.1_ASM2533680v1	GCA_025336805.1_GCA_025336805.1_ASM2533680v1_uncompressed	chromosome	-	-	JAODFU010000303.1 Escherichia coli strain Q0169 NODE_305_length_225_cov_23.776471, whole genome shotgun sequence	225	0.5911111111111111	ae02bdee56d3838c762c92be7764ee82	incomplete	-	-	-	-	-	-	-	-	-	-	-	-	-	-	-
GCA_025336805.1_GCA_025336805.1_ASM2533680v1	GCA_025336805.1_GCA_025336805.1_ASM2533680v1_uncompressed	chromosome	-	-	JAODFU010000304.1 Escherichia coli strain Q0169 NODE_306_length_224_cov_23.863905, whole genome shotgun sequence	224	0.5133928571428571	dfe1fd72e4147989d69d2802d1c96291	incomplete	-	-	-	-	-	-	-	-	-	-	-	-	-	-	-
GCA_025336805.1_GCA_025336805.1_ASM2533680v1	GCA_025336805.1_GCA_025336805.1_ASM2533680v1_uncompressed	chromosome	-	-	JAODFU010000305.1 Escherichia coli strain Q0169 NODE_307_length_222_cov_19.796407, whole genome shotgun sequence	222	0.581081081081081	3f89802d342ba3906af8d30a6668eb73	incomplete	-	-	-	-	-	-	-	-	-	-	-	-	-	-	-
GCA_025336805.1_GCA_025336805.1_ASM2533680v1	GCA_025336805.1_GCA_025336805.1_ASM2533680v1_uncompressed	chromosome	-	-	JAODFU010000306.1 Escherichia coli strain Q0169 NODE_308_length_222_cov_18.778443, whole genome shotgun sequence	222	0.6036036036036037	8fd3844b792cfa2d0f046df7f99525ce	incomplete	-	-	-	-	-	-	-	-	-	-	-	-	-	-	-
GCA_025336805.1_GCA_025336805.1_ASM2533680v1	GCA_025336805.1_GCA_025336805.1_ASM2533680v1_uncompressed	chromosome	-	-	JAODFU010000307.1 Escherichia coli strain Q0169 NODE_309_length_220_cov_27.024242, whole genome shotgun sequence	220	0.5636363636363636	58730989ff41039099f9b87e4f9e24d0	incomplete	-	-	-	-	-	-	-	-	-	-	-	-	-	-	-
GCA_025336805.1_GCA_025336805.1_ASM2533680v1	GCA_025336805.1_GCA_025336805.1_ASM2533680v1_uncompressed	chromosome	-	-	JAODFU010000308.1 Escherichia coli strain Q0169 NODE_310_length_219_cov_13.030488, whole genome shotgun sequence	219	0.5707762557077626	1f52a879bfa90d7cedb0b0fa4a43b3fb	incomplete	-	-	-	-	-	-	-	-	-	-	-	-	-	-	-
GCA_025336805.1_GCA_025336805.1_ASM2533680v1	GCA_025336805.1_GCA_025336805.1_ASM2533680v1_uncompressed	chromosome	-	-	JAODFU010000309.1 Escherichia coli strain Q0169 NODE_311_length_216_cov_211.031056, whole genome shotgun sequence	216	0.5277777777777778	bf920a87908e4d8243713f461b9c4d48	incomplete	-	-	-	-	-	-	-	-	-	-	-	-	-	-	-
GCA_025336805.1_GCA_025336805.1_ASM2533680v1	GCA_025336805.1_GCA_025336805.1_ASM2533680v1_uncompressed	chromosome	-	-	JAODFU010000310.1 Escherichia coli strain Q0169 NODE_312_length_216_cov_24.732919, whole genome shotgun sequence	216	0.5	ecb5a8ebb60299de4a120fe140565093	incomplete	-	-	-	-	-	-	-	-	-	-	-	-	-	-	-
GCA_025336805.1_GCA_025336805.1_ASM2533680v1	GCA_025336805.1_GCA_025336805.1_ASM2533680v1_uncompressed	chromosome	-	-	JAODFU010000311.1 Escherichia coli strain Q0169 NODE_313_length_215_cov_22.881250, whole genome shotgun sequence	215	0.5720930232558139	637b2047c75e5c8224590b2ccca3c5c4	incomplete	-	-	-	-	-	-	-	-	-	-	-	-	-	-	-
GCA_025336805.1_GCA_025336805.1_ASM2533680v1	GCA_025336805.1_GCA_025336805.1_ASM2533680v1_uncompressed	chromosome	-	-	JAODFU010000312.1 Escherichia coli strain Q0169 NODE_314_length_213_cov_37.810127, whole genome shotgun sequence	213	0.5164319248826291	e409ca0e9349906e867d39d5a9298cda	incomplete	-	-	-	-	-	-	-	-	-	-	-	-	-	-	-
GCA_025336805.1_GCA_025336805.1_ASM2533680v1	GCA_025336805.1_GCA_025336805.1_ASM2533680v1_uncompressed	chromosome	-	-	JAODFU010000313.1 Escherichia coli strain Q0169 NODE_315_length_213_cov_29.246835, whole genome shotgun sequence	213	0.539906103286385	0546a59a470b63d6c125d06557a73f6c	incomplete	-	-	-	-	-	-	-	-	-	-	-	-	-	-	-
GCA_025336805.1_GCA_025336805.1_ASM2533680v1	GCA_025336805.1_GCA_025336805.1_ASM2533680v1_uncompressed	chromosome	-	-	JAODFU010000314.1 Escherichia coli strain Q0169 NODE_316_length_213_cov_17.322785, whole genome shotgun sequence	213	0.6291079812206573	da1ad9c896a2a833bf9655888da9caab	incomplete	-	-	-	-	-	-	-	-	-	-	-	-	-	-	-
GCA_025336805.1_GCA_025336805.1_ASM2533680v1	GCA_025336805.1_GCA_025336805.1_ASM2533680v1_uncompressed	chromosome	-	-	JAODFU010000315.1 Escherichia coli strain Q0169 NODE_317_length_213_cov_17.050633, whole genome shotgun sequence	213	0.49765258215962443	17b89377a6523c1846a0341453a7928a	incomplete	-	-	-	-	-	-	-	-	-	-	-	-	-	-	-
GCA_025336805.1_GCA_025336805.1_ASM2533680v1	GCA_025336805.1_GCA_025336805.1_ASM2533680v1_uncompressed	chromosome	-	-	JAODFU010000316.1 Escherichia coli strain Q0169 NODE_318_length_212_cov_17.477707, whole genome shotgun sequence	212	0.5518867924528302	89b9ad1f26f6822dbf1ed154f2b16f58	incomplete	-	-	-	-	-	-	-	-	-	-	-	-	-	-	-
GCA_025336805.1_GCA_025336805.1_ASM2533680v1	GCA_025336805.1_GCA_025336805.1_ASM2533680v1_uncompressed	chromosome	-	-	JAODFU010000317.1 Escherichia coli strain Q0169 NODE_319_length_211_cov_25.666667, whole genome shotgun sequence	211	0.5023696682464455	a9ebd6dca29b328c540f27dbbaa1eedb	incomplete	-	-	-	-	-	-	-	-	-	-	-	-	-	-	-
GCA_025336805.1_GCA_025336805.1_ASM2533680v1	GCA_025336805.1_GCA_025336805.1_ASM2533680v1_uncompressed	chromosome	-	-	JAODFU010000318.1 Escherichia coli strain Q0169 NODE_320_length_210_cov_30.909677, whole genome shotgun sequence	210	0.638095238095238	98cf87ab6e2428ae103d6acc1dfbc8bf	incomplete	-	-	-	-	-	-	-	-	-	-	-	-	-	-	-
GCA_025336805.1_GCA_025336805.1_ASM2533680v1	GCA_025336805.1_GCA_025336805.1_ASM2533680v1_uncompressed	chromosome	-	-	JAODFU010000319.1 Escherichia coli strain Q0169 NODE_321_length_210_cov_29.148387, whole genome shotgun sequence	210	0.5619047619047619	9fbde7309787e5cf4f2b86626020b597	incomplete	-	-	-	-	-	-	-	-	-	-	-	-	-	-	-
GCA_025336805.1_GCA_025336805.1_ASM2533680v1	GCA_025336805.1_GCA_025336805.1_ASM2533680v1_uncompressed	chromosome	-	-	JAODFU010000320.1 Escherichia coli strain Q0169 NODE_322_length_210_cov_24.896774, whole genome shotgun sequence	210	0.6238095238095238	6080f6f1a711df0d64ac346634f2341d	incomplete	-	-	-	-	-	-	-	-	-	-	-	-	-	-	-
GCA_025336805.1_GCA_025336805.1_ASM2533680v1	GCA_025336805.1_GCA_025336805.1_ASM2533680v1_uncompressed	chromosome	-	-	JAODFU010000321.1 Escherichia coli strain Q0169 NODE_323_length_210_cov_20.367742, whole genome shotgun sequence	210	0.5619047619047619	139146b24313e621205f51768bf10da7	incomplete	-	-	-	-	-	-	-	-	-	-	-	-	-	-	-
GCA_025336805.1_GCA_025336805.1_ASM2533680v1	GCA_025336805.1_GCA_025336805.1_ASM2533680v1_uncompressed	chromosome	-	-	JAODFU010000322.1 Escherichia coli strain Q0169 NODE_324_length_210_cov_19.729032, whole genome shotgun sequence	210	0.49523809523809526	04317dd973bd4bb040b3f440c2b3fe08	incomplete	-	-	-	-	-	-	-	-	-	-	-	-	-	-	-
GCA_025336805.1_GCA_025336805.1_ASM2533680v1	GCA_025336805.1_GCA_025336805.1_ASM2533680v1_uncompressed	chromosome	-	-	JAODFU010000323.1 Escherichia coli strain Q0169 NODE_325_length_210_cov_16.245161, whole genome shotgun sequence	210	0.5333333333333333	246e5f9602035203496c620a070498af	incomplete	-	-	-	-	-	-	-	-	-	-	-	-	-	-	-
GCA_025336805.1_GCA_025336805.1_ASM2533680v1	GCA_025336805.1_GCA_025336805.1_ASM2533680v1_uncompressed	chromosome	-	-	JAODFU010000324.1 Escherichia coli strain Q0169 NODE_326_length_209_cov_21.818182, whole genome shotgun sequence	209	0.5598086124401914	c82b324307ca3e25b740da46bc617658	incomplete	-	-	-	-	-	-	-	-	-	-	-	-	-	-	-
GCA_025336805.1_GCA_025336805.1_ASM2533680v1	GCA_025336805.1_GCA_025336805.1_ASM2533680v1_uncompressed	chromosome	-	-	JAODFU010000325.1 Escherichia coli strain Q0169 NODE_327_length_209_cov_16.279221, whole genome shotgun sequence	209	0.5406698564593302	0e04400a4d7d61f6f98a8c76ed0a3970	incomplete	-	-	-	-	-	-	-	-	-	-	-	-	-	-	-
GCA_025336805.1_GCA_025336805.1_ASM2533680v1	GCA_025336805.1_GCA_025336805.1_ASM2533680v1_uncompressed	chromosome	-	-	JAODFU010000326.1 Escherichia coli strain Q0169 NODE_328_length_208_cov_19.875817, whole genome shotgun sequence	208	0.44711538461538464	a515b39847cf620ccc969aa8a2bbd976	incomplete	-	-	-	-	-	-	-	-	-	-	-	-	-	-	-
GCA_025336805.1_GCA_025336805.1_ASM2533680v1	GCA_025336805.1_GCA_025336805.1_ASM2533680v1_uncompressed	chromosome	-	-	JAODFU010000327.1 Escherichia coli strain Q0169 NODE_329_length_208_cov_15.692810, whole genome shotgun sequence	208	0.5913461538461539	fcc9f11fbc9d4c25e7bf5f33fbec66a6	incomplete	-	-	-	-	-	-	-	-	-	-	-	-	-	-	-
GCA_025336805.1_GCA_025336805.1_ASM2533680v1	GCA_025336805.1_GCA_025336805.1_ASM2533680v1_uncompressed	chromosome	-	-	JAODFU010000328.1 Escherichia coli strain Q0169 NODE_330_length_207_cov_35.190789, whole genome shotgun sequence	207	0.5797101449275363	ed2b2e21fdac3d3caeec4aa2f66baac7	incomplete	-	-	-	-	-	-	-	-	-	-	-	-	-	-	-
GCA_025336805.1_GCA_025336805.1_ASM2533680v1	GCA_025336805.1_GCA_025336805.1_ASM2533680v1_uncompressed	chromosome	-	-	JAODFU010000329.1 Escherichia coli strain Q0169 NODE_331_length_207_cov_25.250000, whole genome shotgun sequence	207	0.6038647342995169	0fbce475445922a9d7bd4064d480090d	incomplete	-	-	-	-	-	-	-	-	-	-	-	-	-	-	-
GCA_025336805.1_GCA_025336805.1_ASM2533680v1	GCA_025336805.1_GCA_025336805.1_ASM2533680v1_uncompressed	chromosome	-	-	JAODFU010000330.1 Escherichia coli strain Q0169 NODE_332_length_206_cov_53.622517, whole genome shotgun sequence	206	0.5776699029126213	4cd97c60885f8f711488f9968f70ebca	incomplete	-	-	-	-	-	-	-	-	-	-	-	-	-	-	-
GCA_025336805.1_GCA_025336805.1_ASM2533680v1	GCA_025336805.1_GCA_025336805.1_ASM2533680v1_uncompressed	chromosome	-	-	JAODFU010000331.1 Escherichia coli strain Q0169 NODE_333_length_204_cov_43.275168, whole genome shotgun sequence	204	0.4362745098039216	e26b6f8a9ab2890b2ec7d575047009bb	incomplete	-	-	-	-	-	-	-	-	-	-	-	-	-	-	-
GCA_025336805.1_GCA_025336805.1_ASM2533680v1	GCA_025336805.1_GCA_025336805.1_ASM2533680v1_uncompressed	chromosome	-	-	JAODFU010000332.1 Escherichia coli strain Q0169 NODE_334_length_204_cov_28.120805, whole genome shotgun sequence	204	0.6078431372549019	995c6f64cbc24da2bc3741a1ec3b84dc	incomplete	-	-	-	-	-	-	-	-	-	-	-	-	-	-	-
GCA_025336805.1_GCA_025336805.1_ASM2533680v1	GCA_025336805.1_GCA_025336805.1_ASM2533680v1_uncompressed	chromosome	-	-	JAODFU010000333.1 Escherichia coli strain Q0169 NODE_335_length_204_cov_19.140940, whole genome shotgun sequence	204	0.5980392156862745	e159da674017486238f3fda6928ea117	incomplete	-	-	-	-	-	-	-	-	-	-	-	-	-	-	-
GCA_025336805.1_GCA_025336805.1_ASM2533680v1	GCA_025336805.1_GCA_025336805.1_ASM2533680v1_uncompressed	chromosome	-	-	JAODFU010000334.1 Escherichia coli strain Q0169 NODE_336_length_203_cov_35.554054, whole genome shotgun sequence	203	0.5172413793103449	ee155bfe17b4e7073724292ece4a8bb9	incomplete	-	-	-	-	-	-	-	-	-	-	-	-	-	-	-
GCA_025336805.1_GCA_025336805.1_ASM2533680v1	GCA_025336805.1_GCA_025336805.1_ASM2533680v1_uncompressed	chromosome	-	-	JAODFU010000335.1 Escherichia coli strain Q0169 NODE_337_length_203_cov_31.851351, whole genome shotgun sequence	203	0.5517241379310345	487c6591b94a4ef8edad5e87e9ee26d3	incomplete	-	-	-	-	-	-	-	-	-	-	-	-	-	-	-
GCA_025336805.1_GCA_025336805.1_ASM2533680v1	GCA_025336805.1_GCA_025336805.1_ASM2533680v1_uncompressed	chromosome	-	-	JAODFU010000336.1 Escherichia coli strain Q0169 NODE_338_length_203_cov_24.472973, whole genome shotgun sequence	203	0.5615763546798029	797eb6e1b1ef4ce97ed7dff4b86e5dc6	incomplete	-	-	-	-	-	-	-	-	-	-	-	-	-	-	-
GCA_025336805.1_GCA_025336805.1_ASM2533680v1	GCA_025336805.1_GCA_025336805.1_ASM2533680v1_uncompressed	chromosome	-	-	JAODFU010000337.1 Escherichia coli strain Q0169 NODE_339_length_203_cov_18.195946, whole genome shotgun sequence	203	0.46798029556650245	64e246f87f85b4ed609ee5c7ade0232f	incomplete	-	-	-	-	-	-	-	-	-	-	-	-	-	-	-
GCA_025336805.1_GCA_025336805.1_ASM2533680v1	GCA_025336805.1_GCA_025336805.1_ASM2533680v1_uncompressed	chromosome	-	-	JAODFU010000338.1 Escherichia coli strain Q0169 NODE_340_length_202_cov_34.578231, whole genome shotgun sequence	202	0.5247524752475248	9c1c726149f5446db1019f1dd80b34b1	incomplete	-	-	-	-	-	-	-	-	-	-	-	-	-	-	-
GCA_025336805.1_GCA_025336805.1_ASM2533680v1	GCA_025336805.1_GCA_025336805.1_ASM2533680v1_uncompressed	chromosome	-	-	JAODFU010000339.1 Escherichia coli strain Q0169 NODE_341_length_202_cov_25.047619, whole genome shotgun sequence	202	0.5297029702970297	f64d7eedfd29746455768cb3da97b4ee	incomplete	-	-	-	-	-	-	-	-	-	-	-	-	-	-	-
GCA_025336805.1_GCA_025336805.1_ASM2533680v1	GCA_025336805.1_GCA_025336805.1_ASM2533680v1_uncompressed	chromosome	-	-	JAODFU010000340.1 Escherichia coli strain Q0169 NODE_342_length_202_cov_22.823129, whole genome shotgun sequence	202	0.5297029702970297	ca99b69dcac07c7661a07a27605b1509	incomplete	-	-	-	-	-	-	-	-	-	-	-	-	-	-	-
GCA_025336805.1_GCA_025336805.1_ASM2533680v1	GCA_025336805.1_GCA_025336805.1_ASM2533680v1_uncompressed	chromosome	-	-	JAODFU010000341.1 Escherichia coli strain Q0169 NODE_343_length_202_cov_14.482993, whole genome shotgun sequence	202	0.3069306930693069	b79e2b1eef4cbaa6d10d98678e6ca4f3	incomplete	-	-	-	-	-	-	-	-	-	-	-	-	-	-	-
GCA_025336805.1_GCA_025336805.1_ASM2533680v1	GCA_025336805.1_GCA_025336805.1_ASM2533680v1_uncompressed	chromosome	-	-	JAODFU010000342.1 Escherichia coli strain Q0169 NODE_344_length_201_cov_21.458904, whole genome shotgun sequence	201	0.5074626865671642	d78a942266961fcb98d872f8f158a622	incomplete	-	-	-	-	-	-	-	-	-	-	-	-	-	-	-
GCA_025336805.1_GCA_025336805.1_ASM2533680v1	GCA_025336805.1_GCA_025336805.1_ASM2533680v1_uncompressed	chromosome	-	-	JAODFU010000343.1 Escherichia coli strain Q0169 NODE_345_length_201_cov_17.376712, whole genome shotgun sequence	201	0.5870646766169154	1e4007bb050bbb3cd0a3c3b8b4166493	incomplete	-	-	-	-	-	-	-	-	-	-	-	-	-	-	-
GCA_025336825.1_GCA_025336825.1_ASM2533682v1	GCA_025336825.1_GCA_025336825.1_ASM2533682v1_uncompressed	chromosome	-	-	JAODFT010000001.1 Escherichia coli strain Q0170 NODE_1_length_887825_cov_4.581220, whole genome shotgun sequence	887825	0.5010818573480134	0a72d638d1d55bfbb2e9128cbb28db6a	incomplete	-	-	-	-	MPF_T,MPF_T,MPF_T	NC_010726_00014,NC_005814_00013,NC_010726_00011	-	-	-	-	-	-	-	-	-
GCA_025336825.1_GCA_025336825.1_ASM2533682v1	GCA_025336825.1_GCA_025336825.1_ASM2533682v1_uncompressed	chromosome	-	-	JAODFT010000002.1 Escherichia coli strain Q0170 NODE_2_length_644921_cov_4.994519, whole genome shotgun sequence	644921	0.5123743838392609	dc498cdab56a7b158e53f8d8e8c4f092	incomplete	-	-	-	-	-	-	-	-	-	-	-	-	-	-	-
GCA_025336825.1_GCA_025336825.1_ASM2533682v1	GCA_025336825.1_GCA_025336825.1_ASM2533682v1_uncompressed	chromosome	-	-	JAODFT010000003.1 Escherichia coli strain Q0170 NODE_3_length_479650_cov_4.608874, whole genome shotgun sequence	479650	0.5103346189930157	56e7802aa34b4b89a3074746acfaf268	incomplete	-	-	-	-	-	-	-	-	-	-	-	-	-	-	-
GCA_025336825.1_GCA_025336825.1_ASM2533682v1	GCA_025336825.1_GCA_025336825.1_ASM2533682v1_uncompressed	chromosome	-	-	JAODFT010000004.1 Escherichia coli strain Q0170 NODE_4_length_391649_cov_5.099690, whole genome shotgun sequence	391649	0.5143840530679256	a0d09f0989e0da063fbf05c842349a81	incomplete	-	-	-	-	-	-	-	-	-	-	-	-	-	-	-
GCA_025336825.1_GCA_025336825.1_ASM2533682v1	GCA_025336825.1_GCA_025336825.1_ASM2533682v1_uncompressed	chromosome	-	-	JAODFT010000005.1 Escherichia coli strain Q0170 NODE_5_length_354723_cov_4.320531, whole genome shotgun sequence	354723	0.49754597249121146	9fca94a1c03cbf1519dbf1ec72505ef5	incomplete	-	-	-	-	-	-	-	-	-	-	-	-	-	-	-
GCA_025336825.1_GCA_025336825.1_ASM2533682v1	GCA_025336825.1_GCA_025336825.1_ASM2533682v1_uncompressed	chromosome	-	-	JAODFT010000006.1 Escherichia coli strain Q0170 NODE_6_length_352397_cov_5.304570, whole genome shotgun sequence	352397	0.5015324370637011	1184b1e313da0c36e1f54e2ab5de2635	incomplete	-	-	-	-	-	-	-	-	-	-	-	-	-	-	-
GCA_025336825.1_GCA_025336825.1_ASM2533682v1	GCA_025336825.1_GCA_025336825.1_ASM2533682v1_uncompressed	chromosome	-	-	JAODFT010000007.1 Escherichia coli strain Q0170 NODE_7_length_297999_cov_4.704497, whole genome shotgun sequence	297999	0.49202849673992194	708098c58fb64c548f539847e89746cf	incomplete	-	-	-	-	-	-	-	-	-	-	-	-	-	-	-
GCA_025336825.1_GCA_025336825.1_ASM2533682v1	GCA_025336825.1_GCA_025336825.1_ASM2533682v1_uncompressed	chromosome	-	-	JAODFT010000008.1 Escherichia coli strain Q0170 NODE_8_length_261145_cov_4.155817, whole genome shotgun sequence	261145	0.5104750234544028	9de7ce3b53de5d6c00570f8f9a9ce4b0	incomplete	-	-	-	-	-	-	-	-	-	-	-	-	-	-	-
GCA_025336825.1_GCA_025336825.1_ASM2533682v1	GCA_025336825.1_GCA_025336825.1_ASM2533682v1_uncompressed	chromosome	-	-	JAODFT010000009.1 Escherichia coli strain Q0170 NODE_9_length_213728_cov_4.166769, whole genome shotgun sequence	213728	0.5111777586465039	292742727c1b006b0b708b5e7583bbfa	incomplete	-	-	-	-	-	-	-	-	-	-	-	-	-	-	-
GCA_025336825.1_GCA_025336825.1_ASM2533682v1	GCA_025336825.1_GCA_025336825.1_ASM2533682v1_uncompressed	chromosome	-	-	JAODFT010000010.1 Escherichia coli strain Q0170 NODE_10_length_175674_cov_4.579537, whole genome shotgun sequence	175674	0.48527955189726424	aaf1c4fcb396241997ae7cb8a18de190	incomplete	-	-	-	-	-	-	-	-	-	-	-	-	-	-	-
GCA_025336825.1_GCA_025336825.1_ASM2533682v1	GCA_025336825.1_GCA_025336825.1_ASM2533682v1_uncompressed	chromosome	-	-	JAODFT010000011.1 Escherichia coli strain Q0170 NODE_11_length_142510_cov_4.270601, whole genome shotgun sequence	142510	0.5067995228405024	63595e931956e6f31a4ac4d54c7a48f9	incomplete	-	-	-	-	-	-	-	-	-	-	-	-	-	-	-
GCA_025336825.1_GCA_025336825.1_ASM2533682v1	GCA_025336825.1_GCA_025336825.1_ASM2533682v1_uncompressed	chromosome	-	-	JAODFT010000012.1 Escherichia coli strain Q0170 NODE_12_length_120541_cov_4.699678, whole genome shotgun sequence	120541	0.5157664197244092	17d2305184fc1ad3740d736a431f00f1	incomplete	-	-	-	-	-	-	-	-	-	-	-	-	-	-	-
GCA_025336825.1_GCA_025336825.1_ASM2533682v1	GCA_025336825.1_GCA_025336825.1_ASM2533682v1_uncompressed	chromosome	-	-	JAODFT010000013.1 Escherichia coli strain Q0170 NODE_13_length_107239_cov_5.479386, whole genome shotgun sequence	107239	0.5116795195777656	293fd686d2fc5c24137bc3a9ac008356	incomplete	-	-	-	-	-	-	-	-	-	-	-	-	-	-	-
GCA_025336825.1_GCA_025336825.1_ASM2533682v1	GCA_025336825.1_GCA_025336825.1_ASM2533682v1_uncompressed	chromosome	-	-	JAODFT010000014.1 Escherichia coli strain Q0170 NODE_14_length_101424_cov_4.797398, whole genome shotgun sequence	101424	0.5007493295472472	5c93e933009372a167dc01b5b4894625	incomplete	-	-	-	-	-	-	-	-	-	-	-	-	-	-	-
GCA_025336825.1_GCA_025336825.1_ASM2533682v1	GCA_025336825.1_GCA_025336825.1_ASM2533682v1_uncompressed	chromosome	-	-	JAODFT010000015.1 Escherichia coli strain Q0170 NODE_15_length_97620_cov_4.113875, whole genome shotgun sequence	97620	0.51379840196681	7eb8fb73a9f6abaa196c63cfa37911e9	incomplete	-	-	-	-	-	-	-	-	-	-	-	-	-	-	-
GCA_025336825.1_GCA_025336825.1_ASM2533682v1	GCA_025336825.1_GCA_025336825.1_ASM2533682v1_uncompressed	plasmid	AA319	-	JAODFT010000016.1 Escherichia coli strain Q0170 NODE_16_length_88560_cov_8.871021, whole genome shotgun sequence	88560	0.5174683830171635	2b0eceed25e5db6e2db7871a2ce5b116	incomplete	IncFIB,IncQ1,rep_cluster_2244	000095__NZ_CP014273_00094,000195__NC_013728_00014,CP033091_00053	MOBF,MOBP	CP008715_00128,NC_021819_00066	MPF_F	NC_010409_00124	-	-	-	KU932025	0.0267335	Escherichia coli	-	-	-
GCA_025336825.1_GCA_025336825.1_ASM2533682v1	GCA_025336825.1_GCA_025336825.1_ASM2533682v1_uncompressed	plasmid	AB002	-	JAODFT010000017.1 Escherichia coli strain Q0170 NODE_17_length_87791_cov_3.932469, whole genome shotgun sequence	87791	0.47819252542971374	dbdbd1051de5a01e6aea3c1979e2c1ff	incomplete	rep_cluster_1704	001113__CP011430_00070	-	-	-	-	-	-	-	CP027309	0.030677	Escherichia coli	-	-	-
GCA_025336825.1_GCA_025336825.1_ASM2533682v1	GCA_025336825.1_GCA_025336825.1_ASM2533682v1_uncompressed	plasmid	AA372	AI350	JAODFT010000018.1 Escherichia coli strain Q0170 NODE_18_length_66451_cov_3.600069, whole genome shotgun sequence	66451	0.4294593008382116	a556ffe46ef40a668b405d64615f5535	incomplete	IncI2	000147__CP006264_00003	MOBP	MF175187_00027	MPF_T,MPF_T,MPF_T,MPF_T,MPF_T	NC_020270_00058,NC_019039_00051,NC_019039_00052,NC_020270_00063,NC_019039_00065	-	-	-	KU761326	0.00445566	Escherichia coli	-	-	-
GCA_025336825.1_GCA_025336825.1_ASM2533682v1	GCA_025336825.1_GCA_025336825.1_ASM2533682v1_uncompressed	chromosome	-	-	JAODFT010000019.1 Escherichia coli strain Q0170 NODE_19_length_57507_cov_4.482572, whole genome shotgun sequence	57507	0.48766237153737807	eb7969a9f10498b2bb72dd4c65f83baa	incomplete	-	-	-	-	-	-	-	-	-	-	-	-	-	-	-
GCA_025336825.1_GCA_025336825.1_ASM2533682v1	GCA_025336825.1_GCA_025336825.1_ASM2533682v1_uncompressed	chromosome	-	-	JAODFT010000020.1 Escherichia coli strain Q0170 NODE_20_length_32985_cov_3.900116, whole genome shotgun sequence	32985	0.5346672730028801	f4ab1502864b442f898ad726f40f9f0e	incomplete	-	-	-	-	-	-	-	-	-	-	-	-	-	-	-
GCA_025336825.1_GCA_025336825.1_ASM2533682v1	GCA_025336825.1_GCA_025336825.1_ASM2533682v1_uncompressed	chromosome	-	-	JAODFT010000021.1 Escherichia coli strain Q0170 NODE_21_length_25498_cov_4.874069, whole genome shotgun sequence	25498	0.5266007532956686	4a0eace32b8dcad1b703ce1127312ef1	incomplete	-	-	-	-	-	-	-	-	-	-	-	-	-	-	-
GCA_025336825.1_GCA_025336825.1_ASM2533682v1	GCA_025336825.1_GCA_025336825.1_ASM2533682v1_uncompressed	chromosome	-	-	JAODFT010000022.1 Escherichia coli strain Q0170 NODE_22_length_22814_cov_3.256138, whole genome shotgun sequence	22814	0.5395371263259402	65b67c26296f8289870b6c00a096aa6f	incomplete	-	-	-	-	-	-	-	-	-	-	-	-	-	-	-
GCA_025336825.1_GCA_025336825.1_ASM2533682v1	GCA_025336825.1_GCA_025336825.1_ASM2533682v1_uncompressed	chromosome	-	-	JAODFT010000023.1 Escherichia coli strain Q0170 NODE_23_length_16706_cov_4.124193, whole genome shotgun sequence	16706	0.5144259547467975	69d5eb3faef5853b696011c8ed21bbbf	incomplete	-	-	-	-	-	-	-	-	-	-	-	-	-	-	-
GCA_025336825.1_GCA_025336825.1_ASM2533682v1	GCA_025336825.1_GCA_025336825.1_ASM2533682v1_uncompressed	chromosome	-	-	JAODFT010000024.1 Escherichia coli strain Q0170 NODE_24_length_14374_cov_3.859128, whole genome shotgun sequence	14374	0.5114094893557812	f608970a0ebb6950872c9e94b939a81d	incomplete	-	-	-	-	-	-	-	-	-	-	-	-	-	-	-
GCA_025336825.1_GCA_025336825.1_ASM2533682v1	GCA_025336825.1_GCA_025336825.1_ASM2533682v1_uncompressed	chromosome	-	-	JAODFT010000025.1 Escherichia coli strain Q0170 NODE_25_length_9190_cov_4.489132, whole genome shotgun sequence	9190	0.5075081610446137	025eacc931dcf46cd8772fc8d7d49255	incomplete	-	-	-	-	-	-	-	-	-	-	-	-	-	-	-
GCA_025336825.1_GCA_025336825.1_ASM2533682v1	GCA_025336825.1_GCA_025336825.1_ASM2533682v1_uncompressed	chromosome	-	-	JAODFT010000026.1 Escherichia coli strain Q0170 NODE_26_length_3158_cov_3.486758, whole genome shotgun sequence	3158	0.43666877770740975	6fab0721d05e3ef840ce090219b06605	incomplete	-	-	-	-	-	-	-	-	-	-	-	-	-	-	-
GCA_025336825.1_GCA_025336825.1_ASM2533682v1	GCA_025336825.1_GCA_025336825.1_ASM2533682v1_uncompressed	chromosome	-	-	JAODFT010000027.1 Escherichia coli strain Q0170 NODE_27_length_2187_cov_3.923301, whole genome shotgun sequence	2187	0.4151806127114769	bc93bfa07fa3fba67431d9ea1d9d6490	incomplete	-	-	-	-	-	-	-	-	-	-	-	-	-	-	-
GCA_025336825.1_GCA_025336825.1_ASM2533682v1	GCA_025336825.1_GCA_025336825.1_ASM2533682v1_uncompressed	plasmid	AA372	AI350	JAODFT010000028.1 Escherichia coli strain Q0170 NODE_28_length_1916_cov_4.058737, whole genome shotgun sequence	1916	0.4900835073068894	60b6e60f72abb34ab4eccfc598ef34c1	incomplete	-	-	-	-	-	-	-	-	-	KU761326	0.00445566	Escherichia coli	HQ840942	ISSod9	repetitve element
GCA_025336825.1_GCA_025336825.1_ASM2533682v1	GCA_025336825.1_GCA_025336825.1_ASM2533682v1_uncompressed	chromosome	-	-	JAODFT010000029.1 Escherichia coli strain Q0170 NODE_29_length_851_cov_0.890884, whole genome shotgun sequence	851	0.5828437132784959	4fd60940e8e3482dc3c64b841e6d76e3	incomplete	-	-	-	-	-	-	-	-	-	-	-	-	-	-	-
GCA_025336825.1_GCA_025336825.1_ASM2533682v1	GCA_025336825.1_GCA_025336825.1_ASM2533682v1_uncompressed	chromosome	-	-	JAODFT010000030.1 Escherichia coli strain Q0170 NODE_30_length_795_cov_1.452096, whole genome shotgun sequence	795	0.4779874213836478	eb38abe54a5db9a1354317665020ac10	incomplete	-	-	-	-	-	-	-	-	-	-	-	-	-	-	-
GCA_025336825.1_GCA_025336825.1_ASM2533682v1	GCA_025336825.1_GCA_025336825.1_ASM2533682v1_uncompressed	chromosome	-	-	JAODFT010000031.1 Escherichia coli strain Q0170 NODE_31_length_790_cov_2.523379, whole genome shotgun sequence	790	0.5506329113924051	76f436988d8ffe709348488faad58694	incomplete	-	-	-	-	-	-	-	-	-	-	-	-	-	-	-
GCA_025336825.1_GCA_025336825.1_ASM2533682v1	GCA_025336825.1_GCA_025336825.1_ASM2533682v1_uncompressed	chromosome	-	-	JAODFT010000032.1 Escherichia coli strain Q0170 NODE_32_length_760_cov_3.982622, whole genome shotgun sequence	760	0.4763157894736842	4e4a822342d57723237d7156bd94f2a4	incomplete	-	-	-	-	-	-	-	-	-	-	-	-	-	-	-
GCA_025336825.1_GCA_025336825.1_ASM2533682v1	GCA_025336825.1_GCA_025336825.1_ASM2533682v1_uncompressed	chromosome	-	-	JAODFT010000033.1 Escherichia coli strain Q0170 NODE_33_length_754_cov_7.052632, whole genome shotgun sequence	754	0.506631299734748	6b806161d31322936031652f37c3d523	incomplete	-	-	-	-	-	-	-	-	-	-	-	-	-	-	-
GCA_025336825.1_GCA_025336825.1_ASM2533682v1	GCA_025336825.1_GCA_025336825.1_ASM2533682v1_uncompressed	chromosome	-	-	JAODFT010000034.1 Escherichia coli strain Q0170 NODE_34_length_679_cov_7.056159, whole genome shotgun sequence	679	0.5272459499263623	ab336922bc17b3a1b1d2532a0cf48b09	incomplete	-	-	-	-	-	-	-	-	-	-	-	-	-	-	-
GCA_025336825.1_GCA_025336825.1_ASM2533682v1	GCA_025336825.1_GCA_025336825.1_ASM2533682v1_uncompressed	chromosome	-	-	JAODFT010000035.1 Escherichia coli strain Q0170 NODE_35_length_671_cov_5.852941, whole genome shotgun sequence	671	0.5096870342771982	26aa4b78de38db2c80a36b85d005e612	incomplete	-	-	-	-	-	-	-	-	-	-	-	-	-	-	-
GCA_025336825.1_GCA_025336825.1_ASM2533682v1	GCA_025336825.1_GCA_025336825.1_ASM2533682v1_uncompressed	chromosome	-	-	JAODFT010000036.1 Escherichia coli strain Q0170 NODE_36_length_670_cov_3.482505, whole genome shotgun sequence	670	0.5343283582089552	3f191945984427e208053409ab7b629a	incomplete	-	-	-	-	-	-	-	-	-	-	-	-	-	-	-
GCA_025336825.1_GCA_025336825.1_ASM2533682v1	GCA_025336825.1_GCA_025336825.1_ASM2533682v1_uncompressed	chromosome	-	-	JAODFT010000037.1 Escherichia coli strain Q0170 NODE_37_length_637_cov_1.333333, whole genome shotgun sequence	637	0.32653061224489793	d288b730a470e7f618d59950eb3365af	incomplete	-	-	-	-	-	-	-	-	-	-	-	-	-	-	-
GCA_025336825.1_GCA_025336825.1_ASM2533682v1	GCA_025336825.1_GCA_025336825.1_ASM2533682v1_uncompressed	chromosome	-	-	JAODFT010000038.1 Escherichia coli strain Q0170 NODE_38_length_533_cov_3.492611, whole genome shotgun sequence	533	0.450281425891182	eaed2637a662c797fbb6c50776043b53	incomplete	-	-	-	-	-	-	-	-	-	-	-	-	-	-	-
GCA_025336825.1_GCA_025336825.1_ASM2533682v1	GCA_025336825.1_GCA_025336825.1_ASM2533682v1_uncompressed	chromosome	-	-	JAODFT010000039.1 Escherichia coli strain Q0170 NODE_39_length_477_cov_0.705714, whole genome shotgun sequence	477	0.5870020964360587	4823b2e76967c57b6562279fb0749058	incomplete	-	-	-	-	-	-	-	-	-	-	-	-	-	-	-
GCA_025336825.1_GCA_025336825.1_ASM2533682v1	GCA_025336825.1_GCA_025336825.1_ASM2533682v1_uncompressed	chromosome	-	-	JAODFT010000040.1 Escherichia coli strain Q0170 NODE_43_length_451_cov_0.672840, whole genome shotgun sequence	451	0.6807095343680709	0f56e0a84ac10bd904011ba1f48bb008	incomplete	-	-	-	-	-	-	-	-	-	-	-	-	-	-	-
GCA_025336825.1_GCA_025336825.1_ASM2533682v1	GCA_025336825.1_GCA_025336825.1_ASM2533682v1_uncompressed	chromosome	-	-	JAODFT010000041.1 Escherichia coli strain Q0170 NODE_44_length_441_cov_0.662420, whole genome shotgun sequence	441	0.5510204081632653	cbce500dd3f524abb5409cc203aee530	incomplete	-	-	-	-	-	-	-	-	-	-	-	-	-	-	-
GCA_025336825.1_GCA_025336825.1_ASM2533682v1	GCA_025336825.1_GCA_025336825.1_ASM2533682v1_uncompressed	chromosome	-	-	JAODFT010000042.1 Escherichia coli strain Q0170 NODE_46_length_428_cov_1.215947, whole genome shotgun sequence	428	0.6051401869158879	8d912a8f82d7f949ba201c761aeea41b	incomplete	-	-	-	-	-	-	-	-	-	-	-	-	-	-	-
GCA_025336825.1_GCA_025336825.1_ASM2533682v1	GCA_025336825.1_GCA_025336825.1_ASM2533682v1_uncompressed	chromosome	-	-	JAODFT010000043.1 Escherichia coli strain Q0170 NODE_48_length_406_cov_0.756272, whole genome shotgun sequence	406	0.6600985221674877	907390c0294bad5dbb82aeed3f67f24d	incomplete	-	-	-	-	-	-	-	-	-	-	-	-	-	-	-
GCA_025336825.1_GCA_025336825.1_ASM2533682v1	GCA_025336825.1_GCA_025336825.1_ASM2533682v1_uncompressed	chromosome	-	-	JAODFT010000044.1 Escherichia coli strain Q0170 NODE_49_length_403_cov_0.873188, whole genome shotgun sequence	403	0.5732009925558312	c9cebc91569920daa7cdea62ac8d3556	incomplete	-	-	-	-	-	-	-	-	-	-	-	-	-	-	-
GCA_025336825.1_GCA_025336825.1_ASM2533682v1	GCA_025336825.1_GCA_025336825.1_ASM2533682v1_uncompressed	chromosome	-	-	JAODFT010000045.1 Escherichia coli strain Q0170 NODE_50_length_393_cov_0.932331, whole genome shotgun sequence	393	0.5521628498727735	3c3ed09401a600b88e0de6d28cd1e943	incomplete	-	-	-	-	-	-	-	-	-	-	-	-	-	-	-
GCA_025336825.1_GCA_025336825.1_ASM2533682v1	GCA_025336825.1_GCA_025336825.1_ASM2533682v1_uncompressed	chromosome	-	-	JAODFT010000046.1 Escherichia coli strain Q0170 NODE_51_length_382_cov_0.972549, whole genome shotgun sequence	382	0.6282722513089005	ea3cd96d6b7ef894cfd489f222c8f659	incomplete	-	-	-	-	-	-	-	-	-	-	-	-	-	-	-
GCA_025336825.1_GCA_025336825.1_ASM2533682v1	GCA_025336825.1_GCA_025336825.1_ASM2533682v1_uncompressed	chromosome	-	-	JAODFT010000047.1 Escherichia coli strain Q0170 NODE_52_length_333_cov_4.291262, whole genome shotgun sequence	333	0.5135135135135135	6b87ccd70470b23ede23b424bcf84e53	incomplete	-	-	-	-	-	-	-	-	-	-	-	-	-	-	-
GCA_025336825.1_GCA_025336825.1_ASM2533682v1	GCA_025336825.1_GCA_025336825.1_ASM2533682v1_uncompressed	chromosome	-	-	JAODFT010000048.1 Escherichia coli strain Q0170 NODE_53_length_265_cov_6.297101, whole genome shotgun sequence	265	0.49056603773584906	d306c20ed01a3efcbf7321ad2ce7ab8e	incomplete	-	-	-	-	-	-	-	-	-	-	-	-	-	-	-
GCA_025336825.1_GCA_025336825.1_ASM2533682v1	GCA_025336825.1_GCA_025336825.1_ASM2533682v1_uncompressed	chromosome	-	-	JAODFT010000049.1 Escherichia coli strain Q0170 NODE_54_length_249_cov_1.934426, whole genome shotgun sequence	249	0.4899598393574297	728ecaabca2ce109d3dd6d87a0723800	incomplete	-	-	-	-	-	-	-	-	-	-	-	-	-	-	-
GCA_034465125.1_GCA_034465125.1_PDT002034360.1	GCA_034465125.1_GCA_034465125.1_PDT002034360.1_uncompressed	chromosome	-	-	DASMXT010000001.1 TPA_asm: Escherichia coli strain R2745-Af49 SAMN36943049-rid20615513.denovo.001, whole genome shotgun sequence	331419	0.49729798231242023	706627be0594805ea592e55ab9d31703	incomplete	-	-	-	-	-	-	-	-	-	-	-	-	-	-	-
GCA_034465125.1_GCA_034465125.1_PDT002034360.1	GCA_034465125.1_GCA_034465125.1_PDT002034360.1_uncompressed	chromosome	-	-	DASMXT010000002.1 TPA_asm: Escherichia coli strain R2745-Af49 SAMN36943049-rid20615513.denovo.002, whole genome shotgun sequence	213510	0.5082431736218445	060f08b7b1f77b0c5b469955e3d3f893	incomplete	-	-	-	-	-	-	-	-	-	-	-	-	-	-	-
GCA_034465125.1_GCA_034465125.1_PDT002034360.1	GCA_034465125.1_GCA_034465125.1_PDT002034360.1_uncompressed	chromosome	-	-	DASMXT010000003.1 TPA_asm: Escherichia coli strain R2745-Af49 SAMN36943049-rid20615513.denovo.003, whole genome shotgun sequence	207285	0.5222857418530044	a59369044deff0821feff66d5b1aaf0c	incomplete	-	-	-	-	-	-	-	-	-	-	-	-	-	-	-
GCA_034465125.1_GCA_034465125.1_PDT002034360.1	GCA_034465125.1_GCA_034465125.1_PDT002034360.1_uncompressed	chromosome	-	-	DASMXT010000004.1 TPA_asm: Escherichia coli strain R2745-Af49 SAMN36943049-rid20615513.denovo.004, whole genome shotgun sequence	194580	0.51462123548155	1c789611832e37926f5cd4521c32858b	incomplete	-	-	-	-	-	-	-	-	-	-	-	-	-	-	-
GCA_034465125.1_GCA_034465125.1_PDT002034360.1	GCA_034465125.1_GCA_034465125.1_PDT002034360.1_uncompressed	chromosome	-	-	DASMXT010000005.1 TPA_asm: Escherichia coli strain R2745-Af49 SAMN36943049-rid20615513.denovo.005, whole genome shotgun sequence	171651	0.4978415505881119	e363db252a83a0c6ce13eff3461031ef	incomplete	-	-	-	-	-	-	-	-	-	-	-	-	-	-	-
GCA_034465125.1_GCA_034465125.1_PDT002034360.1	GCA_034465125.1_GCA_034465125.1_PDT002034360.1_uncompressed	chromosome	-	-	DASMXT010000006.1 TPA_asm: Escherichia coli strain R2745-Af49 SAMN36943049-rid20615513.denovo.006, whole genome shotgun sequence	156755	0.5196835826608401	76cc3dc9a21c0ce58a7719214ddbad5d	incomplete	-	-	-	-	-	-	-	-	-	-	-	-	-	-	-
GCA_034465125.1_GCA_034465125.1_PDT002034360.1	GCA_034465125.1_GCA_034465125.1_PDT002034360.1_uncompressed	chromosome	-	-	DASMXT010000007.1 TPA_asm: Escherichia coli strain R2745-Af49 SAMN36943049-rid20615513.denovo.007, whole genome shotgun sequence	153500	0.4993941368078176	dfc0c910f0d9f0fd316d4edddc37bd61	incomplete	-	-	-	-	-	-	-	-	-	-	-	-	-	-	-
GCA_034465125.1_GCA_034465125.1_PDT002034360.1	GCA_034465125.1_GCA_034465125.1_PDT002034360.1_uncompressed	chromosome	-	-	DASMXT010000008.1 TPA_asm: Escherichia coli strain R2745-Af49 SAMN36943049-rid20615513.denovo.008, whole genome shotgun sequence	152000	0.5249802631578947	32ce34fce8817131e2c7f4fc2a27c85d	incomplete	-	-	-	-	-	-	-	-	-	-	-	-	-	-	-
GCA_034465125.1_GCA_034465125.1_PDT002034360.1	GCA_034465125.1_GCA_034465125.1_PDT002034360.1_uncompressed	chromosome	-	-	DASMXT010000009.1 TPA_asm: Escherichia coli strain R2745-Af49 SAMN36943049-rid20615513.denovo.009, whole genome shotgun sequence	144458	0.4954242755679852	63fa52cdd20ce65e7fbd9ae81a8827a6	incomplete	-	-	-	-	-	-	-	-	-	-	-	-	-	-	-
GCA_034465125.1_GCA_034465125.1_PDT002034360.1	GCA_034465125.1_GCA_034465125.1_PDT002034360.1_uncompressed	chromosome	-	-	DASMXT010000010.1 TPA_asm: Escherichia coli strain R2745-Af49 SAMN36943049-rid20615513.denovo.010, whole genome shotgun sequence	116780	0.5192841239938346	79b52e86f189d2762202edd85051c469	incomplete	-	-	-	-	-	-	-	-	-	-	-	-	-	-	-
GCA_034465125.1_GCA_034465125.1_PDT002034360.1	GCA_034465125.1_GCA_034465125.1_PDT002034360.1_uncompressed	chromosome	-	-	DASMXT010000011.1 TPA_asm: Escherichia coli strain R2745-Af49 SAMN36943049-rid20615513.denovo.011, whole genome shotgun sequence	107875	0.5029710312862109	64991c81e47dcc5825521412b3b5b289	incomplete	-	-	-	-	-	-	-	-	-	-	-	-	-	-	-
GCA_034465125.1_GCA_034465125.1_PDT002034360.1	GCA_034465125.1_GCA_034465125.1_PDT002034360.1_uncompressed	chromosome	-	-	DASMXT010000012.1 TPA_asm: Escherichia coli strain R2745-Af49 SAMN36943049-rid20615513.denovo.012, whole genome shotgun sequence	106085	0.5105999905735966	01739f27d4c9067b1e8d9f6d5e7f2c68	incomplete	-	-	-	-	-	-	-	-	-	-	-	-	-	-	-
GCA_034465125.1_GCA_034465125.1_PDT002034360.1	GCA_034465125.1_GCA_034465125.1_PDT002034360.1_uncompressed	chromosome	-	-	DASMXT010000013.1 TPA_asm: Escherichia coli strain R2745-Af49 SAMN36943049-rid20615513.denovo.013, whole genome shotgun sequence	102256	0.508341808793616	d5c0cc49b670ace2e65e8023269c39a5	incomplete	-	-	-	-	-	-	-	-	-	-	-	-	-	-	-
GCA_034465125.1_GCA_034465125.1_PDT002034360.1	GCA_034465125.1_GCA_034465125.1_PDT002034360.1_uncompressed	chromosome	-	-	DASMXT010000014.1 TPA_asm: Escherichia coli strain R2745-Af49 SAMN36943049-rid20615513.denovo.014, whole genome shotgun sequence	90195	0.49557070791063806	4e6874778f25ed6ffb77a2e502f5c90d	incomplete	-	-	-	-	-	-	-	-	-	-	-	-	-	-	-
GCA_034465125.1_GCA_034465125.1_PDT002034360.1	GCA_034465125.1_GCA_034465125.1_PDT002034360.1_uncompressed	chromosome	-	-	DASMXT010000015.1 TPA_asm: Escherichia coli strain R2745-Af49 SAMN36943049-rid20615513.denovo.015, whole genome shotgun sequence	88464	0.5144691625972146	81d6ca652865e818be6f3f8616617570	incomplete	-	-	-	-	-	-	-	-	-	-	-	-	-	-	-
GCA_034465125.1_GCA_034465125.1_PDT002034360.1	GCA_034465125.1_GCA_034465125.1_PDT002034360.1_uncompressed	chromosome	-	-	DASMXT010000016.1 TPA_asm: Escherichia coli strain R2745-Af49 SAMN36943049-rid20615513.denovo.016, whole genome shotgun sequence	88314	0.5256697692325113	5486430b1c72a5e7362e39cf9c723e3d	incomplete	-	-	-	-	-	-	-	-	-	-	-	-	-	-	-
GCA_034465125.1_GCA_034465125.1_PDT002034360.1	GCA_034465125.1_GCA_034465125.1_PDT002034360.1_uncompressed	plasmid	AA738	AJ045	DASMXT010000017.1 TPA_asm: Escherichia coli strain R2745-Af49 SAMN36943049-rid20615513.denovo.017, whole genome shotgun sequence	87986	0.44582092605641804	dfba55be725769cd0d3afc3c996e4e19	incomplete	rep_cluster_1088	000340__KU353730	-	-	MPF_F,MPF_F	NC_005211_00030,NC_021845_00017	-	-	-	MG014722	0.00932572	Escherichia coli	-	-	-
GCA_034465125.1_GCA_034465125.1_PDT002034360.1	GCA_034465125.1_GCA_034465125.1_PDT002034360.1_uncompressed	chromosome	-	-	DASMXT010000018.1 TPA_asm: Escherichia coli strain R2745-Af49 SAMN36943049-rid20615513.denovo.018, whole genome shotgun sequence	87985	0.5183156219810194	2ab2f42fb4fe15ea86354f1b9e63ae46	incomplete	-	-	-	-	-	-	-	-	-	-	-	-	-	-	-
GCA_034465125.1_GCA_034465125.1_PDT002034360.1	GCA_034465125.1_GCA_034465125.1_PDT002034360.1_uncompressed	chromosome	-	-	DASMXT010000019.1 TPA_asm: Escherichia coli strain R2745-Af49 SAMN36943049-rid20615513.denovo.019, whole genome shotgun sequence	83445	0.5066690634549703	f5fd43e03b1a9e9b78171e58bffc0d1a	incomplete	-	-	-	-	-	-	-	-	-	-	-	-	-	-	-
GCA_034465125.1_GCA_034465125.1_PDT002034360.1	GCA_034465125.1_GCA_034465125.1_PDT002034360.1_uncompressed	chromosome	-	-	DASMXT010000020.1 TPA_asm: Escherichia coli strain R2745-Af49 SAMN36943049-rid20615513.denovo.020, whole genome shotgun sequence	75562	0.49040523014213494	f6f8176fb0dfefe4039f0bbc45228323	incomplete	-	-	-	-	-	-	-	-	-	-	-	-	-	-	-
GCA_034465125.1_GCA_034465125.1_PDT002034360.1	GCA_034465125.1_GCA_034465125.1_PDT002034360.1_uncompressed	chromosome	-	-	DASMXT010000021.1 TPA_asm: Escherichia coli strain R2745-Af49 SAMN36943049-rid20615513.denovo.021, whole genome shotgun sequence	71522	0.5247755935236711	fc8d6d0647281fe49427c191beed595a	incomplete	-	-	-	-	-	-	-	-	-	-	-	-	-	-	-
GCA_034465125.1_GCA_034465125.1_PDT002034360.1	GCA_034465125.1_GCA_034465125.1_PDT002034360.1_uncompressed	chromosome	-	-	DASMXT010000022.1 TPA_asm: Escherichia coli strain R2745-Af49 SAMN36943049-rid20615513.denovo.022, whole genome shotgun sequence	67425	0.5236040044493883	9f15d6228eb2c7bb315c0b61dc953a1f	incomplete	-	-	-	-	-	-	-	-	-	-	-	-	-	-	-
GCA_034465125.1_GCA_034465125.1_PDT002034360.1	GCA_034465125.1_GCA_034465125.1_PDT002034360.1_uncompressed	chromosome	-	-	DASMXT010000023.1 TPA_asm: Escherichia coli strain R2745-Af49 SAMN36943049-rid20615513.denovo.023, whole genome shotgun sequence	66113	0.4991907794231089	adc318065200aa9fdeccff6a7e416ed6	incomplete	-	-	-	-	-	-	-	-	-	-	-	-	-	-	-
GCA_034465125.1_GCA_034465125.1_PDT002034360.1	GCA_034465125.1_GCA_034465125.1_PDT002034360.1_uncompressed	chromosome	-	-	DASMXT010000024.1 TPA_asm: Escherichia coli strain R2745-Af49 SAMN36943049-rid20615513.denovo.024, whole genome shotgun sequence	62504	0.46988992704466914	b6594ab807662dad07e38ee14c7fb3d0	incomplete	-	-	-	-	-	-	-	-	-	-	-	-	-	-	-
GCA_034465125.1_GCA_034465125.1_PDT002034360.1	GCA_034465125.1_GCA_034465125.1_PDT002034360.1_uncompressed	chromosome	-	-	DASMXT010000025.1 TPA_asm: Escherichia coli strain R2745-Af49 SAMN36943049-rid20615513.denovo.025, whole genome shotgun sequence	61236	0.5093572408387224	c1d6d71e95a857babc000cf98a31ea74	incomplete	-	-	-	-	-	-	-	-	-	-	-	-	-	-	-
GCA_034465125.1_GCA_034465125.1_PDT002034360.1	GCA_034465125.1_GCA_034465125.1_PDT002034360.1_uncompressed	chromosome	-	-	DASMXT010000026.1 TPA_asm: Escherichia coli strain R2745-Af49 SAMN36943049-rid20615513.denovo.026, whole genome shotgun sequence	60448	0.4960627316040233	346cfa13fb8352f857171f0c154092eb	incomplete	-	-	-	-	-	-	-	-	-	-	-	-	-	-	-
GCA_034465125.1_GCA_034465125.1_PDT002034360.1	GCA_034465125.1_GCA_034465125.1_PDT002034360.1_uncompressed	chromosome	-	-	DASMXT010000027.1 TPA_asm: Escherichia coli strain R2745-Af49 SAMN36943049-rid20615513.denovo.027, whole genome shotgun sequence	59462	0.47749823416635834	07fd551b2ea148134ecb35982e5ce773	incomplete	-	-	-	-	-	-	-	-	-	-	-	-	-	-	-
GCA_034465125.1_GCA_034465125.1_PDT002034360.1	GCA_034465125.1_GCA_034465125.1_PDT002034360.1_uncompressed	chromosome	-	-	DASMXT010000028.1 TPA_asm: Escherichia coli strain R2745-Af49 SAMN36943049-rid20615513.denovo.028, whole genome shotgun sequence	57381	0.4928634913995922	f63b1f70ad34736210e22668f3c5b00d	incomplete	-	-	-	-	-	-	-	-	-	-	-	-	-	-	-
GCA_034465125.1_GCA_034465125.1_PDT002034360.1	GCA_034465125.1_GCA_034465125.1_PDT002034360.1_uncompressed	chromosome	-	-	DASMXT010000029.1 TPA_asm: Escherichia coli strain R2745-Af49 SAMN36943049-rid20615513.denovo.029, whole genome shotgun sequence	55859	0.4962136808750604	b1881baa147181650267781ae749b80f	incomplete	-	-	-	-	-	-	-	-	-	-	-	-	-	-	-
GCA_034465125.1_GCA_034465125.1_PDT002034360.1	GCA_034465125.1_GCA_034465125.1_PDT002034360.1_uncompressed	chromosome	-	-	DASMXT010000030.1 TPA_asm: Escherichia coli strain R2745-Af49 SAMN36943049-rid20615513.denovo.030, whole genome shotgun sequence	54718	0.5230637084688767	b9ffbb4299566a13910e143f3abbc319	incomplete	-	-	-	-	-	-	-	-	-	-	-	-	-	-	-
GCA_034465125.1_GCA_034465125.1_PDT002034360.1	GCA_034465125.1_GCA_034465125.1_PDT002034360.1_uncompressed	chromosome	-	-	DASMXT010000031.1 TPA_asm: Escherichia coli strain R2745-Af49 SAMN36943049-rid20615513.denovo.031, whole genome shotgun sequence	51812	0.5134138809542191	f2ea7d850f8a38da4b2bc21378204c60	incomplete	-	-	-	-	-	-	-	-	-	-	-	-	-	-	-
GCA_034465125.1_GCA_034465125.1_PDT002034360.1	GCA_034465125.1_GCA_034465125.1_PDT002034360.1_uncompressed	plasmid	AA474	AI613	DASMXT010000032.1 TPA_asm: Escherichia coli strain R2745-Af49 SAMN36943049-rid20615513.denovo.032, whole genome shotgun sequence	51420	0.4922403733955659	bda12aa9b326f3d29955c9da8f699e00	incomplete	-	-	MOBP	NC_019097	MPF_I,MPF_I,MPF_I,MPF_I,MPF_I,MPF_I,MPF_I,MPF_I,MPF_I	NC_019097_00085,NZ_CM001473_00069,NC_022267_00069,NC_019097_00075,NC_015965_00072,NC_023290_00086,NC_019111_00038,NC_022267_00057,NC_019097_00056	MOBP	JN253636	-	CP029842	0.00305472	Salmonella enterica subsp. enterica serovar Typhimurium	-	-	-
GCA_034465125.1_GCA_034465125.1_PDT002034360.1	GCA_034465125.1_GCA_034465125.1_PDT002034360.1_uncompressed	chromosome	-	-	DASMXT010000033.1 TPA_asm: Escherichia coli strain R2745-Af49 SAMN36943049-rid20615513.denovo.033, whole genome shotgun sequence	48049	0.5000312181314908	e0a113474061717772d9457c7b6e5747	incomplete	-	-	-	-	-	-	-	-	-	-	-	-	-	-	-
GCA_034465125.1_GCA_034465125.1_PDT002034360.1	GCA_034465125.1_GCA_034465125.1_PDT002034360.1_uncompressed	chromosome	-	-	DASMXT010000034.1 TPA_asm: Escherichia coli strain R2745-Af49 SAMN36943049-rid20615513.denovo.034, whole genome shotgun sequence	47731	0.49931910079403324	ee093ccef41c98e7ce239a297b5c6a81	incomplete	-	-	-	-	-	-	-	-	-	-	-	-	-	-	-
GCA_034465125.1_GCA_034465125.1_PDT002034360.1	GCA_034465125.1_GCA_034465125.1_PDT002034360.1_uncompressed	chromosome	-	-	DASMXT010000035.1 TPA_asm: Escherichia coli strain R2745-Af49 SAMN36943049-rid20615513.denovo.035, whole genome shotgun sequence	47528	0.5044815687594681	b41b6104940bc9285dc51029624f665c	incomplete	-	-	-	-	-	-	-	-	-	-	-	-	-	-	-
GCA_034465125.1_GCA_034465125.1_PDT002034360.1	GCA_034465125.1_GCA_034465125.1_PDT002034360.1_uncompressed	chromosome	-	-	DASMXT010000036.1 TPA_asm: Escherichia coli strain R2745-Af49 SAMN36943049-rid20615513.denovo.036, whole genome shotgun sequence	44619	0.5178063156951075	0c8e35349f246c429f89eac48a72da4b	incomplete	-	-	-	-	-	-	-	-	-	-	-	-	-	-	-
GCA_034465125.1_GCA_034465125.1_PDT002034360.1	GCA_034465125.1_GCA_034465125.1_PDT002034360.1_uncompressed	chromosome	-	-	DASMXT010000037.1 TPA_asm: Escherichia coli strain R2745-Af49 SAMN36943049-rid20615513.denovo.037, whole genome shotgun sequence	43686	0.501350547086023	5bb57f37f94abb3a8417ca78f97dd8b9	incomplete	-	-	-	-	-	-	-	-	-	-	-	-	-	-	-
GCA_034465125.1_GCA_034465125.1_PDT002034360.1	GCA_034465125.1_GCA_034465125.1_PDT002034360.1_uncompressed	chromosome	-	-	DASMXT010000038.1 TPA_asm: Escherichia coli strain R2745-Af49 SAMN36943049-rid20615513.denovo.038, whole genome shotgun sequence	43630	0.46951638780655514	5e2e4ca524635f745f53f9f614b759e2	incomplete	-	-	-	-	-	-	-	-	-	-	-	-	-	-	-
GCA_034465125.1_GCA_034465125.1_PDT002034360.1	GCA_034465125.1_GCA_034465125.1_PDT002034360.1_uncompressed	plasmid	AA738	AJ045	DASMXT010000039.1 TPA_asm: Escherichia coli strain R2745-Af49 SAMN36943049-rid20615513.denovo.039, whole genome shotgun sequence	43308	0.4468227579200148	c8e19f944b00fecbb79003308911b075	incomplete	IncHI2A	BX664015	-	-	-	-	-	-	-	MG014722	0.00932572	Escherichia coli	-	-	-
GCA_034465125.1_GCA_034465125.1_PDT002034360.1	GCA_034465125.1_GCA_034465125.1_PDT002034360.1_uncompressed	chromosome	-	-	DASMXT010000040.1 TPA_asm: Escherichia coli strain R2745-Af49 SAMN36943049-rid20615513.denovo.040, whole genome shotgun sequence	43206	0.5120353654585011	ffd60a61841df5dfa8350a98aaee749e	incomplete	-	-	-	-	-	-	-	-	-	-	-	-	-	-	-
GCA_034465125.1_GCA_034465125.1_PDT002034360.1	GCA_034465125.1_GCA_034465125.1_PDT002034360.1_uncompressed	chromosome	-	-	DASMXT010000041.1 TPA_asm: Escherichia coli strain R2745-Af49 SAMN36943049-rid20615513.denovo.041, whole genome shotgun sequence	41242	0.4949323505164638	d7edd2ee0affc70dabbbe3879fdee9d8	incomplete	-	-	-	-	-	-	-	-	-	-	-	-	-	-	-
GCA_034465125.1_GCA_034465125.1_PDT002034360.1	GCA_034465125.1_GCA_034465125.1_PDT002034360.1_uncompressed	chromosome	-	-	DASMXT010000042.1 TPA_asm: Escherichia coli strain R2745-Af49 SAMN36943049-rid20615513.denovo.042, whole genome shotgun sequence	41018	0.5240382271198011	23716a83501c63879070aacfbbb86060	incomplete	-	-	-	-	-	-	-	-	-	-	-	-	-	-	-
GCA_034465125.1_GCA_034465125.1_PDT002034360.1	GCA_034465125.1_GCA_034465125.1_PDT002034360.1_uncompressed	chromosome	-	-	DASMXT010000043.1 TPA_asm: Escherichia coli strain R2745-Af49 SAMN36943049-rid20615513.denovo.043, whole genome shotgun sequence	40254	0.5095642669051523	c5c57a838449ca34c51dbeecf1481552	incomplete	-	-	-	-	-	-	-	-	-	-	-	-	-	-	-
GCA_034465125.1_GCA_034465125.1_PDT002034360.1	GCA_034465125.1_GCA_034465125.1_PDT002034360.1_uncompressed	plasmid	AA738	AJ045	DASMXT010000044.1 TPA_asm: Escherichia coli strain R2745-Af49 SAMN36943049-rid20615513.denovo.044, whole genome shotgun sequence	39898	0.4535816331645697	bd8823ee26f9381dc9c94860b3e370f4	incomplete	-	-	MOBH	NC_012555_00231	MPF_F,MPF_F	NC_005211_00200,NC_005211_00207	MOBH	NC_015864	-	MG014722	0.00932572	Escherichia coli	-	-	-
GCA_034465125.1_GCA_034465125.1_PDT002034360.1	GCA_034465125.1_GCA_034465125.1_PDT002034360.1_uncompressed	chromosome	-	-	DASMXT010000045.1 TPA_asm: Escherichia coli strain R2745-Af49 SAMN36943049-rid20615513.denovo.045, whole genome shotgun sequence	39349	0.49838623599074944	7e1f697be5fed99e48f4bd68b76e0f51	incomplete	-	-	-	-	-	-	-	-	-	-	-	-	-	-	-
GCA_034465125.1_GCA_034465125.1_PDT002034360.1	GCA_034465125.1_GCA_034465125.1_PDT002034360.1_uncompressed	chromosome	-	-	DASMXT010000046.1 TPA_asm: Escherichia coli strain R2745-Af49 SAMN36943049-rid20615513.denovo.046, whole genome shotgun sequence	39340	0.490976105744789	7e553db54731c92c258591b76eae4ae0	incomplete	-	-	-	-	-	-	-	-	-	-	-	-	-	-	-
GCA_034465125.1_GCA_034465125.1_PDT002034360.1	GCA_034465125.1_GCA_034465125.1_PDT002034360.1_uncompressed	chromosome	-	-	DASMXT010000047.1 TPA_asm: Escherichia coli strain R2745-Af49 SAMN36943049-rid20615513.denovo.047, whole genome shotgun sequence	37805	0.524348631133448	dde4186485f3bb089740a68035ceba12	incomplete	-	-	-	-	-	-	-	-	-	-	-	-	-	-	-
GCA_034465125.1_GCA_034465125.1_PDT002034360.1	GCA_034465125.1_GCA_034465125.1_PDT002034360.1_uncompressed	chromosome	-	-	DASMXT010000048.1 TPA_asm: Escherichia coli strain R2745-Af49 SAMN36943049-rid20615513.denovo.048, whole genome shotgun sequence	37373	0.49621384421908865	6f1f29db4a31b6f7d85a5f4d4bbcc67e	incomplete	-	-	-	-	-	-	-	-	-	-	-	-	-	-	-
GCA_034465125.1_GCA_034465125.1_PDT002034360.1	GCA_034465125.1_GCA_034465125.1_PDT002034360.1_uncompressed	chromosome	-	-	DASMXT010000049.1 TPA_asm: Escherichia coli strain R2745-Af49 SAMN36943049-rid20615513.denovo.049, whole genome shotgun sequence	34713	0.49687436983262756	6bc3d686dadcaff80b2d7926971ea1dc	incomplete	-	-	-	-	-	-	-	-	-	-	-	-	-	-	-
GCA_034465125.1_GCA_034465125.1_PDT002034360.1	GCA_034465125.1_GCA_034465125.1_PDT002034360.1_uncompressed	chromosome	-	-	DASMXT010000050.1 TPA_asm: Escherichia coli strain R2745-Af49 SAMN36943049-rid20615513.denovo.050, whole genome shotgun sequence	33134	0.5019315506730246	4296025f72c28380ed32de8fc8511656	incomplete	-	-	-	-	-	-	-	-	-	-	-	-	-	-	-
GCA_034465125.1_GCA_034465125.1_PDT002034360.1	GCA_034465125.1_GCA_034465125.1_PDT002034360.1_uncompressed	chromosome	-	-	DASMXT010000051.1 TPA_asm: Escherichia coli strain R2745-Af49 SAMN36943049-rid20615513.denovo.051, whole genome shotgun sequence	32777	0.48442505415382736	fe0fe70d1506fd7a5b478930e3fc847a	incomplete	-	-	-	-	-	-	-	-	-	-	-	-	-	-	-
GCA_034465125.1_GCA_034465125.1_PDT002034360.1	GCA_034465125.1_GCA_034465125.1_PDT002034360.1_uncompressed	chromosome	-	-	DASMXT010000052.1 TPA_asm: Escherichia coli strain R2745-Af49 SAMN36943049-rid20615513.denovo.052, whole genome shotgun sequence	32577	0.5030236056113209	6fa99b1ba8db3c3c3abb0a5200cc25b1	incomplete	-	-	-	-	-	-	-	-	-	-	-	-	-	-	-
GCA_034465125.1_GCA_034465125.1_PDT002034360.1	GCA_034465125.1_GCA_034465125.1_PDT002034360.1_uncompressed	chromosome	-	-	DASMXT010000053.1 TPA_asm: Escherichia coli strain R2745-Af49 SAMN36943049-rid20615513.denovo.053, whole genome shotgun sequence	32424	0.5117197137922527	e80e0f72a9caad9362271b1fcc957bc6	incomplete	-	-	-	-	-	-	-	-	-	-	-	-	-	-	-
GCA_034465125.1_GCA_034465125.1_PDT002034360.1	GCA_034465125.1_GCA_034465125.1_PDT002034360.1_uncompressed	chromosome	-	-	DASMXT010000054.1 TPA_asm: Escherichia coli strain R2745-Af49 SAMN36943049-rid20615513.denovo.054, whole genome shotgun sequence	32384	0.4938549901185771	80051d1fd1e798e2ff56fc1eb3603fa9	incomplete	-	-	-	-	-	-	-	-	-	-	-	-	-	-	-
GCA_034465125.1_GCA_034465125.1_PDT002034360.1	GCA_034465125.1_GCA_034465125.1_PDT002034360.1_uncompressed	chromosome	-	-	DASMXT010000055.1 TPA_asm: Escherichia coli strain R2745-Af49 SAMN36943049-rid20615513.denovo.055, whole genome shotgun sequence	30975	0.47008878127522197	3bb3f8261d645857bdfc272818f1abf5	incomplete	-	-	-	-	-	-	-	-	-	-	-	-	-	-	-
GCA_034465125.1_GCA_034465125.1_PDT002034360.1	GCA_034465125.1_GCA_034465125.1_PDT002034360.1_uncompressed	chromosome	-	-	DASMXT010000056.1 TPA_asm: Escherichia coli strain R2745-Af49 SAMN36943049-rid20615513.denovo.056, whole genome shotgun sequence	30850	0.5327390599675851	40e29307c06b3fbdedff0bb0440a538a	incomplete	-	-	-	-	-	-	-	-	-	-	-	-	-	-	-
GCA_034465125.1_GCA_034465125.1_PDT002034360.1	GCA_034465125.1_GCA_034465125.1_PDT002034360.1_uncompressed	chromosome	-	-	DASMXT010000057.1 TPA_asm: Escherichia coli strain R2745-Af49 SAMN36943049-rid20615513.denovo.057, whole genome shotgun sequence	29487	0.4726150507003086	14ef0d00fda8f29034908f13aa6af5e8	incomplete	-	-	-	-	-	-	-	-	-	-	-	-	-	-	-
GCA_034465125.1_GCA_034465125.1_PDT002034360.1	GCA_034465125.1_GCA_034465125.1_PDT002034360.1_uncompressed	chromosome	-	-	DASMXT010000058.1 TPA_asm: Escherichia coli strain R2745-Af49 SAMN36943049-rid20615513.denovo.058, whole genome shotgun sequence	26477	0.5246817992975035	d7788429c4a48b93dd6b4e23d0c24ae2	incomplete	-	-	-	-	-	-	-	-	-	-	-	-	-	-	-
GCA_034465125.1_GCA_034465125.1_PDT002034360.1	GCA_034465125.1_GCA_034465125.1_PDT002034360.1_uncompressed	chromosome	-	-	DASMXT010000059.1 TPA_asm: Escherichia coli strain R2745-Af49 SAMN36943049-rid20615513.denovo.059, whole genome shotgun sequence	25246	0.517230452348887	51ed2b553e40290ebe52f3b7f1f14c2b	incomplete	-	-	-	-	-	-	-	-	-	-	-	-	-	-	-
GCA_034465125.1_GCA_034465125.1_PDT002034360.1	GCA_034465125.1_GCA_034465125.1_PDT002034360.1_uncompressed	plasmid	AA327	-	DASMXT010000060.1 TPA_asm: Escherichia coli strain R2745-Af49 SAMN36943049-rid20615513.denovo.060, whole genome shotgun sequence	24865	0.5337220993364167	a340104d3bb8ffb6a31ecbd9374b9abf	incomplete	IncFIA,IncFIC	CP022610_00144,CR942285	MOBF	NC_017627_00068	-	-	-	-	-	CP034592	0.0492808	Escherichia coli	-	-	-
GCA_034465125.1_GCA_034465125.1_PDT002034360.1	GCA_034465125.1_GCA_034465125.1_PDT002034360.1_uncompressed	chromosome	-	-	DASMXT010000061.1 TPA_asm: Escherichia coli strain R2745-Af49 SAMN36943049-rid20615513.denovo.061, whole genome shotgun sequence	23706	0.4928710031215726	13ad7bab4861cf55d816d2a4b67d075d	incomplete	-	-	-	-	-	-	-	-	-	-	-	-	-	-	-
GCA_034465125.1_GCA_034465125.1_PDT002034360.1	GCA_034465125.1_GCA_034465125.1_PDT002034360.1_uncompressed	chromosome	-	-	DASMXT010000062.1 TPA_asm: Escherichia coli strain R2745-Af49 SAMN36943049-rid20615513.denovo.062, whole genome shotgun sequence	23215	0.48929571397803145	35da7482d187c915fbe559376db2943a	incomplete	-	-	-	-	-	-	-	-	-	-	-	-	-	-	-
GCA_034465125.1_GCA_034465125.1_PDT002034360.1	GCA_034465125.1_GCA_034465125.1_PDT002034360.1_uncompressed	chromosome	-	-	DASMXT010000063.1 TPA_asm: Escherichia coli strain R2745-Af49 SAMN36943049-rid20615513.denovo.064, whole genome shotgun sequence	22456	0.5183024581403634	1b7524255a0fe40bbee459b23c38b517	incomplete	-	-	-	-	-	-	-	-	-	-	-	-	-	-	-
GCA_034465125.1_GCA_034465125.1_PDT002034360.1	GCA_034465125.1_GCA_034465125.1_PDT002034360.1_uncompressed	chromosome	-	-	DASMXT010000064.1 TPA_asm: Escherichia coli strain R2745-Af49 SAMN36943049-rid20615513.denovo.065, whole genome shotgun sequence	21122	0.5169491525423728	bbbe3d96624ff198f57603e7fa0ec18f	incomplete	-	-	-	-	-	-	-	-	-	-	-	-	-	-	-
GCA_034465125.1_GCA_034465125.1_PDT002034360.1	GCA_034465125.1_GCA_034465125.1_PDT002034360.1_uncompressed	chromosome	-	-	DASMXT010000065.1 TPA_asm: Escherichia coli strain R2745-Af49 SAMN36943049-rid20615513.denovo.066, whole genome shotgun sequence	20615	0.48872180451127817	86ed5ac24c478e4a4e21decebbd3923e	incomplete	-	-	-	-	-	-	-	-	-	-	-	-	-	-	-
GCA_034465125.1_GCA_034465125.1_PDT002034360.1	GCA_034465125.1_GCA_034465125.1_PDT002034360.1_uncompressed	chromosome	-	-	DASMXT010000066.1 TPA_asm: Escherichia coli strain R2745-Af49 SAMN36943049-rid20615513.denovo.067, whole genome shotgun sequence	20000	0.4957	c01cd9328b078638e830e9606c1eb7bb	incomplete	-	-	-	-	-	-	-	-	-	-	-	-	-	-	-
GCA_034465125.1_GCA_034465125.1_PDT002034360.1	GCA_034465125.1_GCA_034465125.1_PDT002034360.1_uncompressed	chromosome	-	-	DASMXT010000067.1 TPA_asm: Escherichia coli strain R2745-Af49 SAMN36943049-rid20615513.denovo.068, whole genome shotgun sequence	19500	0.49964102564102564	6ed7e971b272f1341a5ae4730ea98496	incomplete	-	-	-	-	-	-	-	-	-	-	-	-	-	-	-
GCA_034465125.1_GCA_034465125.1_PDT002034360.1	GCA_034465125.1_GCA_034465125.1_PDT002034360.1_uncompressed	plasmid	AA474	AI613	DASMXT010000068.1 TPA_asm: Escherichia coli strain R2745-Af49 SAMN36943049-rid20615513.denovo.070, whole genome shotgun sequence	18936	0.47607731305449935	10044bfac4430b4a4a112f1a70feab5a	incomplete	IncI-gamma/K1	MG764547	-	-	-	-	-	-	-	CP029842	0.00305472	Salmonella enterica subsp. enterica serovar Typhimurium	-	-	-
GCA_034465125.1_GCA_034465125.1_PDT002034360.1	GCA_034465125.1_GCA_034465125.1_PDT002034360.1_uncompressed	chromosome	-	-	DASMXT010000069.1 TPA_asm: Escherichia coli strain R2745-Af49 SAMN36943049-rid20615513.denovo.071, whole genome shotgun sequence	18390	0.5217509516041327	ba5f5c3dbfb9525b9cd200ebd787ca9b	incomplete	-	-	-	-	-	-	-	-	-	-	-	-	-	-	-
GCA_034465125.1_GCA_034465125.1_PDT002034360.1	GCA_034465125.1_GCA_034465125.1_PDT002034360.1_uncompressed	chromosome	-	-	DASMXT010000070.1 TPA_asm: Escherichia coli strain R2745-Af49 SAMN36943049-rid20615513.denovo.072, whole genome shotgun sequence	18267	0.5009032681885367	45f0885422d33ee15543595a3c67c0d3	incomplete	-	-	-	-	-	-	-	-	-	-	-	-	-	-	-
GCA_034465125.1_GCA_034465125.1_PDT002034360.1	GCA_034465125.1_GCA_034465125.1_PDT002034360.1_uncompressed	plasmid	AA738	AJ045	DASMXT010000071.1 TPA_asm: Escherichia coli strain R2745-Af49 SAMN36943049-rid20615513.denovo.073, whole genome shotgun sequence	17667	0.41835059715854417	e4363f1c22caf3df8043e9c5ba2c11d6	incomplete	-	-	-	-	MPF_F,MPF_F,MPF_T	NC_005211_00005,NC_009838_00006,NC_005211_00012	-	-	-	MG014722	0.00932572	Escherichia coli	-	-	-
GCA_034465125.1_GCA_034465125.1_PDT002034360.1	GCA_034465125.1_GCA_034465125.1_PDT002034360.1_uncompressed	chromosome	-	-	DASMXT010000072.1 TPA_asm: Escherichia coli strain R2745-Af49 SAMN36943049-rid20615513.denovo.074, whole genome shotgun sequence	16807	0.5187719402629857	521c4f0e4981ce5e236e40e0679bd4a3	incomplete	-	-	-	-	-	-	-	-	-	-	-	-	-	-	-
GCA_034465125.1_GCA_034465125.1_PDT002034360.1	GCA_034465125.1_GCA_034465125.1_PDT002034360.1_uncompressed	chromosome	-	-	DASMXT010000073.1 TPA_asm: Escherichia coli strain R2745-Af49 SAMN36943049-rid20615513.denovo.075, whole genome shotgun sequence	15890	0.4715544367526746	3dbe8f49cf11410d056742e29ce8fb9f	incomplete	-	-	-	-	-	-	-	-	-	-	-	-	-	-	-
GCA_034465125.1_GCA_034465125.1_PDT002034360.1	GCA_034465125.1_GCA_034465125.1_PDT002034360.1_uncompressed	plasmid	AA738	AJ045	DASMXT010000074.1 TPA_asm: Escherichia coli strain R2745-Af49 SAMN36943049-rid20615513.denovo.076, whole genome shotgun sequence	14870	0.5039004707464694	efc69a7505b0eb31d65a472bd06b3901	incomplete	-	-	-	-	-	-	-	-	-	MG014722	0.00932572	Escherichia coli	-	-	-
GCA_034465125.1_GCA_034465125.1_PDT002034360.1	GCA_034465125.1_GCA_034465125.1_PDT002034360.1_uncompressed	plasmid	AA738	AJ045	DASMXT010000075.1 TPA_asm: Escherichia coli strain R2745-Af49 SAMN36943049-rid20615513.denovo.077, whole genome shotgun sequence	14632	0.5194778567523237	26bc6b82cfcb5791e10fe90e3dd8e7e3	incomplete	-	-	-	-	MPF_F,MPF_F,MPF_F,MPF_F,MPF_F,MPF_Unknown	NC_007675_00027,NC_017639_00100,NC_018966_00040,NC_010488_00021,NC_009837_00049,08-5333_00200	-	-	-	MG014722	0.00932572	Escherichia coli	-	-	-
GCA_034465125.1_GCA_034465125.1_PDT002034360.1	GCA_034465125.1_GCA_034465125.1_PDT002034360.1_uncompressed	plasmid	AA738	AJ045	DASMXT010000076.1 TPA_asm: Escherichia coli strain R2745-Af49 SAMN36943049-rid20615513.denovo.078, whole genome shotgun sequence	14441	0.5958728619901669	83eac34114d0a8829637b27d73194eab	incomplete	-	-	-	-	-	-	-	-	-	MG014722	0.00932572	Escherichia coli	JQ899055,MG764534	Tn3,TnAs3	repetitve element
GCA_034465125.1_GCA_034465125.1_PDT002034360.1	GCA_034465125.1_GCA_034465125.1_PDT002034360.1_uncompressed	chromosome	-	-	DASMXT010000077.1 TPA_asm: Escherichia coli strain R2745-Af49 SAMN36943049-rid20615513.denovo.080, whole genome shotgun sequence	14213	0.5490747906845845	cc4d5d45466aad1ff426ac02e32291e6	incomplete	-	-	-	-	-	-	-	-	-	-	-	-	-	-	-
GCA_034465125.1_GCA_034465125.1_PDT002034360.1	GCA_034465125.1_GCA_034465125.1_PDT002034360.1_uncompressed	chromosome	-	-	DASMXT010000078.1 TPA_asm: Escherichia coli strain R2745-Af49 SAMN36943049-rid20615513.denovo.081, whole genome shotgun sequence	12852	0.5319016495487083	daec7275144f8434d070ccf92b044b5e	incomplete	-	-	-	-	-	-	-	-	-	-	-	-	-	-	-
GCA_034465125.1_GCA_034465125.1_PDT002034360.1	GCA_034465125.1_GCA_034465125.1_PDT002034360.1_uncompressed	chromosome	-	-	DASMXT010000079.1 TPA_asm: Escherichia coli strain R2745-Af49 SAMN36943049-rid20615513.denovo.082, whole genome shotgun sequence	12297	0.46369033097503454	2015af7631e4409e91cb1e73c1804fb5	incomplete	-	-	-	-	-	-	-	-	-	-	-	-	-	-	-
GCA_034465125.1_GCA_034465125.1_PDT002034360.1	GCA_034465125.1_GCA_034465125.1_PDT002034360.1_uncompressed	plasmid	AA738	AJ045	DASMXT010000080.1 TPA_asm: Escherichia coli strain R2745-Af49 SAMN36943049-rid20615513.denovo.083, whole genome shotgun sequence	12267	0.48691611640988014	ec3cc84fcd68c128831ce1834709f718	incomplete	-	-	-	-	MPF_F,MPF_F,MPF_F,MPF_F,MPF_T	NC_022651_00077,NC_010409_00124,NC_019094_00090,NC_017639_00094,NC_013437_00116	MOBF	KT325596	-	MG014722	0.00932572	Escherichia coli	-	-	-
GCA_034465125.1_GCA_034465125.1_PDT002034360.1	GCA_034465125.1_GCA_034465125.1_PDT002034360.1_uncompressed	chromosome	-	-	DASMXT010000081.1 TPA_asm: Escherichia coli strain R2745-Af49 SAMN36943049-rid20615513.denovo.084, whole genome shotgun sequence	12203	0.4675899369007621	a550f305faa87bfbd9093dad0d45497c	incomplete	-	-	-	-	-	-	-	-	-	-	-	-	-	-	-
GCA_034465125.1_GCA_034465125.1_PDT002034360.1	GCA_034465125.1_GCA_034465125.1_PDT002034360.1_uncompressed	chromosome	-	-	DASMXT010000082.1 TPA_asm: Escherichia coli strain R2745-Af49 SAMN36943049-rid20615513.denovo.085, whole genome shotgun sequence	11997	0.5028757189297325	c1eeac66375eab39ff219b3894e33d3c	incomplete	-	-	-	-	-	-	-	-	-	-	-	-	-	-	-
GCA_034465125.1_GCA_034465125.1_PDT002034360.1	GCA_034465125.1_GCA_034465125.1_PDT002034360.1_uncompressed	chromosome	-	-	DASMXT010000083.1 TPA_asm: Escherichia coli strain R2745-Af49 SAMN36943049-rid20615513.denovo.086, whole genome shotgun sequence	10677	0.5121288751521963	f3d3fa4c9dd78a7852b5fac3c0a4d062	incomplete	-	-	-	-	-	-	-	-	-	-	-	-	-	-	-
GCA_034465125.1_GCA_034465125.1_PDT002034360.1	GCA_034465125.1_GCA_034465125.1_PDT002034360.1_uncompressed	plasmid	AA474	AI613	DASMXT010000084.1 TPA_asm: Escherichia coli strain R2745-Af49 SAMN36943049-rid20615513.denovo.087, whole genome shotgun sequence	10145	0.43006407097092164	cfaad29ac6b14c0402d3ed52c80a5e2e	incomplete	-	-	-	-	-	-	-	-	-	CP029842	0.00305472	Salmonella enterica subsp. enterica serovar Typhimurium	-	-	-
GCA_034465125.1_GCA_034465125.1_PDT002034360.1	GCA_034465125.1_GCA_034465125.1_PDT002034360.1_uncompressed	chromosome	-	-	DASMXT010000085.1 TPA_asm: Escherichia coli strain R2745-Af49 SAMN36943049-rid20615513.denovo.088, whole genome shotgun sequence	10017	0.4639113507038035	509208579198b49b30915e95715f230e	incomplete	-	-	-	-	-	-	-	-	-	-	-	-	-	-	-
GCA_034465125.1_GCA_034465125.1_PDT002034360.1	GCA_034465125.1_GCA_034465125.1_PDT002034360.1_uncompressed	plasmid	AA474	AI613	DASMXT010000086.1 TPA_asm: Escherichia coli strain R2745-Af49 SAMN36943049-rid20615513.denovo.089, whole genome shotgun sequence	9768	0.44133906633906633	baa338fad8b3c9263f96e4fd5ab3bb09	incomplete	-	-	-	-	-	-	-	-	-	CP029842	0.00305472	Salmonella enterica subsp. enterica serovar Typhimurium	-	-	-
GCA_034465125.1_GCA_034465125.1_PDT002034360.1	GCA_034465125.1_GCA_034465125.1_PDT002034360.1_uncompressed	chromosome	-	-	DASMXT010000087.1 TPA_asm: Escherichia coli strain R2745-Af49 SAMN36943049-rid20615513.denovo.090, whole genome shotgun sequence	9554	0.5011513502198032	d10a780994cb68e32712cd78f2220cc1	incomplete	-	-	-	-	-	-	-	-	-	-	-	-	-	-	-
GCA_034465125.1_GCA_034465125.1_PDT002034360.1	GCA_034465125.1_GCA_034465125.1_PDT002034360.1_uncompressed	plasmid	AA738	AJ045	DASMXT010000088.1 TPA_asm: Escherichia coli strain R2745-Af49 SAMN36943049-rid20615513.denovo.091, whole genome shotgun sequence	9424	0.4230687606112054	75c57a8600c332f21960513a6ce6743e	incomplete	IncFIB	000095__NZ_CP014273_00094	-	-	-	-	-	-	-	MG014722	0.00932572	Escherichia coli	-	-	-
GCA_034465125.1_GCA_034465125.1_PDT002034360.1	GCA_034465125.1_GCA_034465125.1_PDT002034360.1_uncompressed	plasmid	AA738	AJ045	DASMXT010000089.1 TPA_asm: Escherichia coli strain R2745-Af49 SAMN36943049-rid20615513.denovo.092, whole genome shotgun sequence	8303	0.4329760327592436	6a0efc3982b25360bb5c77a69c8e0cba	incomplete	-	-	-	-	-	-	-	-	-	MG014722	0.00932572	Escherichia coli	-	-	-
GCA_034465125.1_GCA_034465125.1_PDT002034360.1	GCA_034465125.1_GCA_034465125.1_PDT002034360.1_uncompressed	chromosome	-	-	DASMXT010000090.1 TPA_asm: Escherichia coli strain R2745-Af49 SAMN36943049-rid20615513.denovo.093, whole genome shotgun sequence	8071	0.5043984636352372	fb99ef941d7250002bd07e7742aaef75	incomplete	-	-	-	-	-	-	-	-	-	-	-	-	-	-	-
GCA_034465125.1_GCA_034465125.1_PDT002034360.1	GCA_034465125.1_GCA_034465125.1_PDT002034360.1_uncompressed	chromosome	-	-	DASMXT010000091.1 TPA_asm: Escherichia coli strain R2745-Af49 SAMN36943049-rid20615513.denovo.094, whole genome shotgun sequence	7861	0.5283042869863885	e3bda1454b792f77e016a5045cfbf7c3	incomplete	-	-	-	-	-	-	-	-	-	-	-	-	-	-	-
GCA_034465125.1_GCA_034465125.1_PDT002034360.1	GCA_034465125.1_GCA_034465125.1_PDT002034360.1_uncompressed	chromosome	-	-	DASMXT010000092.1 TPA_asm: Escherichia coli strain R2745-Af49 SAMN36943049-rid20615513.denovo.095, whole genome shotgun sequence	7794	0.4844752373620734	9586122f8c8567e0e665c306231bbdd7	incomplete	-	-	-	-	-	-	-	-	-	-	-	-	-	-	-
GCA_034465125.1_GCA_034465125.1_PDT002034360.1	GCA_034465125.1_GCA_034465125.1_PDT002034360.1_uncompressed	chromosome	-	-	DASMXT010000093.1 TPA_asm: Escherichia coli strain R2745-Af49 SAMN36943049-rid20615513.denovo.096, whole genome shotgun sequence	7746	0.4701781564678544	a23a1df6ce8819553fd80b8b8ea6b016	incomplete	-	-	-	-	-	-	-	-	-	-	-	-	-	-	-
GCA_034465125.1_GCA_034465125.1_PDT002034360.1	GCA_034465125.1_GCA_034465125.1_PDT002034360.1_uncompressed	chromosome	-	-	DASMXT010000094.1 TPA_asm: Escherichia coli strain R2745-Af49 SAMN36943049-rid20615513.denovo.098, whole genome shotgun sequence	6948	0.5034542314335061	b98c6d0ee127faba70af17bb460399f3	incomplete	-	-	-	-	-	-	-	-	-	-	-	-	-	-	-
GCA_034465125.1_GCA_034465125.1_PDT002034360.1	GCA_034465125.1_GCA_034465125.1_PDT002034360.1_uncompressed	chromosome	-	-	DASMXT010000095.1 TPA_asm: Escherichia coli strain R2745-Af49 SAMN36943049-rid20615513.denovo.099, whole genome shotgun sequence	6893	0.5727549688089366	01fc075a2565848c3c224d5d4f0fcc7a	incomplete	-	-	-	-	-	-	-	-	-	-	-	-	MF805806,KY437727	IS1006,ISShfr9	repetitve element
GCA_034465125.1_GCA_034465125.1_PDT002034360.1	GCA_034465125.1_GCA_034465125.1_PDT002034360.1_uncompressed	plasmid	AA474	AI613	DASMXT010000096.1 TPA_asm: Escherichia coli strain R2745-Af49 SAMN36943049-rid20615513.denovo.100, whole genome shotgun sequence	6628	0.565630657815329	6be155809842272b755e215a7d0cefdb	incomplete	-	-	-	-	-	-	-	-	-	CP029842	0.00305472	Salmonella enterica subsp. enterica serovar Typhimurium	-	-	-
GCA_034465125.1_GCA_034465125.1_PDT002034360.1	GCA_034465125.1_GCA_034465125.1_PDT002034360.1_uncompressed	chromosome	-	-	DASMXT010000097.1 TPA_asm: Escherichia coli strain R2745-Af49 SAMN36943049-rid20615513.denovo.101, whole genome shotgun sequence	6088	0.4359395532194481	4a66d112c32102d45fa4837d7ecc9990	incomplete	-	-	-	-	-	-	-	-	-	-	-	-	-	-	-
GCA_034465125.1_GCA_034465125.1_PDT002034360.1	GCA_034465125.1_GCA_034465125.1_PDT002034360.1_uncompressed	chromosome	-	-	DASMXT010000098.1 TPA_asm: Escherichia coli strain R2745-Af49 SAMN36943049-rid20615513.denovo.102, whole genome shotgun sequence	5556	0.4791216702663787	67ea68d133813065140e320dae54794f	incomplete	-	-	-	-	-	-	-	-	-	-	-	-	-	-	-
GCA_034465125.1_GCA_034465125.1_PDT002034360.1	GCA_034465125.1_GCA_034465125.1_PDT002034360.1_uncompressed	chromosome	-	-	DASMXT010000099.1 TPA_asm: Escherichia coli strain R2745-Af49 SAMN36943049-rid20615513.denovo.103, whole genome shotgun sequence	5325	0.41784037558685444	99fe53b81e55d5b8ef3b2acc518d10b0	incomplete	-	-	-	-	-	-	-	-	-	-	-	-	-	-	-
GCA_034465125.1_GCA_034465125.1_PDT002034360.1	GCA_034465125.1_GCA_034465125.1_PDT002034360.1_uncompressed	chromosome	-	-	DASMXT010000100.1 TPA_asm: Escherichia coli strain R2745-Af49 SAMN36943049-rid20615513.denovo.104, whole genome shotgun sequence	5242	0.5223197252956887	9c299a5f0f0ee23e79bc946c5e8ced83	incomplete	-	-	-	-	-	-	-	-	-	-	-	-	-	-	-
GCA_034465125.1_GCA_034465125.1_PDT002034360.1	GCA_034465125.1_GCA_034465125.1_PDT002034360.1_uncompressed	plasmid	AA738	AJ045	DASMXT010000101.1 TPA_asm: Escherichia coli strain R2745-Af49 SAMN36943049-rid20615513.denovo.105, whole genome shotgun sequence	5198	0.4522893420546364	81484021138fc23a6beeb02f25ce3730	incomplete	-	-	-	-	-	-	-	-	-	MG014722	0.00932572	Escherichia coli	-	-	-
GCA_034465125.1_GCA_034465125.1_PDT002034360.1	GCA_034465125.1_GCA_034465125.1_PDT002034360.1_uncompressed	chromosome	-	-	DASMXT010000102.1 TPA_asm: Escherichia coli strain R2745-Af49 SAMN36943049-rid20615513.denovo.106, whole genome shotgun sequence	4996	0.438951160928743	d96078cbb69d644f795b5e24aa6790e6	incomplete	-	-	-	-	-	-	-	-	-	-	-	-	-	-	-
GCA_034465125.1_GCA_034465125.1_PDT002034360.1	GCA_034465125.1_GCA_034465125.1_PDT002034360.1_uncompressed	chromosome	-	-	DASMXT010000103.1 TPA_asm: Escherichia coli strain R2745-Af49 SAMN36943049-rid20615513.denovo.107, whole genome shotgun sequence	4949	0.5688017781369974	5845b290d05a7320a3dbdca215731de9	incomplete	-	-	-	-	-	-	-	-	-	-	-	-	-	-	-
GCA_034465125.1_GCA_034465125.1_PDT002034360.1	GCA_034465125.1_GCA_034465125.1_PDT002034360.1_uncompressed	chromosome	-	-	DASMXT010000104.1 TPA_asm: Escherichia coli strain R2745-Af49 SAMN36943049-rid20615513.denovo.108, whole genome shotgun sequence	4863	0.4904380012338063	fbbfe2b80d2e792f55eb092eb86f05a9	incomplete	-	-	-	-	-	-	-	-	-	-	-	-	-	-	-
GCA_034465125.1_GCA_034465125.1_PDT002034360.1	GCA_034465125.1_GCA_034465125.1_PDT002034360.1_uncompressed	plasmid	AD672	-	DASMXT010000105.1 TPA_asm: Escherichia coli strain R2745-Af49 SAMN36943049-rid20615513.denovo.109, whole genome shotgun sequence	4616	0.5751733102253033	6a1244257d1d8ef30b31ddcd4b7374ea	incomplete	-	-	-	-	-	-	-	-	-	CP024288	0.0482105	Escherichia albertii	-	-	-
GCA_034465125.1_GCA_034465125.1_PDT002034360.1	GCA_034465125.1_GCA_034465125.1_PDT002034360.1_uncompressed	chromosome	-	-	DASMXT010000106.1 TPA_asm: Escherichia coli strain R2745-Af49 SAMN36943049-rid20615513.denovo.110, whole genome shotgun sequence	4609	0.4781948361900629	a8c5e943e397dfeb65c948d1ac45b016	incomplete	-	-	-	-	-	-	-	-	-	-	-	-	-	-	-
GCA_034465125.1_GCA_034465125.1_PDT002034360.1	GCA_034465125.1_GCA_034465125.1_PDT002034360.1_uncompressed	plasmid	AA738	AJ045	DASMXT010000107.1 TPA_asm: Escherichia coli strain R2745-Af49 SAMN36943049-rid20615513.denovo.111, whole genome shotgun sequence	4570	0.6168490153172866	f26d2f27d73f5beb71292d9106dfe3c8	incomplete	-	-	-	-	-	-	-	-	-	MG014722	0.00932572	Escherichia coli	U12338,MF805806,CP016764,KX710093,JF274989,MF168946,EU780013,DQ517526,JQ899055,KF743817,MG764534	-,IS1006,IS4321,ISArsp6,ISCsp2,ISMca2,ISPam4,ISRso7,Tn3,TnAs2,TnAs3	repetitve element
GCA_034465125.1_GCA_034465125.1_PDT002034360.1	GCA_034465125.1_GCA_034465125.1_PDT002034360.1_uncompressed	plasmid	AD672	-	DASMXT010000108.1 TPA_asm: Escherichia coli strain R2745-Af49 SAMN36943049-rid20615513.denovo.112, whole genome shotgun sequence	4277	0.5803133037175591	8dd7ee1347c302f487da1737fed4a0bd	incomplete	-	-	-	-	-	-	-	-	-	CP024288	0.0482105	Escherichia albertii	-	-	-
GCA_034465125.1_GCA_034465125.1_PDT002034360.1	GCA_034465125.1_GCA_034465125.1_PDT002034360.1_uncompressed	chromosome	-	-	DASMXT010000109.1 TPA_asm: Escherichia coli strain R2745-Af49 SAMN36943049-rid20615513.denovo.113, whole genome shotgun sequence	3734	0.5305302624531334	81dc761e0ee01b06209e8212abcfc3bb	incomplete	-	-	-	-	-	-	-	-	-	-	-	-	-	-	-
GCA_034465125.1_GCA_034465125.1_PDT002034360.1	GCA_034465125.1_GCA_034465125.1_PDT002034360.1_uncompressed	chromosome	-	-	DASMXT010000110.1 TPA_asm: Escherichia coli strain R2745-Af49 SAMN36943049-rid20615513.denovo.114, whole genome shotgun sequence	3600	0.5608333333333333	03f110fe464217a20f51b49b03c952c0	incomplete	-	-	-	-	-	-	-	-	-	-	-	-	EU643617	ISCfr8	repetitve element
GCA_034465125.1_GCA_034465125.1_PDT002034360.1	GCA_034465125.1_GCA_034465125.1_PDT002034360.1_uncompressed	plasmid	AA738	AJ045	DASMXT010000111.1 TPA_asm: Escherichia coli strain R2745-Af49 SAMN36943049-rid20615513.denovo.115, whole genome shotgun sequence	3542	0.5804630152456239	03a9a38f2789719da48216dc69d19cca	incomplete	-	-	-	-	-	-	-	-	-	MG014722	0.00932572	Escherichia coli	-	-	-
GCA_034465125.1_GCA_034465125.1_PDT002034360.1	GCA_034465125.1_GCA_034465125.1_PDT002034360.1_uncompressed	chromosome	-	-	DASMXT010000112.1 TPA_asm: Escherichia coli strain R2745-Af49 SAMN36943049-rid20615513.denovo.116, whole genome shotgun sequence	3502	0.5593946316390634	33694942f704823561b0accbe8730ffc	incomplete	-	-	-	-	-	-	-	-	-	-	-	-	-	-	-
GCA_034465125.1_GCA_034465125.1_PDT002034360.1	GCA_034465125.1_GCA_034465125.1_PDT002034360.1_uncompressed	chromosome	-	-	DASMXT010000113.1 TPA_asm: Escherichia coli strain R2745-Af49 SAMN36943049-rid20615513.denovo.117, whole genome shotgun sequence	3459	0.5195143104943626	36e282e681562e472e2656c176da423b	incomplete	-	-	-	-	-	-	-	-	-	-	-	-	-	-	-
GCA_034465125.1_GCA_034465125.1_PDT002034360.1	GCA_034465125.1_GCA_034465125.1_PDT002034360.1_uncompressed	chromosome	-	-	DASMXT010000114.1 TPA_asm: Escherichia coli strain R2745-Af49 SAMN36943049-rid20615513.denovo.120, whole genome shotgun sequence	3334	0.5581883623275345	698a2c5e3bcce38529a0d5e2125a6b12	incomplete	-	-	-	-	-	-	-	-	-	-	-	-	-	-	-
GCA_034465125.1_GCA_034465125.1_PDT002034360.1	GCA_034465125.1_GCA_034465125.1_PDT002034360.1_uncompressed	chromosome	-	-	DASMXT010000115.1 TPA_asm: Escherichia coli strain R2745-Af49 SAMN36943049-rid20615513.denovo.122, whole genome shotgun sequence	3116	0.5442875481386393	542645c0cc52780e167f141e5cd40484	incomplete	-	-	-	-	-	-	-	-	-	-	-	-	-	-	-
GCA_034465125.1_GCA_034465125.1_PDT002034360.1	GCA_034465125.1_GCA_034465125.1_PDT002034360.1_uncompressed	plasmid	AA474	AI613	DASMXT010000116.1 TPA_asm: Escherichia coli strain R2745-Af49 SAMN36943049-rid20615513.denovo.123, whole genome shotgun sequence	3051	0.5883316945263848	38bddb1511e9cfdb816b306d2a6a7efb	incomplete	-	-	-	-	-	-	-	-	-	CP029842	0.00305472	Salmonella enterica subsp. enterica serovar Typhimurium	-	-	-
GCA_034465125.1_GCA_034465125.1_PDT002034360.1	GCA_034465125.1_GCA_034465125.1_PDT002034360.1_uncompressed	chromosome	-	-	DASMXT010000117.1 TPA_asm: Escherichia coli strain R2745-Af49 SAMN36943049-rid20615513.denovo.124, whole genome shotgun sequence	3005	0.6442595673876872	79f327be3de08bf1f88f3ff2a924c7ce	incomplete	-	-	-	-	-	-	-	-	-	-	-	-	-	-	-
GCA_034465125.1_GCA_034465125.1_PDT002034360.1	GCA_034465125.1_GCA_034465125.1_PDT002034360.1_uncompressed	plasmid	AA738	AJ045	DASMXT010000118.1 TPA_asm: Escherichia coli strain R2745-Af49 SAMN36943049-rid20615513.denovo.125, whole genome shotgun sequence	2944	0.38383152173913043	8d6427298ab07612acdd81e6c664986a	incomplete	-	-	-	-	-	-	-	-	-	MG014722	0.00932572	Escherichia coli	-	-	-
GCA_034465125.1_GCA_034465125.1_PDT002034360.1	GCA_034465125.1_GCA_034465125.1_PDT002034360.1_uncompressed	chromosome	-	-	DASMXT010000119.1 TPA_asm: Escherichia coli strain R2745-Af49 SAMN36943049-rid20615513.denovo.126, whole genome shotgun sequence	2884	0.5360610263522885	3f14d18875ca746828d6878a2ad5e873	incomplete	-	-	-	-	-	-	-	-	-	-	-	-	-	-	-
GCA_034465125.1_GCA_034465125.1_PDT002034360.1	GCA_034465125.1_GCA_034465125.1_PDT002034360.1_uncompressed	chromosome	-	-	DASMXT010000120.1 TPA_asm: Escherichia coli strain R2745-Af49 SAMN36943049-rid20615513.denovo.127, whole genome shotgun sequence	2863	0.5777156828501572	9d468692d6e539ec6e0dbc3163f34398	incomplete	-	-	-	-	-	-	-	-	-	-	-	-	-	-	-
GCA_034465125.1_GCA_034465125.1_PDT002034360.1	GCA_034465125.1_GCA_034465125.1_PDT002034360.1_uncompressed	chromosome	-	-	DASMXT010000121.1 TPA_asm: Escherichia coli strain R2745-Af49 SAMN36943049-rid20615513.denovo.129, whole genome shotgun sequence	2782	0.4694464414090582	db723c126e2ad00f5d522a8c7676db99	incomplete	-	-	-	-	-	-	-	-	-	-	-	-	-	-	-
GCA_034465125.1_GCA_034465125.1_PDT002034360.1	GCA_034465125.1_GCA_034465125.1_PDT002034360.1_uncompressed	chromosome	-	-	DASMXT010000122.1 TPA_asm: Escherichia coli strain R2745-Af49 SAMN36943049-rid20615513.denovo.130, whole genome shotgun sequence	2762	0.49746560463432293	7defd7259ea06101b76690c4033aa402	incomplete	-	-	-	-	-	-	-	-	-	-	-	-	-	-	-
GCA_034465125.1_GCA_034465125.1_PDT002034360.1	GCA_034465125.1_GCA_034465125.1_PDT002034360.1_uncompressed	chromosome	-	-	DASMXT010000123.1 TPA_asm: Escherichia coli strain R2745-Af49 SAMN36943049-rid20615513.denovo.132, whole genome shotgun sequence	2639	0.42212959454338767	427ae54216d1012accfdfd0a587bf17e	incomplete	-	-	-	-	-	-	-	-	-	-	-	-	-	-	-
GCA_034465125.1_GCA_034465125.1_PDT002034360.1	GCA_034465125.1_GCA_034465125.1_PDT002034360.1_uncompressed	chromosome	-	-	DASMXT010000124.1 TPA_asm: Escherichia coli strain R2745-Af49 SAMN36943049-rid20615513.denovo.133, whole genome shotgun sequence	2603	0.4767575873991548	89ec72bd4a4a24e0e92db8c8960a50c2	incomplete	-	-	-	-	-	-	-	-	-	-	-	-	-	-	-
GCA_034465125.1_GCA_034465125.1_PDT002034360.1	GCA_034465125.1_GCA_034465125.1_PDT002034360.1_uncompressed	chromosome	-	-	DASMXT010000125.1 TPA_asm: Escherichia coli strain R2745-Af49 SAMN36943049-rid20615513.denovo.135, whole genome shotgun sequence	2551	0.49392395139161116	2150ff17e7f9a6863af6f86584ef92a1	incomplete	-	-	-	-	-	-	-	-	-	-	-	-	-	-	-
GCA_034465125.1_GCA_034465125.1_PDT002034360.1	GCA_034465125.1_GCA_034465125.1_PDT002034360.1_uncompressed	plasmid	AA738	AJ045	DASMXT010000126.1 TPA_asm: Escherichia coli strain R2745-Af49 SAMN36943049-rid20615513.denovo.136, whole genome shotgun sequence	2510	0.45338645418326695	ba8db004c4b2a295bf80ae0244dd0600	incomplete	-	-	-	-	-	-	-	-	-	MG014722	0.00932572	Escherichia coli	-	-	-
GCA_034465125.1_GCA_034465125.1_PDT002034360.1	GCA_034465125.1_GCA_034465125.1_PDT002034360.1_uncompressed	chromosome	-	-	DASMXT010000127.1 TPA_asm: Escherichia coli strain R2745-Af49 SAMN36943049-rid20615513.denovo.137, whole genome shotgun sequence	2491	0.5535929345644319	7ffdf178fb1adf46951a92742ec2925c	incomplete	-	-	-	-	-	-	-	-	-	-	-	-	-	-	-
GCA_034465125.1_GCA_034465125.1_PDT002034360.1	GCA_034465125.1_GCA_034465125.1_PDT002034360.1_uncompressed	chromosome	-	-	DASMXT010000128.1 TPA_asm: Escherichia coli strain R2745-Af49 SAMN36943049-rid20615513.denovo.138, whole genome shotgun sequence	2460	0.45	21caf9fa5318860d19fda2285786bf4f	incomplete	-	-	-	-	-	-	-	-	-	-	-	-	-	-	-
GCA_034465125.1_GCA_034465125.1_PDT002034360.1	GCA_034465125.1_GCA_034465125.1_PDT002034360.1_uncompressed	plasmid	AB690	AK570	DASMXT010000129.1 TPA_asm: Escherichia coli strain R2745-Af49 SAMN36943049-rid20615513.denovo.139, whole genome shotgun sequence	2310	0.40865800865800866	584b11ddc7a3b8b5936bf92315615d51	incomplete	Col(MG828)	NC_008486	-	-	-	-	-	-	-	CP005932	0.00701675	Escherichia coli APEC IMT5155	-	-	-
GCA_034465125.1_GCA_034465125.1_PDT002034360.1	GCA_034465125.1_GCA_034465125.1_PDT002034360.1_uncompressed	chromosome	-	-	DASMXT010000130.1 TPA_asm: Escherichia coli strain R2745-Af49 SAMN36943049-rid20615513.denovo.140, whole genome shotgun sequence	2204	0.5077132486388385	a55d0dc1944a7ad1f7d3e0e834d0ecb9	incomplete	-	-	-	-	-	-	-	-	-	-	-	-	-	-	-
GCA_034465125.1_GCA_034465125.1_PDT002034360.1	GCA_034465125.1_GCA_034465125.1_PDT002034360.1_uncompressed	chromosome	-	-	DASMXT010000131.1 TPA_asm: Escherichia coli strain R2745-Af49 SAMN36943049-rid20615513.denovo.141, whole genome shotgun sequence	2170	0.5382488479262673	1cf852b818a573fccceff70f2a2b2df1	incomplete	-	-	-	-	-	-	-	-	-	-	-	-	-	-	-
GCA_034465125.1_GCA_034465125.1_PDT002034360.1	GCA_034465125.1_GCA_034465125.1_PDT002034360.1_uncompressed	plasmid	AA474	AI613	DASMXT010000132.1 TPA_asm: Escherichia coli strain R2745-Af49 SAMN36943049-rid20615513.denovo.142, whole genome shotgun sequence	2168	0.5179889298892989	cdc32f559344cd5b07175ebe60fa1227	incomplete	-	-	-	-	-	-	-	-	-	CP029842	0.00305472	Salmonella enterica subsp. enterica serovar Typhimurium	-	-	-
GCA_034465125.1_GCA_034465125.1_PDT002034360.1	GCA_034465125.1_GCA_034465125.1_PDT002034360.1_uncompressed	chromosome	-	-	DASMXT010000133.1 TPA_asm: Escherichia coli strain R2745-Af49 SAMN36943049-rid20615513.denovo.143, whole genome shotgun sequence	2159	0.6109309865678555	bb762bd2b8017227fa408dfa725e2502	incomplete	-	-	-	-	-	-	-	-	-	-	-	-	CP001182	IS15	repetitve element
GCA_034465125.1_GCA_034465125.1_PDT002034360.1	GCA_034465125.1_GCA_034465125.1_PDT002034360.1_uncompressed	plasmid	AA738	AJ045	DASMXT010000134.1 TPA_asm: Escherichia coli strain R2745-Af49 SAMN36943049-rid20615513.denovo.144, whole genome shotgun sequence	2086	0.4712368168744008	07af4ff3e452ed56bfd960c327eb143a	incomplete	-	-	-	-	-	-	-	-	-	MG014722	0.00932572	Escherichia coli	-	-	-
GCA_034465125.1_GCA_034465125.1_PDT002034360.1	GCA_034465125.1_GCA_034465125.1_PDT002034360.1_uncompressed	chromosome	-	-	DASMXT010000135.1 TPA_asm: Escherichia coli strain R2745-Af49 SAMN36943049-rid20615513.denovo.145, whole genome shotgun sequence	1903	0.536521282186022	3a85eeb6df0ec74d109b0474e91236c8	incomplete	-	-	-	-	-	-	-	-	-	-	-	-	-	-	-
GCA_034465125.1_GCA_034465125.1_PDT002034360.1	GCA_034465125.1_GCA_034465125.1_PDT002034360.1_uncompressed	plasmid	AA738	AJ045	DASMXT010000136.1 TPA_asm: Escherichia coli strain R2745-Af49 SAMN36943049-rid20615513.denovo.146, whole genome shotgun sequence	1886	0.531813361611877	5554bfc779a8c0f8aa24a8d65f44962e	incomplete	-	-	-	-	-	-	-	-	-	MG014722	0.00932572	Escherichia coli	-	-	-
GCA_034465125.1_GCA_034465125.1_PDT002034360.1	GCA_034465125.1_GCA_034465125.1_PDT002034360.1_uncompressed	plasmid	AA738	AJ045	DASMXT010000137.1 TPA_asm: Escherichia coli strain R2745-Af49 SAMN36943049-rid20615513.denovo.147, whole genome shotgun sequence	1835	0.5673024523160763	02ce65b4be1add7166a60bf407c64016	incomplete	-	-	-	-	-	-	-	-	-	MG014722	0.00932572	Escherichia coli	-	-	-
GCA_034465125.1_GCA_034465125.1_PDT002034360.1	GCA_034465125.1_GCA_034465125.1_PDT002034360.1_uncompressed	chromosome	-	-	DASMXT010000138.1 TPA_asm: Escherichia coli strain R2745-Af49 SAMN36943049-rid20615513.denovo.148, whole genome shotgun sequence	1800	0.46944444444444444	2b1f042377b21d589ae7211cd7c60dfe	incomplete	-	-	-	-	-	-	-	-	-	-	-	-	-	-	-
GCA_034465125.1_GCA_034465125.1_PDT002034360.1	GCA_034465125.1_GCA_034465125.1_PDT002034360.1_uncompressed	chromosome	-	-	DASMXT010000139.1 TPA_asm: Escherichia coli strain R2745-Af49 SAMN36943049-rid20615513.denovo.149, whole genome shotgun sequence	1786	0.47704367301231804	b4b18fd45c3bf0495cb96f611a9848de	incomplete	-	-	-	-	-	-	-	-	-	-	-	-	-	-	-
GCA_034465125.1_GCA_034465125.1_PDT002034360.1	GCA_034465125.1_GCA_034465125.1_PDT002034360.1_uncompressed	chromosome	-	-	DASMXT010000140.1 TPA_asm: Escherichia coli strain R2745-Af49 SAMN36943049-rid20615513.denovo.150, whole genome shotgun sequence	1769	0.4437535330695308	9d3dd4b375aa3c02ac6a7f9d1f15505b	incomplete	-	-	-	-	-	-	-	-	-	-	-	-	-	-	-
GCA_034465125.1_GCA_034465125.1_PDT002034360.1	GCA_034465125.1_GCA_034465125.1_PDT002034360.1_uncompressed	chromosome	-	-	DASMXT010000141.1 TPA_asm: Escherichia coli strain R2745-Af49 SAMN36943049-rid20615513.denovo.151, whole genome shotgun sequence	1732	0.4907621247113164	7e0839fc63779f6fe3c97e43b547ad5c	incomplete	-	-	-	-	-	-	-	-	-	-	-	-	-	-	-
GCA_034465125.1_GCA_034465125.1_PDT002034360.1	GCA_034465125.1_GCA_034465125.1_PDT002034360.1_uncompressed	plasmid	AA738	AJ045	DASMXT010000142.1 TPA_asm: Escherichia coli strain R2745-Af49 SAMN36943049-rid20615513.denovo.152, whole genome shotgun sequence	1732	0.6541570438799076	f90c3d4f40dfe37fe10a8488a15213ba	incomplete	-	-	-	-	-	-	-	-	-	MG014722	0.00932572	Escherichia coli	MF805806,CP001182,KY495890,KX710093,JF274989,MF168946,KC543497,HQ840942,JQ899055,CP022426,KF743817,MG764534	IS1006,IS15,IS5075,ISArsp6,ISCsp2,ISMca2,ISPa40,ISSod9,Tn3,TnAs1,TnAs2,TnAs3	repetitve element
GCA_034465125.1_GCA_034465125.1_PDT002034360.1	GCA_034465125.1_GCA_034465125.1_PDT002034360.1_uncompressed	plasmid	AA474	AI613	DASMXT010000143.1 TPA_asm: Escherichia coli strain R2745-Af49 SAMN36943049-rid20615513.denovo.153, whole genome shotgun sequence	1713	0.4319906596614127	0662a325956ba28109c5dbbbb3c71145	incomplete	-	-	-	-	-	-	-	-	-	CP029842	0.00305472	Salmonella enterica subsp. enterica serovar Typhimurium	-	-	-
GCA_034465125.1_GCA_034465125.1_PDT002034360.1	GCA_034465125.1_GCA_034465125.1_PDT002034360.1_uncompressed	plasmid	AA738	AJ045	DASMXT010000144.1 TPA_asm: Escherichia coli strain R2745-Af49 SAMN36943049-rid20615513.denovo.154, whole genome shotgun sequence	1703	0.5325895478567234	20b26820e4d4b20b223f5707b879f12f	incomplete	-	-	-	-	-	-	-	-	-	MG014722	0.00932572	Escherichia coli	CP011136	IS640	repetitve element
GCA_034465125.1_GCA_034465125.1_PDT002034360.1	GCA_034465125.1_GCA_034465125.1_PDT002034360.1_uncompressed	plasmid	AD672	-	DASMXT010000145.1 TPA_asm: Escherichia coli strain R2745-Af49 SAMN36943049-rid20615513.denovo.155, whole genome shotgun sequence	1669	0.5590173756740563	56784111b221bbe9fbc0033eec0c4200	incomplete	-	-	-	-	-	-	-	-	-	CP024288	0.0482105	Escherichia albertii	-	-	-
GCA_034465125.1_GCA_034465125.1_PDT002034360.1	GCA_034465125.1_GCA_034465125.1_PDT002034360.1_uncompressed	chromosome	-	-	DASMXT010000146.1 TPA_asm: Escherichia coli strain R2745-Af49 SAMN36943049-rid20615513.denovo.156, whole genome shotgun sequence	1648	0.47451456310679613	0630b53e0d10135d0ace47171bc4c84b	incomplete	-	-	-	-	-	-	-	-	-	-	-	-	-	-	-
GCA_034465125.1_GCA_034465125.1_PDT002034360.1	GCA_034465125.1_GCA_034465125.1_PDT002034360.1_uncompressed	chromosome	-	-	DASMXT010000147.1 TPA_asm: Escherichia coli strain R2745-Af49 SAMN36943049-rid20615513.denovo.157, whole genome shotgun sequence	1533	0.5844748858447488	948afd5c46d4747167b197545597af94	incomplete	-	-	-	-	-	-	-	-	-	-	-	-	-	-	-
GCA_034465125.1_GCA_034465125.1_PDT002034360.1	GCA_034465125.1_GCA_034465125.1_PDT002034360.1_uncompressed	plasmid	AA474	AI613	DASMXT010000148.1 TPA_asm: Escherichia coli strain R2745-Af49 SAMN36943049-rid20615513.denovo.158, whole genome shotgun sequence	1363	0.4145267791636097	8632ea41215affe847c2eb48edda06de	incomplete	-	-	-	-	-	-	-	-	-	CP029842	0.00305472	Salmonella enterica subsp. enterica serovar Typhimurium	-	-	-
GCA_034465125.1_GCA_034465125.1_PDT002034360.1	GCA_034465125.1_GCA_034465125.1_PDT002034360.1_uncompressed	plasmid	AA738	AJ045	DASMXT010000149.1 TPA_asm: Escherichia coli strain R2745-Af49 SAMN36943049-rid20615513.denovo.159, whole genome shotgun sequence	1332	0.5105105105105106	7e7e7307974e92dd37ff2e9905efdbb8	incomplete	-	-	-	-	-	-	-	-	-	MG014722	0.00932572	Escherichia coli	CP001182,KX242350	IS15,Tn2	repetitve element
GCA_034465125.1_GCA_034465125.1_PDT002034360.1	GCA_034465125.1_GCA_034465125.1_PDT002034360.1_uncompressed	plasmid	AA474	AI613	DASMXT010000150.1 TPA_asm: Escherichia coli strain R2745-Af49 SAMN36943049-rid20615513.denovo.160, whole genome shotgun sequence	1312	0.41996951219512196	0b8063616a3fc3c631c7b680543b7c78	incomplete	-	-	-	-	-	-	-	-	-	CP029842	0.00305472	Salmonella enterica subsp. enterica serovar Typhimurium	-	-	-
GCA_034465125.1_GCA_034465125.1_PDT002034360.1	GCA_034465125.1_GCA_034465125.1_PDT002034360.1_uncompressed	chromosome	-	-	DASMXT010000151.1 TPA_asm: Escherichia coli strain R2745-Af49 SAMN36943049-rid20615513.denovo.161, whole genome shotgun sequence	1285	0.6202334630350195	0c3782fd6e5681de2d4767e5f3393be5	incomplete	-	-	-	-	-	-	-	-	-	-	-	-	-	-	-
GCA_034465125.1_GCA_034465125.1_PDT002034360.1	GCA_034465125.1_GCA_034465125.1_PDT002034360.1_uncompressed	plasmid	AA474	AI613	DASMXT010000152.1 TPA_asm: Escherichia coli strain R2745-Af49 SAMN36943049-rid20615513.denovo.162, whole genome shotgun sequence	1281	0.38953942232630756	01b09e7f18b0754f59cb90883e64f57c	incomplete	-	-	-	-	-	-	-	-	-	CP029842	0.00305472	Salmonella enterica subsp. enterica serovar Typhimurium	-	-	-
GCA_034465125.1_GCA_034465125.1_PDT002034360.1	GCA_034465125.1_GCA_034465125.1_PDT002034360.1_uncompressed	chromosome	-	-	DASMXT010000153.1 TPA_asm: Escherichia coli strain R2745-Af49 SAMN36943049-rid20615513.denovo.163, whole genome shotgun sequence	1235	0.4785425101214575	5b6432d0dc3c1fc72786faa940dba505	incomplete	-	-	-	-	-	-	-	-	-	-	-	-	-	-	-
GCA_034465125.1_GCA_034465125.1_PDT002034360.1	GCA_034465125.1_GCA_034465125.1_PDT002034360.1_uncompressed	plasmid	AA738	AJ045	DASMXT010000154.1 TPA_asm: Escherichia coli strain R2745-Af49 SAMN36943049-rid20615513.denovo.164, whole genome shotgun sequence	1218	0.43842364532019706	3e3b218a1193bdc9e340376229391e7a	incomplete	-	-	-	-	-	-	-	-	-	MG014722	0.00932572	Escherichia coli	CP001509	IS103	repetitve element
GCA_034465125.1_GCA_034465125.1_PDT002034360.1	GCA_034465125.1_GCA_034465125.1_PDT002034360.1_uncompressed	chromosome	-	-	DASMXT010000155.1 TPA_asm: Escherichia coli strain R2745-Af49 SAMN36943049-rid20615513.denovo.165, whole genome shotgun sequence	1192	0.49161073825503354	301582a00b62a9c8a723d243f4864930	incomplete	-	-	-	-	-	-	-	-	-	-	-	-	-	-	-
GCA_034465125.1_GCA_034465125.1_PDT002034360.1	GCA_034465125.1_GCA_034465125.1_PDT002034360.1_uncompressed	plasmid	AA738	AJ045	DASMXT010000156.1 TPA_asm: Escherichia coli strain R2745-Af49 SAMN36943049-rid20615513.denovo.166, whole genome shotgun sequence	1163	0.5159071367153912	bd54873a0132647d65ccab531fc7abcf	incomplete	-	-	-	-	-	-	-	-	-	MG014722	0.00932572	Escherichia coli	NC_000913	IS186A	repetitve element
GCA_034465125.1_GCA_034465125.1_PDT002034360.1	GCA_034465125.1_GCA_034465125.1_PDT002034360.1_uncompressed	plasmid	AD672	-	DASMXT010000157.1 TPA_asm: Escherichia coli strain R2745-Af49 SAMN36943049-rid20615513.denovo.167, whole genome shotgun sequence	1148	0.5209059233449478	22617f26391b140e5755de54c3dce8ec	incomplete	-	-	-	-	-	-	-	-	-	CP024288	0.0482105	Escherichia albertii	-	-	-
GCA_034465125.1_GCA_034465125.1_PDT002034360.1	GCA_034465125.1_GCA_034465125.1_PDT002034360.1_uncompressed	plasmid	AD672	-	DASMXT010000158.1 TPA_asm: Escherichia coli strain R2745-Af49 SAMN36943049-rid20615513.denovo.168, whole genome shotgun sequence	1088	0.5505514705882353	625ac4f7aa706c6bf519f307e459e89e	incomplete	-	-	-	-	-	-	-	-	-	CP024288	0.0482105	Escherichia albertii	-	-	-
GCA_034465125.1_GCA_034465125.1_PDT002034360.1	GCA_034465125.1_GCA_034465125.1_PDT002034360.1_uncompressed	plasmid	AA738	AJ045	DASMXT010000159.1 TPA_asm: Escherichia coli strain R2745-Af49 SAMN36943049-rid20615513.denovo.169, whole genome shotgun sequence	1084	0.488929889298893	5ff0a3ff2ad10d930d39a9d0c7b0e79c	incomplete	-	-	-	-	-	-	-	-	-	MG014722	0.00932572	Escherichia coli	-	-	-
GCA_034465125.1_GCA_034465125.1_PDT002034360.1	GCA_034465125.1_GCA_034465125.1_PDT002034360.1_uncompressed	chromosome	-	-	DASMXT010000160.1 TPA_asm: Escherichia coli strain R2745-Af49 SAMN36943049-rid20615513.denovo.170, whole genome shotgun sequence	1073	0.630009319664492	e77e24a158e89fa401359f4051364185	incomplete	-	-	-	-	-	-	-	-	-	-	-	-	CP001182,KC964606	IS15,ISCARN103	repetitve element
GCA_034465125.1_GCA_034465125.1_PDT002034360.1	GCA_034465125.1_GCA_034465125.1_PDT002034360.1_uncompressed	chromosome	-	-	DASMXT010000161.1 TPA_asm: Escherichia coli strain R2745-Af49 SAMN36943049-rid20615513.denovo.171, whole genome shotgun sequence	948	0.4272151898734177	b550f8305c541433ce0b7d7c6878f39b	incomplete	-	-	-	-	-	-	-	-	-	-	-	-	-	-	-
GCA_034465125.1_GCA_034465125.1_PDT002034360.1	GCA_034465125.1_GCA_034465125.1_PDT002034360.1_uncompressed	chromosome	-	-	DASMXT010000162.1 TPA_asm: Escherichia coli strain R2745-Af49 SAMN36943049-rid20615513.denovo.172, whole genome shotgun sequence	885	0.5830508474576271	df2940cfc55e8fa7e18d2a3ad3e4e554	incomplete	-	-	-	-	-	-	-	-	-	-	-	-	-	-	-
GCA_034465125.1_GCA_034465125.1_PDT002034360.1	GCA_034465125.1_GCA_034465125.1_PDT002034360.1_uncompressed	chromosome	-	-	DASMXT010000163.1 TPA_asm: Escherichia coli strain R2745-Af49 SAMN36943049-rid20615513.denovo.173, whole genome shotgun sequence	824	0.5412621359223301	e894cbf4d4025d1005a84368899c6873	incomplete	-	-	-	-	-	-	-	-	-	-	-	-	-	-	-
GCA_034465125.1_GCA_034465125.1_PDT002034360.1	GCA_034465125.1_GCA_034465125.1_PDT002034360.1_uncompressed	chromosome	-	-	DASMXT010000164.1 TPA_asm: Escherichia coli strain R2745-Af49 SAMN36943049-rid20615513.denovo.174, whole genome shotgun sequence	815	0.4588957055214724	06139cc9a45ce770024e12edbaa6b7bd	incomplete	-	-	-	-	-	-	-	-	-	-	-	-	-	-	-
GCA_034465125.1_GCA_034465125.1_PDT002034360.1	GCA_034465125.1_GCA_034465125.1_PDT002034360.1_uncompressed	chromosome	-	-	DASMXT010000165.1 TPA_asm: Escherichia coli strain R2745-Af49 SAMN36943049-rid20615513.denovo.175, whole genome shotgun sequence	716	0.5432960893854749	f446207cdc5f9a102f54808cf5f4a977	incomplete	-	-	-	-	-	-	-	-	-	-	-	-	-	-	-
GCA_034465125.1_GCA_034465125.1_PDT002034360.1	GCA_034465125.1_GCA_034465125.1_PDT002034360.1_uncompressed	chromosome	-	-	DASMXT010000166.1 TPA_asm: Escherichia coli strain R2745-Af49 SAMN36943049-rid20615513.denovo.176, whole genome shotgun sequence	712	0.5589887640449438	fd67ea1d4f239d9bc461f473e54aee3b	incomplete	-	-	-	-	-	-	-	-	-	-	-	-	-	-	-
GCA_034465125.1_GCA_034465125.1_PDT002034360.1	GCA_034465125.1_GCA_034465125.1_PDT002034360.1_uncompressed	chromosome	-	-	DASMXT010000167.1 TPA_asm: Escherichia coli strain R2745-Af49 SAMN36943049-rid20615513.denovo.177, whole genome shotgun sequence	711	0.4641350210970464	01e039c0ac630ab65725277254a4e6bc	incomplete	-	-	-	-	-	-	-	-	-	-	-	-	-	-	-
GCA_034465125.1_GCA_034465125.1_PDT002034360.1	GCA_034465125.1_GCA_034465125.1_PDT002034360.1_uncompressed	chromosome	-	-	DASMXT010000168.1 TPA_asm: Escherichia coli strain R2745-Af49 SAMN36943049-rid20615513.denovo.178, whole genome shotgun sequence	676	0.5532544378698225	57c70931c2cbf38cccfc76122b0447a4	incomplete	-	-	-	-	-	-	-	-	-	-	-	-	-	-	-
GCA_034465125.1_GCA_034465125.1_PDT002034360.1	GCA_034465125.1_GCA_034465125.1_PDT002034360.1_uncompressed	chromosome	-	-	DASMXT010000169.1 TPA_asm: Escherichia coli strain R2745-Af49 SAMN36943049-rid20615513.denovo.179, whole genome shotgun sequence	665	0.47969924812030074	3e9fcb22fbdb2bd8d09cc206b5e43b6b	incomplete	-	-	-	-	-	-	-	-	-	-	-	-	-	-	-
GCA_034465125.1_GCA_034465125.1_PDT002034360.1	GCA_034465125.1_GCA_034465125.1_PDT002034360.1_uncompressed	chromosome	-	-	DASMXT010000170.1 TPA_asm: Escherichia coli strain R2745-Af49 SAMN36943049-rid20615513.denovo.180, whole genome shotgun sequence	658	0.5501519756838906	08973da0bdffe7bcb1ed4761d09848be	incomplete	-	-	-	-	-	-	-	-	-	-	-	-	-	-	-
GCA_034465125.1_GCA_034465125.1_PDT002034360.1	GCA_034465125.1_GCA_034465125.1_PDT002034360.1_uncompressed	chromosome	-	-	DASMXT010000171.1 TPA_asm: Escherichia coli strain R2745-Af49 SAMN36943049-rid20615513.denovo.181, whole genome shotgun sequence	635	0.568503937007874	3e8007494c58e6cfa7b15e8934ef3ced	incomplete	-	-	-	-	-	-	-	-	-	-	-	-	-	-	-
GCA_034465125.1_GCA_034465125.1_PDT002034360.1	GCA_034465125.1_GCA_034465125.1_PDT002034360.1_uncompressed	chromosome	-	-	DASMXT010000172.1 TPA_asm: Escherichia coli strain R2745-Af49 SAMN36943049-rid20615513.denovo.182, whole genome shotgun sequence	620	0.5258064516129032	7a4b8cbe3404b824ff5b39e161eea09a	incomplete	-	-	-	-	-	-	-	-	-	-	-	-	-	-	-
GCA_034465125.1_GCA_034465125.1_PDT002034360.1	GCA_034465125.1_GCA_034465125.1_PDT002034360.1_uncompressed	chromosome	-	-	DASMXT010000173.1 TPA_asm: Escherichia coli strain R2745-Af49 SAMN36943049-rid20615513.denovo.183, whole genome shotgun sequence	618	0.5161812297734628	ce74438c3e5779e2e5153afa8429a306	incomplete	-	-	-	-	-	-	-	-	-	-	-	-	-	-	-
GCA_034465125.1_GCA_034465125.1_PDT002034360.1	GCA_034465125.1_GCA_034465125.1_PDT002034360.1_uncompressed	chromosome	-	-	DASMXT010000174.1 TPA_asm: Escherichia coli strain R2745-Af49 SAMN36943049-rid20615513.denovo.184, whole genome shotgun sequence	597	0.5192629815745393	7680cc9b667410a1b5b049f8a7a022ce	incomplete	-	-	-	-	-	-	-	-	-	-	-	-	-	-	-
GCA_034465125.1_GCA_034465125.1_PDT002034360.1	GCA_034465125.1_GCA_034465125.1_PDT002034360.1_uncompressed	chromosome	-	-	DASMXT010000175.1 TPA_asm: Escherichia coli strain R2745-Af49 SAMN36943049-rid20615513.denovo.185, whole genome shotgun sequence	565	0.5575221238938053	50a2aa223c69efcc795235e2801a35e6	incomplete	-	-	-	-	-	-	-	-	-	-	-	-	-	-	-
GCA_034465125.1_GCA_034465125.1_PDT002034360.1	GCA_034465125.1_GCA_034465125.1_PDT002034360.1_uncompressed	chromosome	-	-	DASMXT010000176.1 TPA_asm: Escherichia coli strain R2745-Af49 SAMN36943049-rid20615513.denovo.186, whole genome shotgun sequence	554	0.5613718411552346	9a0850bf7a48ebbff20360d3b7893c68	incomplete	-	-	-	-	-	-	-	-	-	-	-	-	-	-	-
GCA_034465125.1_GCA_034465125.1_PDT002034360.1	GCA_034465125.1_GCA_034465125.1_PDT002034360.1_uncompressed	chromosome	-	-	DASMXT010000177.1 TPA_asm: Escherichia coli strain R2745-Af49 SAMN36943049-rid20615513.denovo.187, whole genome shotgun sequence	535	0.5046728971962616	21097637d967cf732ab61e57ef86c46a	incomplete	-	-	-	-	-	-	-	-	-	-	-	-	-	-	-
GCA_034465125.1_GCA_034465125.1_PDT002034360.1	GCA_034465125.1_GCA_034465125.1_PDT002034360.1_uncompressed	chromosome	-	-	DASMXT010000178.1 TPA_asm: Escherichia coli strain R2745-Af49 SAMN36943049-rid20615513.denovo.188, whole genome shotgun sequence	534	0.5617977528089888	6b051b855b670a8830225bb41bc9894c	incomplete	-	-	-	-	-	-	-	-	-	-	-	-	-	-	-
GCA_034465125.1_GCA_034465125.1_PDT002034360.1	GCA_034465125.1_GCA_034465125.1_PDT002034360.1_uncompressed	chromosome	-	-	DASMXT010000179.1 TPA_asm: Escherichia coli strain R2745-Af49 SAMN36943049-rid20615513.denovo.189, whole genome shotgun sequence	525	0.6247619047619047	478bb1ee28d05e340657cd6df46eb9be	incomplete	-	-	-	-	-	-	-	-	-	-	-	-	-	-	-
GCA_034465125.1_GCA_034465125.1_PDT002034360.1	GCA_034465125.1_GCA_034465125.1_PDT002034360.1_uncompressed	chromosome	-	-	DASMXT010000180.1 TPA_asm: Escherichia coli strain R2745-Af49 SAMN36943049-rid20615513.denovo.190, whole genome shotgun sequence	522	0.5402298850574713	2042143c62db3b62ba763ec060427338	incomplete	-	-	-	-	-	-	-	-	-	-	-	-	-	-	-
GCA_034465125.1_GCA_034465125.1_PDT002034360.1	GCA_034465125.1_GCA_034465125.1_PDT002034360.1_uncompressed	chromosome	-	-	DASMXT010000181.1 TPA_asm: Escherichia coli strain R2745-Af49 SAMN36943049-rid20615513.denovo.191, whole genome shotgun sequence	513	0.5594541910331384	7eff5e0008729345df436a98e5706ab0	incomplete	-	-	-	-	-	-	-	-	-	-	-	-	-	-	-
GCA_034465125.1_GCA_034465125.1_PDT002034360.1	GCA_034465125.1_GCA_034465125.1_PDT002034360.1_uncompressed	chromosome	-	-	DASMXT010000182.1 TPA_asm: Escherichia coli strain R2745-Af49 SAMN36943049-rid20615513.denovo.192, whole genome shotgun sequence	513	0.5886939571150097	fe792464c940898fd4a90467f8a83fcc	incomplete	-	-	-	-	-	-	-	-	-	-	-	-	-	-	-
GCA_034465125.1_GCA_034465125.1_PDT002034360.1	GCA_034465125.1_GCA_034465125.1_PDT002034360.1_uncompressed	chromosome	-	-	DASMXT010000183.1 TPA_asm: Escherichia coli strain R2745-Af49 SAMN36943049-rid20615513.denovo.193, whole genome shotgun sequence	512	0.552734375	d87b37e9024ae37224d1261c73adcd26	incomplete	-	-	-	-	-	-	-	-	-	-	-	-	-	-	-
GCA_034465125.1_GCA_034465125.1_PDT002034360.1	GCA_034465125.1_GCA_034465125.1_PDT002034360.1_uncompressed	chromosome	-	-	DASMXT010000184.1 TPA_asm: Escherichia coli strain R2745-Af49 SAMN36943049-rid20615513.denovo.194, whole genome shotgun sequence	494	0.4433198380566802	0a24f21fe6f2c53ea4192dc15d2f189a	incomplete	-	-	-	-	-	-	-	-	-	-	-	-	-	-	-
GCA_034465125.1_GCA_034465125.1_PDT002034360.1	GCA_034465125.1_GCA_034465125.1_PDT002034360.1_uncompressed	chromosome	-	-	DASMXT010000185.1 TPA_asm: Escherichia coli strain R2745-Af49 SAMN36943049-rid20615513.denovo.195, whole genome shotgun sequence	476	0.5399159663865546	cf38ccc498dff03ae602465ccf5fe213	incomplete	-	-	-	-	-	-	-	-	-	-	-	-	-	-	-
GCA_034465125.1_GCA_034465125.1_PDT002034360.1	GCA_034465125.1_GCA_034465125.1_PDT002034360.1_uncompressed	chromosome	-	-	DASMXT010000186.1 TPA_asm: Escherichia coli strain R2745-Af49 SAMN36943049-rid20615513.denovo.196, whole genome shotgun sequence	453	0.5364238410596026	5bd86a5368be69807ffaec1256a1437c	incomplete	-	-	-	-	-	-	-	-	-	-	-	-	-	-	-
GCA_034465125.1_GCA_034465125.1_PDT002034360.1	GCA_034465125.1_GCA_034465125.1_PDT002034360.1_uncompressed	chromosome	-	-	DASMXT010000187.1 TPA_asm: Escherichia coli strain R2745-Af49 SAMN36943049-rid20615513.denovo.197, whole genome shotgun sequence	449	0.534521158129176	c29d6377be6d21ead4ea180b993d073e	incomplete	-	-	-	-	-	-	-	-	-	-	-	-	-	-	-
GCA_034465125.1_GCA_034465125.1_PDT002034360.1	GCA_034465125.1_GCA_034465125.1_PDT002034360.1_uncompressed	chromosome	-	-	DASMXT010000188.1 TPA_asm: Escherichia coli strain R2745-Af49 SAMN36943049-rid20615513.denovo.198, whole genome shotgun sequence	449	0.532293986636971	6d0206cf3e106c0ae71699cb7bc6959d	incomplete	-	-	-	-	-	-	-	-	-	-	-	-	-	-	-
GCA_034465125.1_GCA_034465125.1_PDT002034360.1	GCA_034465125.1_GCA_034465125.1_PDT002034360.1_uncompressed	chromosome	-	-	DASMXT010000189.1 TPA_asm: Escherichia coli strain R2745-Af49 SAMN36943049-rid20615513.denovo.199, whole genome shotgun sequence	419	0.5894988066825776	a6378814ef56c941e5791d894fd02d77	incomplete	-	-	-	-	-	-	-	-	-	-	-	-	-	-	-
GCA_034465125.1_GCA_034465125.1_PDT002034360.1	GCA_034465125.1_GCA_034465125.1_PDT002034360.1_uncompressed	chromosome	-	-	DASMXT010000190.1 TPA_asm: Escherichia coli strain R2745-Af49 SAMN36943049-rid20615513.denovo.200, whole genome shotgun sequence	416	0.5336538461538461	7eff80ec08fdcf675ecc9e1359b0a1b1	incomplete	-	-	-	-	-	-	-	-	-	-	-	-	-	-	-
GCA_034465125.1_GCA_034465125.1_PDT002034360.1	GCA_034465125.1_GCA_034465125.1_PDT002034360.1_uncompressed	chromosome	-	-	DASMXT010000191.1 TPA_asm: Escherichia coli strain R2745-Af49 SAMN36943049-rid20615513.denovo.201, whole genome shotgun sequence	390	0.5153846153846153	273e926dbac8c14a9d4e285bd7f52fb9	incomplete	-	-	-	-	-	-	-	-	-	-	-	-	-	-	-
GCA_034465125.1_GCA_034465125.1_PDT002034360.1	GCA_034465125.1_GCA_034465125.1_PDT002034360.1_uncompressed	chromosome	-	-	DASMXT010000192.1 TPA_asm: Escherichia coli strain R2745-Af49 SAMN36943049-rid20615513.denovo.202, whole genome shotgun sequence	383	0.4908616187989556	351dc1f1cf815c4b70e80f44dc5eb910	incomplete	-	-	-	-	-	-	-	-	-	-	-	-	-	-	-
GCA_034465125.1_GCA_034465125.1_PDT002034360.1	GCA_034465125.1_GCA_034465125.1_PDT002034360.1_uncompressed	chromosome	-	-	DASMXT010000193.1 TPA_asm: Escherichia coli strain R2745-Af49 SAMN36943049-rid20615513.denovo.203, whole genome shotgun sequence	380	0.6684210526315789	716d5a2f7b1538d2299af4786cefd7e5	incomplete	-	-	-	-	-	-	-	-	-	-	-	-	-	-	-
GCA_034465125.1_GCA_034465125.1_PDT002034360.1	GCA_034465125.1_GCA_034465125.1_PDT002034360.1_uncompressed	chromosome	-	-	DASMXT010000194.1 TPA_asm: Escherichia coli strain R2745-Af49 SAMN36943049-rid20615513.denovo.204, whole genome shotgun sequence	356	0.5421348314606742	f77fd9f9c836df62562c8dcb4505c71a	incomplete	-	-	-	-	-	-	-	-	-	-	-	-	-	-	-
GCA_034465125.1_GCA_034465125.1_PDT002034360.1	GCA_034465125.1_GCA_034465125.1_PDT002034360.1_uncompressed	chromosome	-	-	DASMXT010000195.1 TPA_asm: Escherichia coli strain R2745-Af49 SAMN36943049-rid20615513.denovo.205, whole genome shotgun sequence	356	0.5617977528089888	29649d33b7ce6ef31830488688f8fad3	incomplete	-	-	-	-	-	-	-	-	-	-	-	-	-	-	-
GCA_034465125.1_GCA_034465125.1_PDT002034360.1	GCA_034465125.1_GCA_034465125.1_PDT002034360.1_uncompressed	chromosome	-	-	DASMXT010000196.1 TPA_asm: Escherichia coli strain R2745-Af49 SAMN36943049-rid20615513.denovo.206, whole genome shotgun sequence	352	0.3125	e44bd1f8c3059a1dfc8e73dfbbb9ebfd	incomplete	-	-	-	-	-	-	-	-	-	-	-	-	-	-	-
GCA_034465125.1_GCA_034465125.1_PDT002034360.1	GCA_034465125.1_GCA_034465125.1_PDT002034360.1_uncompressed	chromosome	-	-	DASMXT010000197.1 TPA_asm: Escherichia coli strain R2745-Af49 SAMN36943049-rid20615513.denovo.207, whole genome shotgun sequence	352	0.4460227272727273	23b198a48007b323e6f1e2347680dfb1	incomplete	-	-	-	-	-	-	-	-	-	-	-	-	-	-	-
GCA_034465125.1_GCA_034465125.1_PDT002034360.1	GCA_034465125.1_GCA_034465125.1_PDT002034360.1_uncompressed	chromosome	-	-	DASMXT010000198.1 TPA_asm: Escherichia coli strain R2745-Af49 SAMN36943049-rid20615513.denovo.208, whole genome shotgun sequence	348	0.5488505747126436	bb34ac03727f8c14157829cfd1820f30	incomplete	-	-	-	-	-	-	-	-	-	-	-	-	-	-	-
GCA_034465125.1_GCA_034465125.1_PDT002034360.1	GCA_034465125.1_GCA_034465125.1_PDT002034360.1_uncompressed	chromosome	-	-	DASMXT010000199.1 TPA_asm: Escherichia coli strain R2745-Af49 SAMN36943049-rid20615513.denovo.209, whole genome shotgun sequence	346	0.49421965317919075	5fccebe6d828a089d298c8d81310c15a	incomplete	-	-	-	-	-	-	-	-	-	-	-	-	-	-	-
GCA_034465125.1_GCA_034465125.1_PDT002034360.1	GCA_034465125.1_GCA_034465125.1_PDT002034360.1_uncompressed	chromosome	-	-	DASMXT010000200.1 TPA_asm: Escherichia coli strain R2745-Af49 SAMN36943049-rid20615513.denovo.210, whole genome shotgun sequence	340	0.5235294117647059	97e95e55f5a53cc4e76eec898851f174	incomplete	-	-	-	-	-	-	-	-	-	-	-	-	-	-	-
GCA_034465125.1_GCA_034465125.1_PDT002034360.1	GCA_034465125.1_GCA_034465125.1_PDT002034360.1_uncompressed	chromosome	-	-	DASMXT010000201.1 TPA_asm: Escherichia coli strain R2745-Af49 SAMN36943049-rid20615513.denovo.211, whole genome shotgun sequence	337	0.5400593471810089	f0bc7cd911b479c7105cfa89312d62fa	incomplete	-	-	-	-	-	-	-	-	-	-	-	-	-	-	-
GCA_034465125.1_GCA_034465125.1_PDT002034360.1	GCA_034465125.1_GCA_034465125.1_PDT002034360.1_uncompressed	chromosome	-	-	DASMXT010000202.1 TPA_asm: Escherichia coli strain R2745-Af49 SAMN36943049-rid20615513.denovo.212, whole genome shotgun sequence	333	0.4594594594594595	530d6af3d224d9afda7b7e2f11fd2eb5	incomplete	-	-	-	-	-	-	-	-	-	-	-	-	-	-	-
GCA_034465125.1_GCA_034465125.1_PDT002034360.1	GCA_034465125.1_GCA_034465125.1_PDT002034360.1_uncompressed	chromosome	-	-	DASMXT010000203.1 TPA_asm: Escherichia coli strain R2745-Af49 SAMN36943049-rid20615513.denovo.213, whole genome shotgun sequence	325	0.5907692307692308	ee67bee6375c2a305091ffe9b1f445dd	incomplete	-	-	-	-	-	-	-	-	-	-	-	-	-	-	-
GCA_034465125.1_GCA_034465125.1_PDT002034360.1	GCA_034465125.1_GCA_034465125.1_PDT002034360.1_uncompressed	chromosome	-	-	DASMXT010000204.1 TPA_asm: Escherichia coli strain R2745-Af49 SAMN36943049-rid20615513.denovo.214, whole genome shotgun sequence	317	0.5899053627760252	8791fc39251965f41f51cfc22a75cc07	incomplete	-	-	-	-	-	-	-	-	-	-	-	-	-	-	-
GCA_034465125.1_GCA_034465125.1_PDT002034360.1	GCA_034465125.1_GCA_034465125.1_PDT002034360.1_uncompressed	chromosome	-	-	DASMXT010000205.1 TPA_asm: Escherichia coli strain R2745-Af49 SAMN36943049-rid20615513.guided.063, whole genome shotgun sequence	22703	0.47689732634453597	aeebace90d898b1cf9cb49d763839d53	incomplete	-	-	-	-	-	-	-	-	-	-	-	-	-	-	-
GCA_034465125.1_GCA_034465125.1_PDT002034360.1	GCA_034465125.1_GCA_034465125.1_PDT002034360.1_uncompressed	chromosome	-	-	DASMXT010000206.1 TPA_asm: Escherichia coli strain R2745-Af49 SAMN36943049-rid20615513.guided.069, whole genome shotgun sequence	19140	0.5148902821316614	a6ba630ebc561c65d9f4283a8c0819e7	incomplete	-	-	-	-	-	-	-	-	-	-	-	-	-	-	-
GCA_034465125.1_GCA_034465125.1_PDT002034360.1	GCA_034465125.1_GCA_034465125.1_PDT002034360.1_uncompressed	plasmid	AA738	AJ045	DASMXT010000207.1 TPA_asm: Escherichia coli strain R2745-Af49 SAMN36943049-rid20615513.guided.079, whole genome shotgun sequence	14269	0.5970285233723457	9446b61edab94263dd3a526b8520d871	incomplete	-	-	-	-	-	-	-	-	-	MG014722	0.00932572	Escherichia coli	JQ899055,MG764534	Tn3,TnAs3	repetitve element
GCA_034465125.1_GCA_034465125.1_PDT002034360.1	GCA_034465125.1_GCA_034465125.1_PDT002034360.1_uncompressed	plasmid	AA738	AJ045	DASMXT010000208.1 TPA_asm: Escherichia coli strain R2745-Af49 SAMN36943049-rid20615513.guided.097, whole genome shotgun sequence	6967	0.5714080665996842	fbdffdf54717dfa7960f997dd1a42bc0	incomplete	-	-	-	-	-	-	-	-	-	MG014722	0.00932572	Escherichia coli	MF805806,KY437727	IS1006,ISShfr9	repetitve element
GCA_034465125.1_GCA_034465125.1_PDT002034360.1	GCA_034465125.1_GCA_034465125.1_PDT002034360.1_uncompressed	chromosome	-	-	DASMXT010000209.1 TPA_asm: Escherichia coli strain R2745-Af49 SAMN36943049-rid20615513.guided.118, whole genome shotgun sequence	3337	0.6197183098591549	ae45d0456f19bd73d71b420ca3a7555e	incomplete	-	-	-	-	-	-	-	-	-	-	-	-	CP001182,KC964606	IS15,ISCARN103	repetitve element
GCA_034465125.1_GCA_034465125.1_PDT002034360.1	GCA_034465125.1_GCA_034465125.1_PDT002034360.1_uncompressed	plasmid	AA738	AJ045	DASMXT010000210.1 TPA_asm: Escherichia coli strain R2745-Af49 SAMN36943049-rid20615513.guided.119, whole genome shotgun sequence	3337	0.620017980221756	8abe7b015c8f917d70640c786f84d66e	incomplete	-	-	-	-	-	-	-	-	-	MG014722	0.00932572	Escherichia coli	CP001182,KC964606	IS15,ISCARN103	repetitve element
GCA_034465125.1_GCA_034465125.1_PDT002034360.1	GCA_034465125.1_GCA_034465125.1_PDT002034360.1_uncompressed	chromosome	-	-	DASMXT010000211.1 TPA_asm: Escherichia coli strain R2745-Af49 SAMN36943049-rid20615513.guided.121, whole genome shotgun sequence	3225	0.5674418604651162	78686f069da2ec95cec32d8b0853dd73	incomplete	-	-	-	-	-	-	-	-	-	-	-	-	EU643617	ISCfr8	repetitve element
GCA_034465125.1_GCA_034465125.1_PDT002034360.1	GCA_034465125.1_GCA_034465125.1_PDT002034360.1_uncompressed	plasmid	AA738	AJ045	DASMXT010000212.1 TPA_asm: Escherichia coli strain R2745-Af49 SAMN36943049-rid20615513.guided.128, whole genome shotgun sequence	2843	0.49806542384804786	d716faf8693feda741482715447006cb	incomplete	-	-	-	-	-	-	-	-	-	MG014722	0.00932572	Escherichia coli	-	-	-
GCA_034465125.1_GCA_034465125.1_PDT002034360.1	GCA_034465125.1_GCA_034465125.1_PDT002034360.1_uncompressed	plasmid	AA738	AJ045	DASMXT010000213.1 TPA_asm: Escherichia coli strain R2745-Af49 SAMN36943049-rid20615513.guided.131, whole genome shotgun sequence	2685	0.4722532588454376	c3b7120ebbc9ea8d0cb0ad7bdbcfb36c	incomplete	-	-	-	-	-	-	-	-	-	MG014722	0.00932572	Escherichia coli	-	-	-
GCA_034465125.1_GCA_034465125.1_PDT002034360.1	GCA_034465125.1_GCA_034465125.1_PDT002034360.1_uncompressed	plasmid	AA738	AJ045	DASMXT010000214.1 TPA_asm: Escherichia coli strain R2745-Af49 SAMN36943049-rid20615513.guided.134, whole genome shotgun sequence	2573	0.5503303536727555	ae9f1389dc0e72241e13c6c9c7b426d9	incomplete	-	-	-	-	-	-	-	-	-	MG014722	0.00932572	Escherichia coli	-	-	-
GCA_053709775.1_GCA_053709775.1_ASM5370977v1	GCA_053709775.1_GCA_053709775.1_ASM5370977v1_uncompressed	chromosome	-	-	JBSKJU010000001.1 Escherichia coli strain UPMP1740 contig00001, whole genome shotgun sequence	727794	0.5060566588897408	300124d9b259dfffe906ede4c0f65488	incomplete	-	-	-	-	-	-	-	-	-	-	-	-	-	-	-
GCA_053709775.1_GCA_053709775.1_ASM5370977v1	GCA_053709775.1_GCA_053709775.1_ASM5370977v1_uncompressed	chromosome	-	-	JBSKJU010000002.1 Escherichia coli strain UPMP1740 contig00002, whole genome shotgun sequence	283308	0.5120328405833934	f5ac592847dac6b7ad66a69db9a28138	incomplete	-	-	-	-	-	-	-	-	-	-	-	-	-	-	-
GCA_053709775.1_GCA_053709775.1_ASM5370977v1	GCA_053709775.1_GCA_053709775.1_ASM5370977v1_uncompressed	chromosome	-	-	JBSKJU010000003.1 Escherichia coli strain UPMP1740 contig00003, whole genome shotgun sequence	232409	0.5004840604279525	9fe29aeeb5f177b1e6e650c24d83a2bc	incomplete	-	-	-	-	-	-	-	-	-	-	-	-	-	-	-
GCA_053709775.1_GCA_053709775.1_ASM5370977v1	GCA_053709775.1_GCA_053709775.1_ASM5370977v1_uncompressed	chromosome	-	-	JBSKJU010000004.1 Escherichia coli strain UPMP1740 contig00004, whole genome shotgun sequence	208859	0.5180289094556615	f6e02c7e56397890392a4c2460f08bbd	incomplete	-	-	-	-	-	-	-	-	-	-	-	-	-	-	-
GCA_053709775.1_GCA_053709775.1_ASM5370977v1	GCA_053709775.1_GCA_053709775.1_ASM5370977v1_uncompressed	chromosome	-	-	JBSKJU010000005.1 Escherichia coli strain UPMP1740 contig00005, whole genome shotgun sequence	165320	0.5150254052746189	ab803ac5b1797c2a88f8b9847141f678	incomplete	-	-	-	-	-	-	-	-	-	-	-	-	-	-	-
GCA_053709775.1_GCA_053709775.1_ASM5370977v1	GCA_053709775.1_GCA_053709775.1_ASM5370977v1_uncompressed	chromosome	-	-	JBSKJU010000006.1 Escherichia coli strain UPMP1740 contig00006, whole genome shotgun sequence	149029	0.4914479732132672	9a7997ed6ac777876c39f28cb0037ac0	incomplete	-	-	-	-	-	-	-	-	-	-	-	-	-	-	-
GCA_053709775.1_GCA_053709775.1_ASM5370977v1	GCA_053709775.1_GCA_053709775.1_ASM5370977v1_uncompressed	chromosome	-	-	JBSKJU010000007.1 Escherichia coli strain UPMP1740 contig00007, whole genome shotgun sequence	134996	0.521230258674331	ac749944d541053a25cc2113e34fd682	incomplete	-	-	-	-	-	-	-	-	-	-	-	-	-	-	-
GCA_053709775.1_GCA_053709775.1_ASM5370977v1	GCA_053709775.1_GCA_053709775.1_ASM5370977v1_uncompressed	chromosome	-	-	JBSKJU010000008.1 Escherichia coli strain UPMP1740 contig00008, whole genome shotgun sequence	131692	0.503561340096589	7758acba9d1cc5e3e11ec734814e6e84	incomplete	-	-	-	-	-	-	-	-	-	-	-	-	-	-	-
GCA_053709775.1_GCA_053709775.1_ASM5370977v1	GCA_053709775.1_GCA_053709775.1_ASM5370977v1_uncompressed	chromosome	-	-	JBSKJU010000009.1 Escherichia coli strain UPMP1740 contig00009, whole genome shotgun sequence	125332	0.49612229917339545	53de7294a9e0e82cd11e50f0cbee6bf5	incomplete	-	-	-	-	-	-	-	-	-	-	-	-	-	-	-
GCA_053709775.1_GCA_053709775.1_ASM5370977v1	GCA_053709775.1_GCA_053709775.1_ASM5370977v1_uncompressed	chromosome	-	-	JBSKJU010000010.1 Escherichia coli strain UPMP1740 contig00010, whole genome shotgun sequence	121388	0.5131891125976209	4531ddbf21293f69f391c85675e97890	incomplete	-	-	-	-	-	-	-	-	-	-	-	-	-	-	-
GCA_053709775.1_GCA_053709775.1_ASM5370977v1	GCA_053709775.1_GCA_053709775.1_ASM5370977v1_uncompressed	chromosome	-	-	JBSKJU010000011.1 Escherichia coli strain UPMP1740 contig00011, whole genome shotgun sequence	121026	0.5120635235403963	a4c2b4c461e61fe8d7208eaa9f46bf30	incomplete	-	-	-	-	-	-	-	-	-	-	-	-	-	-	-
GCA_053709775.1_GCA_053709775.1_ASM5370977v1	GCA_053709775.1_GCA_053709775.1_ASM5370977v1_uncompressed	chromosome	-	-	JBSKJU010000012.1 Escherichia coli strain UPMP1740 contig00012, whole genome shotgun sequence	118104	0.5150460610986927	bf02d8aeb6b77db2bf3f7ae043bedf7a	incomplete	-	-	-	-	-	-	-	-	-	-	-	-	-	-	-
GCA_053709775.1_GCA_053709775.1_ASM5370977v1	GCA_053709775.1_GCA_053709775.1_ASM5370977v1_uncompressed	chromosome	-	-	JBSKJU010000013.1 Escherichia coli strain UPMP1740 contig00013, whole genome shotgun sequence	111077	0.48254814227967985	fd1c6993a8fd43f89d97efa6abc69ade	incomplete	-	-	-	-	-	-	-	-	-	-	-	-	-	-	-
GCA_053709775.1_GCA_053709775.1_ASM5370977v1	GCA_053709775.1_GCA_053709775.1_ASM5370977v1_uncompressed	chromosome	-	-	JBSKJU010000014.1 Escherichia coli strain UPMP1740 contig00014, whole genome shotgun sequence	107378	0.49885451396002906	98b708b53a0256a3d1e3f81339ee48ff	incomplete	-	-	-	-	-	-	-	-	-	-	-	-	-	-	-
GCA_053709775.1_GCA_053709775.1_ASM5370977v1	GCA_053709775.1_GCA_053709775.1_ASM5370977v1_uncompressed	chromosome	-	-	JBSKJU010000015.1 Escherichia coli strain UPMP1740 contig00015, whole genome shotgun sequence	106317	0.46904069904154555	857b2c9fbecd8061eb355bffe9bf05b2	incomplete	-	-	-	-	-	-	-	-	-	-	-	-	-	-	-
GCA_053709775.1_GCA_053709775.1_ASM5370977v1	GCA_053709775.1_GCA_053709775.1_ASM5370977v1_uncompressed	chromosome	-	-	JBSKJU010000016.1 Escherichia coli strain UPMP1740 contig00016, whole genome shotgun sequence	103610	0.5083196602644532	955f170f94a53a697d923ea95c9673e2	incomplete	-	-	-	-	-	-	-	-	-	-	-	-	-	-	-
GCA_053709775.1_GCA_053709775.1_ASM5370977v1	GCA_053709775.1_GCA_053709775.1_ASM5370977v1_uncompressed	chromosome	-	-	JBSKJU010000017.1 Escherichia coli strain UPMP1740 contig00017, whole genome shotgun sequence	101062	0.5182660149215333	73dc3dffa53cd28bef8e21c9983f6c4b	incomplete	-	-	-	-	-	-	-	-	-	-	-	-	-	-	-
GCA_053709775.1_GCA_053709775.1_ASM5370977v1	GCA_053709775.1_GCA_053709775.1_ASM5370977v1_uncompressed	chromosome	-	-	JBSKJU010000018.1 Escherichia coli strain UPMP1740 contig00018, whole genome shotgun sequence	100153	0.5127255299391931	5d32b34f6ba77428b01a18ebb798ff01	incomplete	-	-	-	-	-	-	-	-	-	-	-	-	-	-	-
GCA_053709775.1_GCA_053709775.1_ASM5370977v1	GCA_053709775.1_GCA_053709775.1_ASM5370977v1_uncompressed	chromosome	-	-	JBSKJU010000019.1 Escherichia coli strain UPMP1740 contig00019, whole genome shotgun sequence	87100	0.5168886337543054	df4f7ea497d0e1727ddcca3c73bc18e8	incomplete	-	-	-	-	-	-	-	-	-	-	-	-	-	-	-
GCA_053709775.1_GCA_053709775.1_ASM5370977v1	GCA_053709775.1_GCA_053709775.1_ASM5370977v1_uncompressed	chromosome	-	-	JBSKJU010000020.1 Escherichia coli strain UPMP1740 contig00020, whole genome shotgun sequence	79077	0.5060257723484705	9499905c2b2d0ba42b05700c2915b287	incomplete	-	-	-	-	-	-	-	-	-	-	-	-	-	-	-
GCA_053709775.1_GCA_053709775.1_ASM5370977v1	GCA_053709775.1_GCA_053709775.1_ASM5370977v1_uncompressed	chromosome	-	-	JBSKJU010000021.1 Escherichia coli strain UPMP1740 contig00021, whole genome shotgun sequence	78761	0.5070910729929787	2e03cc581c67aa94dccab1bcada2654a	incomplete	-	-	-	-	-	-	-	-	-	-	-	-	-	-	-
GCA_053709775.1_GCA_053709775.1_ASM5370977v1	GCA_053709775.1_GCA_053709775.1_ASM5370977v1_uncompressed	chromosome	-	-	JBSKJU010000022.1 Escherichia coli strain UPMP1740 contig00022, whole genome shotgun sequence	78296	0.4855292735261061	392969024ae6ef4d4c05d01072d64553	incomplete	-	-	-	-	-	-	-	-	-	-	-	-	-	-	-
GCA_053709775.1_GCA_053709775.1_ASM5370977v1	GCA_053709775.1_GCA_053709775.1_ASM5370977v1_uncompressed	chromosome	-	-	JBSKJU010000023.1 Escherichia coli strain UPMP1740 contig00023, whole genome shotgun sequence	72828	0.5191684516944033	1af1779677826663be4dd3929e91cb7a	incomplete	-	-	-	-	-	-	-	-	-	-	-	-	-	-	-
GCA_053709775.1_GCA_053709775.1_ASM5370977v1	GCA_053709775.1_GCA_053709775.1_ASM5370977v1_uncompressed	chromosome	-	-	JBSKJU010000024.1 Escherichia coli strain UPMP1740 contig00024, whole genome shotgun sequence	70375	0.4975346358792185	74d441941b6c787e6d76dc75d7073551	incomplete	-	-	-	-	-	-	-	-	-	-	-	-	-	-	-
GCA_053709775.1_GCA_053709775.1_ASM5370977v1	GCA_053709775.1_GCA_053709775.1_ASM5370977v1_uncompressed	plasmid	AC978	AM373	JBSKJU010000025.1 Escherichia coli strain UPMP1740 contig00025, whole genome shotgun sequence	68122	0.47825959308299815	689716a447996fd7803224def2883beb	incomplete	rep_cluster_1368	000688__CP006788_00033	MOBP	NC_022650_00002	MPF_T,MPF_T,MPF_T	NC_023907_00043,NC_023907_00045,NC_023907_00079	-	-	-	CP030221	0.0212234	Salmonella enterica	-	-	-
GCA_053709775.1_GCA_053709775.1_ASM5370977v1	GCA_053709775.1_GCA_053709775.1_ASM5370977v1_uncompressed	chromosome	-	-	JBSKJU010000026.1 Escherichia coli strain UPMP1740 contig00026, whole genome shotgun sequence	65106	0.5045464319724756	22cecf3fd2c30cf6800dfdb9b5d133e2	incomplete	-	-	-	-	-	-	-	-	-	-	-	-	-	-	-
GCA_053709775.1_GCA_053709775.1_ASM5370977v1	GCA_053709775.1_GCA_053709775.1_ASM5370977v1_uncompressed	chromosome	-	-	JBSKJU010000027.1 Escherichia coli strain UPMP1740 contig00027, whole genome shotgun sequence	62492	0.4999839979517378	bf07298cf63edcb13de51188c67e6466	incomplete	-	-	-	-	-	-	-	-	-	-	-	-	-	-	-
GCA_053709775.1_GCA_053709775.1_ASM5370977v1	GCA_053709775.1_GCA_053709775.1_ASM5370977v1_uncompressed	chromosome	-	-	JBSKJU010000028.1 Escherichia coli strain UPMP1740 contig00028, whole genome shotgun sequence	61642	0.5202134908017261	5711f79ea29d40c54327761a7f2d7639	incomplete	-	-	-	-	-	-	-	-	-	-	-	-	-	-	-
GCA_053709775.1_GCA_053709775.1_ASM5370977v1	GCA_053709775.1_GCA_053709775.1_ASM5370977v1_uncompressed	chromosome	-	-	JBSKJU010000029.1 Escherichia coli strain UPMP1740 contig00029, whole genome shotgun sequence	60270	0.4885847021735523	35aadbe06c9de72370c192d5269d6ea8	incomplete	-	-	-	-	-	-	-	-	-	-	-	-	-	-	-
GCA_053709775.1_GCA_053709775.1_ASM5370977v1	GCA_053709775.1_GCA_053709775.1_ASM5370977v1_uncompressed	chromosome	-	-	JBSKJU010000030.1 Escherichia coli strain UPMP1740 contig00030, whole genome shotgun sequence	57319	0.4944782707304733	81b40836d0ad242f451abf8320d70a71	incomplete	-	-	-	-	-	-	-	-	-	-	-	-	-	-	-
GCA_053709775.1_GCA_053709775.1_ASM5370977v1	GCA_053709775.1_GCA_053709775.1_ASM5370977v1_uncompressed	chromosome	-	-	JBSKJU010000031.1 Escherichia coli strain UPMP1740 contig00031, whole genome shotgun sequence	57195	0.5249060232537809	72f70519be16d565d0c53df33d5ae5ea	incomplete	-	-	-	-	-	-	-	-	-	-	-	-	-	-	-
GCA_053709775.1_GCA_053709775.1_ASM5370977v1	GCA_053709775.1_GCA_053709775.1_ASM5370977v1_uncompressed	chromosome	-	-	JBSKJU010000032.1 Escherichia coli strain UPMP1740 contig00032, whole genome shotgun sequence	55369	0.5030974010728024	fa30572161ba973ed8555e785a929c3c	incomplete	-	-	-	-	-	-	-	-	-	-	-	-	-	-	-
GCA_053709775.1_GCA_053709775.1_ASM5370977v1	GCA_053709775.1_GCA_053709775.1_ASM5370977v1_uncompressed	chromosome	-	-	JBSKJU010000033.1 Escherichia coli strain UPMP1740 contig00033, whole genome shotgun sequence	54644	0.5020130297928409	7614d24eb1fafa798301c828ed17841d	incomplete	-	-	-	-	-	-	-	-	-	-	-	-	-	-	-
GCA_053709775.1_GCA_053709775.1_ASM5370977v1	GCA_053709775.1_GCA_053709775.1_ASM5370977v1_uncompressed	plasmid	AA474	AI605	JBSKJU010000034.1 Escherichia coli strain UPMP1740 contig00034, whole genome shotgun sequence	54583	0.5197772200135573	ba23a6760c769f90ec410fcc855514ae	incomplete	-	-	MOBP	NC_019097	MPF_I,MPF_I,MPF_I,MPF_I,MPF_I,MPF_I,MPF_I,MPF_I,MPF_I	NC_019097_00085,NZ_CM001473_00069,NC_022267_00069,NC_019097_00075,NC_015965_00072,NC_023290_00086,NC_019111_00038,NC_022267_00057,NC_019097_00056	MOBP	HM021326	-	MH422553	0.00811798	Escherichia coli	-	-	-
GCA_053709775.1_GCA_053709775.1_ASM5370977v1	GCA_053709775.1_GCA_053709775.1_ASM5370977v1_uncompressed	chromosome	-	-	JBSKJU010000035.1 Escherichia coli strain UPMP1740 contig00035, whole genome shotgun sequence	53115	0.5030029181963663	1bbdcaca4449a52690ddae3675651245	incomplete	-	-	-	-	-	-	-	-	-	-	-	-	-	-	-
GCA_053709775.1_GCA_053709775.1_ASM5370977v1	GCA_053709775.1_GCA_053709775.1_ASM5370977v1_uncompressed	chromosome	-	-	JBSKJU010000036.1 Escherichia coli strain UPMP1740 contig00036, whole genome shotgun sequence	48107	0.5058723262726839	9fe307bb8445ac1b9f9b5a2a901c9188	incomplete	-	-	-	-	-	-	-	-	-	-	-	-	-	-	-
GCA_053709775.1_GCA_053709775.1_ASM5370977v1	GCA_053709775.1_GCA_053709775.1_ASM5370977v1_uncompressed	chromosome	-	-	JBSKJU010000037.1 Escherichia coli strain UPMP1740 contig00037, whole genome shotgun sequence	46004	0.4840013911833754	cc88cdb1d7c5fd38c4bde10bb4e8c9b4	incomplete	-	-	-	-	-	-	-	-	-	-	-	-	-	-	-
GCA_053709775.1_GCA_053709775.1_ASM5370977v1	GCA_053709775.1_GCA_053709775.1_ASM5370977v1_uncompressed	chromosome	-	-	JBSKJU010000038.1 Escherichia coli strain UPMP1740 contig00038, whole genome shotgun sequence	43693	0.5210445609136475	8ec315798300e7cd8f6b763b95aafde0	incomplete	-	-	-	-	-	-	-	-	-	-	-	-	-	-	-
GCA_053709775.1_GCA_053709775.1_ASM5370977v1	GCA_053709775.1_GCA_053709775.1_ASM5370977v1_uncompressed	chromosome	-	-	JBSKJU010000039.1 Escherichia coli strain UPMP1740 contig00039, whole genome shotgun sequence	41557	0.4753230502683062	8ef65692f161661abd5d3fd945238297	incomplete	-	-	-	-	-	-	-	-	-	-	-	-	-	-	-
GCA_053709775.1_GCA_053709775.1_ASM5370977v1	GCA_053709775.1_GCA_053709775.1_ASM5370977v1_uncompressed	chromosome	-	-	JBSKJU010000040.1 Escherichia coli strain UPMP1740 contig00040, whole genome shotgun sequence	39611	0.5233647219206786	6d7dd0094eebfd15a105d1108f7e8a44	incomplete	-	-	-	-	-	-	-	-	-	-	-	-	-	-	-
GCA_053709775.1_GCA_053709775.1_ASM5370977v1	GCA_053709775.1_GCA_053709775.1_ASM5370977v1_uncompressed	chromosome	-	-	JBSKJU010000041.1 Escherichia coli strain UPMP1740 contig00041, whole genome shotgun sequence	39408	0.49325010150223303	080535afeb28cb15b55a8baabd796386	incomplete	-	-	-	-	-	-	-	-	-	-	-	-	-	-	-
GCA_053709775.1_GCA_053709775.1_ASM5370977v1	GCA_053709775.1_GCA_053709775.1_ASM5370977v1_uncompressed	chromosome	-	-	JBSKJU010000042.1 Escherichia coli strain UPMP1740 contig00042, whole genome shotgun sequence	38649	0.49949545913218973	6adce6a8fe689d285225fb03f182a494	incomplete	-	-	-	-	-	-	-	-	-	-	-	-	-	-	-
GCA_053709775.1_GCA_053709775.1_ASM5370977v1	GCA_053709775.1_GCA_053709775.1_ASM5370977v1_uncompressed	plasmid	AA372	AI350	JBSKJU010000043.1 Escherichia coli strain UPMP1740 contig00043, whole genome shotgun sequence	38059	0.42836122861872356	d7480b58198527a4f229788bc66d9d18	incomplete	IncI2	AP017614	-	-	MPF_T,MPF_T,MPF_T,MPF_T,MPF_T	NC_019039_00065,NC_020270_00063,NC_019039_00052,NC_019039_00051,NC_020270_00058	-	-	-	MF175187	0.00294054	Escherichia coli	-	-	-
GCA_053709775.1_GCA_053709775.1_ASM5370977v1	GCA_053709775.1_GCA_053709775.1_ASM5370977v1_uncompressed	chromosome	-	-	JBSKJU010000044.1 Escherichia coli strain UPMP1740 contig00044, whole genome shotgun sequence	29972	0.47564393433871616	9f97a2853a477e5843d1bbdb01957f32	incomplete	-	-	-	-	-	-	-	-	-	-	-	-	-	-	-
GCA_053709775.1_GCA_053709775.1_ASM5370977v1	GCA_053709775.1_GCA_053709775.1_ASM5370977v1_uncompressed	chromosome	-	-	JBSKJU010000045.1 Escherichia coli strain UPMP1740 contig00045, whole genome shotgun sequence	26956	0.5008161448286096	a26d2cedf97511b407026f24add8964c	incomplete	-	-	-	-	-	-	-	-	-	-	-	-	-	-	-
GCA_053709775.1_GCA_053709775.1_ASM5370977v1	GCA_053709775.1_GCA_053709775.1_ASM5370977v1_uncompressed	chromosome	-	-	JBSKJU010000046.1 Escherichia coli strain UPMP1740 contig00046, whole genome shotgun sequence	26798	0.4561534442868871	baf04853725d48041cbbafc9f85c6bbb	incomplete	-	-	-	-	-	-	-	-	-	-	-	-	-	-	-
GCA_053709775.1_GCA_053709775.1_ASM5370977v1	GCA_053709775.1_GCA_053709775.1_ASM5370977v1_uncompressed	chromosome	-	-	JBSKJU010000047.1 Escherichia coli strain UPMP1740 contig00047, whole genome shotgun sequence	26030	0.4927007299270073	adc8187306f0a6fb96e250d46d222dba	incomplete	-	-	-	-	-	-	-	-	-	-	-	-	-	-	-
GCA_053709775.1_GCA_053709775.1_ASM5370977v1	GCA_053709775.1_GCA_053709775.1_ASM5370977v1_uncompressed	chromosome	-	-	JBSKJU010000048.1 Escherichia coli strain UPMP1740 contig00048, whole genome shotgun sequence	23230	0.49926818768833403	845e757f79246768f9b80324db3614da	incomplete	-	-	-	-	-	-	-	-	-	-	-	-	-	-	-
GCA_053709775.1_GCA_053709775.1_ASM5370977v1	GCA_053709775.1_GCA_053709775.1_ASM5370977v1_uncompressed	plasmid	AA474	AI605	JBSKJU010000049.1 Escherichia coli strain UPMP1740 contig00049, whole genome shotgun sequence	22249	0.49512337633152054	b62494a65766c6dcee41ae1e180c0bd5	incomplete	IncI-gamma/K1	CP001118	-	-	-	-	-	-	-	MH422553	0.00811798	Escherichia coli	-	-	-
GCA_053709775.1_GCA_053709775.1_ASM5370977v1	GCA_053709775.1_GCA_053709775.1_ASM5370977v1_uncompressed	chromosome	-	-	JBSKJU010000050.1 Escherichia coli strain UPMP1740 contig00050, whole genome shotgun sequence	18728	0.5235476292182828	f6529994146aee8adc7f2c745eecc7c5	incomplete	-	-	-	-	-	-	-	-	-	-	-	-	-	-	-
GCA_053709775.1_GCA_053709775.1_ASM5370977v1	GCA_053709775.1_GCA_053709775.1_ASM5370977v1_uncompressed	chromosome	-	-	JBSKJU010000051.1 Escherichia coli strain UPMP1740 contig00051, whole genome shotgun sequence	17933	0.5251212847822451	fb9adf081389eb76aaa849f349875aad	incomplete	-	-	-	-	-	-	-	-	-	-	-	-	-	-	-
GCA_053709775.1_GCA_053709775.1_ASM5370977v1	GCA_053709775.1_GCA_053709775.1_ASM5370977v1_uncompressed	plasmid	AA372	AI350	JBSKJU010000052.1 Escherichia coli strain UPMP1740 contig00052, whole genome shotgun sequence	17344	0.40209870848708484	c80bfef8cf1d8c12434dfe40f505c40c	incomplete	-	-	MOBP	MF175187_00027	-	-	-	-	-	MF175187	0.00294054	Escherichia coli	-	-	-
GCA_053709775.1_GCA_053709775.1_ASM5370977v1	GCA_053709775.1_GCA_053709775.1_ASM5370977v1_uncompressed	chromosome	-	-	JBSKJU010000053.1 Escherichia coli strain UPMP1740 contig00053, whole genome shotgun sequence	17210	0.5130156885531668	637ce973a4e16a77caa9edf829b79c99	incomplete	-	-	-	-	-	-	-	-	-	-	-	-	-	-	-
GCA_053709775.1_GCA_053709775.1_ASM5370977v1	GCA_053709775.1_GCA_053709775.1_ASM5370977v1_uncompressed	chromosome	-	-	JBSKJU010000054.1 Escherichia coli strain UPMP1740 contig00054, whole genome shotgun sequence	15816	0.5321825998988367	175f717632191861a4c278933f5385a3	incomplete	-	-	-	-	-	-	-	-	-	-	-	-	-	-	-
GCA_053709775.1_GCA_053709775.1_ASM5370977v1	GCA_053709775.1_GCA_053709775.1_ASM5370977v1_uncompressed	chromosome	-	-	JBSKJU010000055.1 Escherichia coli strain UPMP1740 contig00055, whole genome shotgun sequence	12714	0.5419222903885481	0a710751c50adb83814f6bca303bcea8	incomplete	-	-	-	-	-	-	-	-	-	-	-	-	-	-	-
GCA_053709775.1_GCA_053709775.1_ASM5370977v1	GCA_053709775.1_GCA_053709775.1_ASM5370977v1_uncompressed	chromosome	-	-	JBSKJU010000056.1 Escherichia coli strain UPMP1740 contig00056, whole genome shotgun sequence	8680	0.526036866359447	fdd989cbdd6fa99582596e239f437a98	incomplete	-	-	-	-	-	-	-	-	-	-	-	-	-	-	-
GCA_053709775.1_GCA_053709775.1_ASM5370977v1	GCA_053709775.1_GCA_053709775.1_ASM5370977v1_uncompressed	chromosome	-	-	JBSKJU010000057.1 Escherichia coli strain UPMP1740 contig00057, whole genome shotgun sequence	7377	0.5125389724820387	57fd573ae36834df9c0e38d1bc77dd5e	incomplete	-	-	-	-	-	-	-	-	-	-	-	-	-	-	-
GCA_053709775.1_GCA_053709775.1_ASM5370977v1	GCA_053709775.1_GCA_053709775.1_ASM5370977v1_uncompressed	chromosome	-	-	JBSKJU010000058.1 Escherichia coli strain UPMP1740 contig00058, whole genome shotgun sequence	6811	0.48318895903685216	29bd314f1fa7360b6af039f5e2ba9a1f	incomplete	-	-	-	-	-	-	-	-	-	-	-	-	-	-	-
GCA_053709775.1_GCA_053709775.1_ASM5370977v1	GCA_053709775.1_GCA_053709775.1_ASM5370977v1_uncompressed	chromosome	-	-	JBSKJU010000059.1 Escherichia coli strain UPMP1740 contig00059, whole genome shotgun sequence	6799	0.453301956170025	33e175728b44e98092e3b01a04927cca	incomplete	-	-	-	-	-	-	-	-	-	-	-	-	-	-	-
GCA_053709775.1_GCA_053709775.1_ASM5370977v1	GCA_053709775.1_GCA_053709775.1_ASM5370977v1_uncompressed	plasmid	AA474	AI605	JBSKJU010000060.1 Escherichia coli strain UPMP1740 contig00060, whole genome shotgun sequence	6412	0.4907985028072364	081e262ab663710584bb1e501d5aaff3	incomplete	-	-	-	-	-	-	-	-	-	MH422553	0.00811798	Escherichia coli	-	-	-
GCA_053709775.1_GCA_053709775.1_ASM5370977v1	GCA_053709775.1_GCA_053709775.1_ASM5370977v1_uncompressed	chromosome	-	-	JBSKJU010000061.1 Escherichia coli strain UPMP1740 contig00061, whole genome shotgun sequence	5919	0.5244129075857409	9d47f210186be94af8ab9e4a359378a4	incomplete	-	-	-	-	-	-	-	-	-	-	-	-	-	-	-
GCA_053709775.1_GCA_053709775.1_ASM5370977v1	GCA_053709775.1_GCA_053709775.1_ASM5370977v1_uncompressed	chromosome	-	-	JBSKJU010000062.1 Escherichia coli strain UPMP1740 contig00062, whole genome shotgun sequence	5444	0.5040411462160176	ebb199a4bd0492b53e9d30411b00624b	incomplete	-	-	-	-	-	-	-	-	-	-	-	-	-	-	-
GCA_053709775.1_GCA_053709775.1_ASM5370977v1	GCA_053709775.1_GCA_053709775.1_ASM5370977v1_uncompressed	chromosome	-	-	JBSKJU010000063.1 Escherichia coli strain UPMP1740 contig00063, whole genome shotgun sequence	4857	0.45357216388717314	c1999d7927bcafb29f9b215458dd1f46	incomplete	-	-	-	-	-	-	-	-	-	-	-	-	-	-	-
GCA_053709775.1_GCA_053709775.1_ASM5370977v1	GCA_053709775.1_GCA_053709775.1_ASM5370977v1_uncompressed	chromosome	-	-	JBSKJU010000064.1 Escherichia coli strain UPMP1740 contig00064, whole genome shotgun sequence	4782	0.5487243831033041	64fc898bba717511a6f9270753837f23	incomplete	-	-	-	-	-	-	-	-	-	-	-	-	-	-	-
GCA_053709775.1_GCA_053709775.1_ASM5370977v1	GCA_053709775.1_GCA_053709775.1_ASM5370977v1_uncompressed	chromosome	-	-	JBSKJU010000065.1 Escherichia coli strain UPMP1740 contig00065, whole genome shotgun sequence	4390	0.47494305239179957	aa7c54aac95c19fd4ec9501a5cb761de	incomplete	-	-	-	-	-	-	-	-	-	-	-	-	-	-	-
GCA_053709775.1_GCA_053709775.1_ASM5370977v1	GCA_053709775.1_GCA_053709775.1_ASM5370977v1_uncompressed	chromosome	-	-	JBSKJU010000066.1 Escherichia coli strain UPMP1740 contig00066, whole genome shotgun sequence	4064	0.6070374015748031	f3b35e1ddd7f767d6e8a0857c5763cff	incomplete	-	-	-	-	-	-	-	-	-	-	-	-	-	-	-
GCA_053709775.1_GCA_053709775.1_ASM5370977v1	GCA_053709775.1_GCA_053709775.1_ASM5370977v1_uncompressed	chromosome	-	-	JBSKJU010000067.1 Escherichia coli strain UPMP1740 contig00067, whole genome shotgun sequence	4011	0.5145848915482424	ed97c78e2009bc38cae90caa3551b66b	incomplete	-	-	-	-	-	-	-	-	-	-	-	-	-	-	-
GCA_053709775.1_GCA_053709775.1_ASM5370977v1	GCA_053709775.1_GCA_053709775.1_ASM5370977v1_uncompressed	chromosome	-	-	JBSKJU010000068.1 Escherichia coli strain UPMP1740 contig00068, whole genome shotgun sequence	3850	0.5784415584415584	bf6b9668591cfd7ce25228d476d8bd1b	incomplete	-	-	-	-	-	-	-	-	-	-	-	-	-	-	-
GCA_053709775.1_GCA_053709775.1_ASM5370977v1	GCA_053709775.1_GCA_053709775.1_ASM5370977v1_uncompressed	chromosome	-	-	JBSKJU010000069.1 Escherichia coli strain UPMP1740 contig00069, whole genome shotgun sequence	3777	0.5694996028594123	227ddc55d56a86ca99183579c5c76c60	incomplete	-	-	-	-	-	-	-	-	-	-	-	-	-	-	-
GCA_053709775.1_GCA_053709775.1_ASM5370977v1	GCA_053709775.1_GCA_053709775.1_ASM5370977v1_uncompressed	chromosome	-	-	JBSKJU010000070.1 Escherichia coli strain UPMP1740 contig00070, whole genome shotgun sequence	3745	0.5588785046728972	4efe29f433af7cb3bc18090fc9f64549	incomplete	-	-	-	-	-	-	-	-	-	-	-	-	-	-	-
GCA_053709775.1_GCA_053709775.1_ASM5370977v1	GCA_053709775.1_GCA_053709775.1_ASM5370977v1_uncompressed	plasmid	AA474	AI605	JBSKJU010000071.1 Escherichia coli strain UPMP1740 contig00071, whole genome shotgun sequence	3716	0.6197524219590959	bf66a027f915e191017c111b42bc6b23	incomplete	-	-	-	-	-	-	-	-	-	MH422553	0.00811798	Escherichia coli	U12338,MF805806,CP016764,KX710093,JF274989,MF168946,KF743817,MG764534	-,IS1006,IS4321,ISArsp6,ISCsp2,ISMca2,TnAs2,TnAs3	repetitve element
GCA_053709775.1_GCA_053709775.1_ASM5370977v1	GCA_053709775.1_GCA_053709775.1_ASM5370977v1_uncompressed	chromosome	-	-	JBSKJU010000072.1 Escherichia coli strain UPMP1740 contig00072, whole genome shotgun sequence	3661	0.5585905490303196	3cdc2f305a17cb9bd3e502e155d5b2db	incomplete	-	-	-	-	-	-	-	-	-	-	-	-	-	-	-
GCA_053709775.1_GCA_053709775.1_ASM5370977v1	GCA_053709775.1_GCA_053709775.1_ASM5370977v1_uncompressed	chromosome	-	-	JBSKJU010000073.1 Escherichia coli strain UPMP1740 contig00073, whole genome shotgun sequence	3546	0.6001128031584885	3eb7e609d5c5935dd64bee1c8b111591	incomplete	-	-	-	-	-	-	-	-	-	-	-	-	-	-	-
GCA_053709775.1_GCA_053709775.1_ASM5370977v1	GCA_053709775.1_GCA_053709775.1_ASM5370977v1_uncompressed	chromosome	-	-	JBSKJU010000074.1 Escherichia coli strain UPMP1740 contig00074, whole genome shotgun sequence	3544	0.5908577878103838	30d6181654014a3ebaa66bc0bea853f8	incomplete	-	-	-	-	-	-	-	-	-	-	-	-	-	-	-
GCA_053709775.1_GCA_053709775.1_ASM5370977v1	GCA_053709775.1_GCA_053709775.1_ASM5370977v1_uncompressed	chromosome	-	-	JBSKJU010000075.1 Escherichia coli strain UPMP1740 contig00075, whole genome shotgun sequence	3505	0.5960057061340942	2f50711924ed5a0ab08dbdf2fb360bc8	incomplete	-	-	-	-	-	-	-	-	-	-	-	-	-	-	-
GCA_053709775.1_GCA_053709775.1_ASM5370977v1	GCA_053709775.1_GCA_053709775.1_ASM5370977v1_uncompressed	chromosome	-	-	JBSKJU010000076.1 Escherichia coli strain UPMP1740 contig00076, whole genome shotgun sequence	3461	0.4750072233458538	b89a377178509db947fdeed063b624f0	incomplete	-	-	-	-	-	-	-	-	-	-	-	-	-	-	-
GCA_053709775.1_GCA_053709775.1_ASM5370977v1	GCA_053709775.1_GCA_053709775.1_ASM5370977v1_uncompressed	chromosome	-	-	JBSKJU010000077.1 Escherichia coli strain UPMP1740 contig00077, whole genome shotgun sequence	3378	0.5541740674955595	4fb887a4bbdf3b8b4b332993f50fb37d	incomplete	-	-	-	-	-	-	-	-	-	-	-	-	-	-	-
GCA_053709775.1_GCA_053709775.1_ASM5370977v1	GCA_053709775.1_GCA_053709775.1_ASM5370977v1_uncompressed	plasmid	AA474	AI605	JBSKJU010000078.1 Escherichia coli strain UPMP1740 contig00078, whole genome shotgun sequence	3370	0.543026706231454	0e3b500e411c14d622424eb5e0df9ed6	incomplete	-	-	-	-	-	-	-	-	-	MH422553	0.00811798	Escherichia coli	-	-	-
GCA_053709775.1_GCA_053709775.1_ASM5370977v1	GCA_053709775.1_GCA_053709775.1_ASM5370977v1_uncompressed	plasmid	AA810	-	JBSKJU010000079.1 Escherichia coli strain UPMP1740 contig00079, whole genome shotgun sequence	3032	0.47757255936675463	f73348760bd9f7a9cac9583c66b4d8a7	incomplete	-	-	-	-	-	-	-	-	-	CP035364	0.0519203	Escherichia coli	-	-	-
GCA_053709775.1_GCA_053709775.1_ASM5370977v1	GCA_053709775.1_GCA_053709775.1_ASM5370977v1_uncompressed	chromosome	-	-	JBSKJU010000080.1 Escherichia coli strain UPMP1740 contig00080, whole genome shotgun sequence	2949	0.5371312309257376	cf53453382f9b5a43cb02627b7dbdae5	incomplete	-	-	-	-	-	-	-	-	-	-	-	-	-	-	-
GCA_053709775.1_GCA_053709775.1_ASM5370977v1	GCA_053709775.1_GCA_053709775.1_ASM5370977v1_uncompressed	chromosome	-	-	JBSKJU010000081.1 Escherichia coli strain UPMP1740 contig00081, whole genome shotgun sequence	2913	0.4764847236525918	a8ec76032f5f1d70dd45cd7e68da0643	incomplete	-	-	-	-	-	-	-	-	-	-	-	-	-	-	-
GCA_053709775.1_GCA_053709775.1_ASM5370977v1	GCA_053709775.1_GCA_053709775.1_ASM5370977v1_uncompressed	plasmid	AA810	-	JBSKJU010000082.1 Escherichia coli strain UPMP1740 contig00082, whole genome shotgun sequence	2846	0.5288123682361209	853f160d59bae6953e2a6ec49cab8069	incomplete	-	-	-	-	-	-	-	-	-	CP035364	0.0519203	Escherichia coli	-	-	-
GCA_053709775.1_GCA_053709775.1_ASM5370977v1	GCA_053709775.1_GCA_053709775.1_ASM5370977v1_uncompressed	chromosome	-	-	JBSKJU010000083.1 Escherichia coli strain UPMP1740 contig00083, whole genome shotgun sequence	2712	0.5449852507374632	a22cfec87da4d5df756da66257512617	incomplete	-	-	-	-	-	-	-	-	-	-	-	-	-	-	-
GCA_053709775.1_GCA_053709775.1_ASM5370977v1	GCA_053709775.1_GCA_053709775.1_ASM5370977v1_uncompressed	chromosome	-	-	JBSKJU010000084.1 Escherichia coli strain UPMP1740 contig00084, whole genome shotgun sequence	2679	0.4150802538260545	292cee3c5ff71d2afabc733e206b8cef	incomplete	-	-	-	-	-	-	-	-	-	-	-	-	-	-	-
GCA_053709775.1_GCA_053709775.1_ASM5370977v1	GCA_053709775.1_GCA_053709775.1_ASM5370977v1_uncompressed	chromosome	-	-	JBSKJU010000085.1 Escherichia coli strain UPMP1740 contig00085, whole genome shotgun sequence	2366	0.5646661031276415	86ef3e2120c25ab025a05c3ec35c8ed9	incomplete	-	-	-	-	-	-	-	-	-	-	-	-	-	-	-
GCA_053709775.1_GCA_053709775.1_ASM5370977v1	GCA_053709775.1_GCA_053709775.1_ASM5370977v1_uncompressed	plasmid	AA810	-	JBSKJU010000086.1 Escherichia coli strain UPMP1740 contig00086, whole genome shotgun sequence	2338	0.5098374679213002	58173b40d56db8f9bbcac2d8069fa725	incomplete	-	-	-	-	-	-	-	-	-	CP035364	0.0519203	Escherichia coli	-	-	-
GCA_053709775.1_GCA_053709775.1_ASM5370977v1	GCA_053709775.1_GCA_053709775.1_ASM5370977v1_uncompressed	chromosome	-	-	JBSKJU010000087.1 Escherichia coli strain UPMP1740 contig00087, whole genome shotgun sequence	2320	0.5396551724137931	f247532365588db177512bf5896ed2a9	incomplete	-	-	-	-	-	-	-	-	-	-	-	-	-	-	-
GCA_053709775.1_GCA_053709775.1_ASM5370977v1	GCA_053709775.1_GCA_053709775.1_ASM5370977v1_uncompressed	chromosome	-	-	JBSKJU010000088.1 Escherichia coli strain UPMP1740 contig00088, whole genome shotgun sequence	2309	0.5959289735816371	bedf1a2a59a476fa9098678c111525a4	incomplete	-	-	-	-	-	-	-	-	-	-	-	-	-	-	-
GCA_053709775.1_GCA_053709775.1_ASM5370977v1	GCA_053709775.1_GCA_053709775.1_ASM5370977v1_uncompressed	chromosome	-	-	JBSKJU010000089.1 Escherichia coli strain UPMP1740 contig00089, whole genome shotgun sequence	2233	0.515450067174205	9ed0bd15be097f42f7e988028d66dfc0	incomplete	-	-	-	-	-	-	-	-	-	-	-	-	-	-	-
GCA_053709775.1_GCA_053709775.1_ASM5370977v1	GCA_053709775.1_GCA_053709775.1_ASM5370977v1_uncompressed	chromosome	-	-	JBSKJU010000090.1 Escherichia coli strain UPMP1740 contig00090, whole genome shotgun sequence	2113	0.5191670610506389	d2efd48632a123d20d4b955336022d76	incomplete	-	-	-	-	-	-	-	-	-	-	-	-	-	-	-
GCA_053709775.1_GCA_053709775.1_ASM5370977v1	GCA_053709775.1_GCA_053709775.1_ASM5370977v1_uncompressed	chromosome	-	-	JBSKJU010000091.1 Escherichia coli strain UPMP1740 contig00091, whole genome shotgun sequence	2107	0.5192216421452301	6b22785af544c66b5518acd3cec2f864	incomplete	-	-	-	-	-	-	-	-	-	-	-	-	-	-	-
GCA_053709775.1_GCA_053709775.1_ASM5370977v1	GCA_053709775.1_GCA_053709775.1_ASM5370977v1_uncompressed	chromosome	-	-	JBSKJU010000092.1 Escherichia coli strain UPMP1740 contig00092, whole genome shotgun sequence	2100	0.5461904761904762	cab2ba687e2164b471cbdd9801d066e0	incomplete	-	-	-	-	-	-	-	-	-	-	-	-	-	-	-
GCA_053709775.1_GCA_053709775.1_ASM5370977v1	GCA_053709775.1_GCA_053709775.1_ASM5370977v1_uncompressed	plasmid	AA579	AI799	JBSKJU010000093.1 Escherichia coli strain UPMP1740 contig00093, whole genome shotgun sequence	2074	0.470106075216972	273327556fc14930506a482c660daf56	incomplete	rep_cluster_1778	001198__NC_010486_00001	-	-	-	-	MOBQ,MOBQ	NC_010523,NC_010672	-	NC_011411	0.0031121	Escherichia coli SE11	-	-	-
GCA_053709775.1_GCA_053709775.1_ASM5370977v1	GCA_053709775.1_GCA_053709775.1_ASM5370977v1_uncompressed	chromosome	-	-	JBSKJU010000094.1 Escherichia coli strain UPMP1740 contig00094, whole genome shotgun sequence	2054	0.5233690360272639	51e55787128ba5c96a007a903bd87acf	incomplete	-	-	-	-	-	-	-	-	-	-	-	-	-	-	-
GCA_053709775.1_GCA_053709775.1_ASM5370977v1	GCA_053709775.1_GCA_053709775.1_ASM5370977v1_uncompressed	plasmid	AA474	AI605	JBSKJU010000095.1 Escherichia coli strain UPMP1740 contig00095, whole genome shotgun sequence	2027	0.5357671435619141	fd5973b661b4d43ce6e353965639f537	incomplete	-	-	-	-	-	-	-	-	-	MH422553	0.00811798	Escherichia coli	CP001182,KX243407,CP002457,KY437728,KY437727	IS15,ISMrsp3,ISPpu12,ISPst9,ISShfr9	repetitve element
GCA_053709775.1_GCA_053709775.1_ASM5370977v1	GCA_053709775.1_GCA_053709775.1_ASM5370977v1_uncompressed	chromosome	-	-	JBSKJU010000096.1 Escherichia coli strain UPMP1740 contig00096, whole genome shotgun sequence	2011	0.555942317255097	0f9cefebf5714a5b06a8712a5f4abc2b	incomplete	-	-	-	-	-	-	-	-	-	-	-	-	-	-	-
GCA_053709775.1_GCA_053709775.1_ASM5370977v1	GCA_053709775.1_GCA_053709775.1_ASM5370977v1_uncompressed	chromosome	-	-	JBSKJU010000097.1 Escherichia coli strain UPMP1740 contig00097, whole genome shotgun sequence	1999	0.5632816408204102	829be36d122d59cf2bebfabbf5ca6f01	incomplete	-	-	-	-	-	-	-	-	-	-	-	-	-	-	-
GCA_053709775.1_GCA_053709775.1_ASM5370977v1	GCA_053709775.1_GCA_053709775.1_ASM5370977v1_uncompressed	chromosome	-	-	JBSKJU010000098.1 Escherichia coli strain UPMP1740 contig00098, whole genome shotgun sequence	1970	0.45025380710659896	ae549706616d66e2422d90cab428146e	incomplete	-	-	-	-	-	-	-	-	-	-	-	-	-	-	-
GCA_053709775.1_GCA_053709775.1_ASM5370977v1	GCA_053709775.1_GCA_053709775.1_ASM5370977v1_uncompressed	chromosome	-	-	JBSKJU010000099.1 Escherichia coli strain UPMP1740 contig00099, whole genome shotgun sequence	1949	0.6157003591585428	24ddb4d9aa2ebd1bba612113ad0d2d98	incomplete	-	-	-	-	-	-	-	-	-	-	-	-	-	-	-
GCA_053709775.1_GCA_053709775.1_ASM5370977v1	GCA_053709775.1_GCA_053709775.1_ASM5370977v1_uncompressed	chromosome	-	-	JBSKJU010000100.1 Escherichia coli strain UPMP1740 contig00100, whole genome shotgun sequence	1752	0.514269406392694	3d4cc530df73138cda6608305568f7cb	incomplete	-	-	-	-	-	-	-	-	-	-	-	-	-	-	-
GCA_053709775.1_GCA_053709775.1_ASM5370977v1	GCA_053709775.1_GCA_053709775.1_ASM5370977v1_uncompressed	plasmid	AA579	AI799	JBSKJU010000101.1 Escherichia coli strain UPMP1740 contig00101, whole genome shotgun sequence	1737	0.5279217040875072	bb3ed3f687fa463617a6465eb6300a24	incomplete	-	-	-	-	-	-	-	-	-	NC_011411	0.0031121	Escherichia coli SE11	-	-	-
GCA_053709775.1_GCA_053709775.1_ASM5370977v1	GCA_053709775.1_GCA_053709775.1_ASM5370977v1_uncompressed	chromosome	-	-	JBSKJU010000102.1 Escherichia coli strain UPMP1740 contig00102, whole genome shotgun sequence	1710	0.4760233918128655	21ecda4e5703378189eaff8b83862848	incomplete	-	-	-	-	-	-	-	-	-	-	-	-	-	-	-
GCA_053709775.1_GCA_053709775.1_ASM5370977v1	GCA_053709775.1_GCA_053709775.1_ASM5370977v1_uncompressed	chromosome	-	-	JBSKJU010000103.1 Escherichia coli strain UPMP1740 contig00103, whole genome shotgun sequence	1697	0.4348850913376547	c87b84a5a9cc6fa86cd5a38c85591d35	incomplete	-	-	-	-	-	-	-	-	-	-	-	-	-	-	-
GCA_053709775.1_GCA_053709775.1_ASM5370977v1	GCA_053709775.1_GCA_053709775.1_ASM5370977v1_uncompressed	chromosome	-	-	JBSKJU010000104.1 Escherichia coli strain UPMP1740 contig00104, whole genome shotgun sequence	1676	0.5173031026252983	3474c226ffe398cc51c164433a258541	incomplete	-	-	-	-	-	-	-	-	-	-	-	-	-	-	-
GCA_053709775.1_GCA_053709775.1_ASM5370977v1	GCA_053709775.1_GCA_053709775.1_ASM5370977v1_uncompressed	chromosome	-	-	JBSKJU010000105.1 Escherichia coli strain UPMP1740 contig00105, whole genome shotgun sequence	1662	0.5974729241877257	51267def6d23faedaa8a519d9bf21cd3	incomplete	-	-	-	-	-	-	-	-	-	-	-	-	-	-	-
GCA_053709775.1_GCA_053709775.1_ASM5370977v1	GCA_053709775.1_GCA_053709775.1_ASM5370977v1_uncompressed	chromosome	-	-	JBSKJU010000106.1 Escherichia coli strain UPMP1740 contig00106, whole genome shotgun sequence	1585	0.45993690851735014	819b28dfb65b098ee840e77813980915	incomplete	-	-	-	-	-	-	-	-	-	-	-	-	-	-	-
GCA_053709775.1_GCA_053709775.1_ASM5370977v1	GCA_053709775.1_GCA_053709775.1_ASM5370977v1_uncompressed	chromosome	-	-	JBSKJU010000107.1 Escherichia coli strain UPMP1740 contig00107, whole genome shotgun sequence	1580	0.6126582278481013	7a9189e0da7db6689802f447ebff47c3	incomplete	-	-	-	-	-	-	-	-	-	-	-	-	-	-	-
GCA_053709775.1_GCA_053709775.1_ASM5370977v1	GCA_053709775.1_GCA_053709775.1_ASM5370977v1_uncompressed	chromosome	-	-	JBSKJU010000108.1 Escherichia coli strain UPMP1740 contig00108, whole genome shotgun sequence	1569	0.5398342893562779	ea17b6d1298b2581afcd215030eb4e9f	incomplete	-	-	-	-	-	-	-	-	-	-	-	-	-	-	-
GCA_053709775.1_GCA_053709775.1_ASM5370977v1	GCA_053709775.1_GCA_053709775.1_ASM5370977v1_uncompressed	chromosome	-	-	JBSKJU010000109.1 Escherichia coli strain UPMP1740 contig00109, whole genome shotgun sequence	1538	0.5487646293888166	f4e81e3953ac9a00663aed363f985467	incomplete	-	-	-	-	-	-	-	-	-	-	-	-	-	-	-
GCA_053709775.1_GCA_053709775.1_ASM5370977v1	GCA_053709775.1_GCA_053709775.1_ASM5370977v1_uncompressed	chromosome	-	-	JBSKJU010000110.1 Escherichia coli strain UPMP1740 contig00110, whole genome shotgun sequence	1528	0.5582460732984293	e49c7a41bc5abab39ea0bfbed9f6d5ec	incomplete	-	-	-	-	-	-	-	-	-	-	-	-	-	-	-
GCA_053709775.1_GCA_053709775.1_ASM5370977v1	GCA_053709775.1_GCA_053709775.1_ASM5370977v1_uncompressed	chromosome	-	-	JBSKJU010000111.1 Escherichia coli strain UPMP1740 contig00111, whole genome shotgun sequence	1491	0.6438631790744467	e9bc2299236afba008bd43c647140823	incomplete	-	-	-	-	-	-	-	-	-	-	-	-	-	-	-
GCA_053709775.1_GCA_053709775.1_ASM5370977v1	GCA_053709775.1_GCA_053709775.1_ASM5370977v1_uncompressed	chromosome	-	-	JBSKJU010000112.1 Escherichia coli strain UPMP1740 contig00112, whole genome shotgun sequence	1476	0.48441734417344173	a1264cc182d9db05dfdf281122179122	incomplete	-	-	-	-	-	-	-	-	-	-	-	-	-	-	-
GCA_053709775.1_GCA_053709775.1_ASM5370977v1	GCA_053709775.1_GCA_053709775.1_ASM5370977v1_uncompressed	plasmid	AA474	AI605	JBSKJU010000113.1 Escherichia coli strain UPMP1740 contig00113, whole genome shotgun sequence	1455	0.5807560137457045	10f9beaeac7b32cc2990ae774f84ffe2	incomplete	-	-	-	-	-	-	-	-	-	MH422553	0.00811798	Escherichia coli	CP001182,CP002457,KY437727	IS15,ISPpu12,ISShfr9	repetitve element
GCA_053709775.1_GCA_053709775.1_ASM5370977v1	GCA_053709775.1_GCA_053709775.1_ASM5370977v1_uncompressed	plasmid	AA372	AI350	JBSKJU010000114.1 Escherichia coli strain UPMP1740 contig00114, whole genome shotgun sequence	1433	0.515003489183531	fec4c4508f66052dee27879579c81b5b	incomplete	-	-	-	-	-	-	-	-	-	MF175187	0.00294054	Escherichia coli	NC_002695	ISEc31	repetitve element
GCA_053709775.1_GCA_053709775.1_ASM5370977v1	GCA_053709775.1_GCA_053709775.1_ASM5370977v1_uncompressed	plasmid	AA810	-	JBSKJU010000115.1 Escherichia coli strain UPMP1740 contig00115, whole genome shotgun sequence	1412	0.5694050991501416	8bbbb6103f8ba95231289c8801ea821e	incomplete	-	-	-	-	-	-	-	-	-	CP035364	0.0519203	Escherichia coli	U12338,CP001182,KX710093,KY978628	-,IS15,ISArsp6,ISShes11	repetitve element
GCA_053709775.1_GCA_053709775.1_ASM5370977v1	GCA_053709775.1_GCA_053709775.1_ASM5370977v1_uncompressed	chromosome	-	-	JBSKJU010000116.1 Escherichia coli strain UPMP1740 contig00116, whole genome shotgun sequence	1358	0.49852724594992637	f0c1d501ee4da99d510d2f9f4f28da97	incomplete	-	-	-	-	-	-	-	-	-	-	-	-	-	-	-
GCA_053709775.1_GCA_053709775.1_ASM5370977v1	GCA_053709775.1_GCA_053709775.1_ASM5370977v1_uncompressed	plasmid	AA372	AI350	JBSKJU010000117.1 Escherichia coli strain UPMP1740 contig00117, whole genome shotgun sequence	1313	0.4798172124904798	c82667e4dcfe8d331c3a7f45059377f6	incomplete	-	-	-	-	-	-	-	-	-	MF175187	0.00294054	Escherichia coli	MF344562,KX710093,EU780013,MG764534	IS4321R,ISArsp6,ISPam4,TnAs3	repetitve element
GCA_053709775.1_GCA_053709775.1_ASM5370977v1	GCA_053709775.1_GCA_053709775.1_ASM5370977v1_uncompressed	chromosome	-	-	JBSKJU010000118.1 Escherichia coli strain UPMP1740 contig00118, whole genome shotgun sequence	1307	0.5646518745218057	b57183135a3a5a35b1bac85d9728e136	incomplete	-	-	-	-	-	-	-	-	-	-	-	-	-	-	-
GCA_053709775.1_GCA_053709775.1_ASM5370977v1	GCA_053709775.1_GCA_053709775.1_ASM5370977v1_uncompressed	chromosome	-	-	JBSKJU010000119.1 Escherichia coli strain UPMP1740 contig00119, whole genome shotgun sequence	1284	0.5599688473520249	6ee393e2e701fe20a331a7691d77af0f	incomplete	-	-	-	-	-	-	-	-	-	-	-	-	-	-	-
GCA_053709775.1_GCA_053709775.1_ASM5370977v1	GCA_053709775.1_GCA_053709775.1_ASM5370977v1_uncompressed	chromosome	-	-	JBSKJU010000120.1 Escherichia coli strain UPMP1740 contig00120, whole genome shotgun sequence	1264	0.47943037974683544	1f3ca00f69877a7554c8319b4e1d3eed	incomplete	-	-	-	-	-	-	-	-	-	-	-	-	-	-	-
GCA_053709775.1_GCA_053709775.1_ASM5370977v1	GCA_053709775.1_GCA_053709775.1_ASM5370977v1_uncompressed	chromosome	-	-	JBSKJU010000121.1 Escherichia coli strain UPMP1740 contig00121, whole genome shotgun sequence	1230	0.5300813008130081	507e40e44c6e1f11f440a6056cae62fd	incomplete	-	-	-	-	-	-	-	-	-	-	-	-	-	-	-
GCA_053709775.1_GCA_053709775.1_ASM5370977v1	GCA_053709775.1_GCA_053709775.1_ASM5370977v1_uncompressed	chromosome	-	-	JBSKJU010000122.1 Escherichia coli strain UPMP1740 contig00122, whole genome shotgun sequence	1225	0.4636734693877551	76cdc7296d56cc553a4ef48c29c21f28	incomplete	-	-	-	-	-	-	-	-	-	-	-	-	-	-	-
GCA_053709775.1_GCA_053709775.1_ASM5370977v1	GCA_053709775.1_GCA_053709775.1_ASM5370977v1_uncompressed	chromosome	-	-	JBSKJU010000123.1 Escherichia coli strain UPMP1740 contig00123, whole genome shotgun sequence	1167	0.4961439588688946	0e34847b9a417b8ab13e5044faec15e2	incomplete	-	-	-	-	-	-	-	-	-	-	-	-	CP003034	IS1397	repetitve element
GCA_053709775.1_GCA_053709775.1_ASM5370977v1	GCA_053709775.1_GCA_053709775.1_ASM5370977v1_uncompressed	chromosome	-	-	JBSKJU010000124.1 Escherichia coli strain UPMP1740 contig00124, whole genome shotgun sequence	1164	0.615979381443299	07c9c8d06def760a9294ed630af3a397	incomplete	-	-	-	-	-	-	-	-	-	-	-	-	-	-	-
GCA_053709775.1_GCA_053709775.1_ASM5370977v1	GCA_053709775.1_GCA_053709775.1_ASM5370977v1_uncompressed	chromosome	-	-	JBSKJU010000125.1 Escherichia coli strain UPMP1740 contig00125, whole genome shotgun sequence	1149	0.5796344647519582	517634a25477cd1251e35590f9b299cc	incomplete	-	-	-	-	-	-	-	-	-	-	-	-	-	-	-
GCA_053709775.1_GCA_053709775.1_ASM5370977v1	GCA_053709775.1_GCA_053709775.1_ASM5370977v1_uncompressed	chromosome	-	-	JBSKJU010000126.1 Escherichia coli strain UPMP1740 contig00126, whole genome shotgun sequence	1066	0.5909943714821764	72661edf010e92bae313422d0acfe56a	incomplete	-	-	-	-	-	-	-	-	-	-	-	-	-	-	-
GCA_053709775.1_GCA_053709775.1_ASM5370977v1	GCA_053709775.1_GCA_053709775.1_ASM5370977v1_uncompressed	plasmid	AA474	AI605	JBSKJU010000127.1 Escherichia coli strain UPMP1740 contig00127, whole genome shotgun sequence	1066	0.45684803001876173	8a1a14d1af0af12c00fbf457ffb6f5dc	incomplete	-	-	-	-	-	-	-	-	-	MH422553	0.00811798	Escherichia coli	-	-	-
GCA_053709775.1_GCA_053709775.1_ASM5370977v1	GCA_053709775.1_GCA_053709775.1_ASM5370977v1_uncompressed	plasmid	AA810	-	JBSKJU010000128.1 Escherichia coli strain UPMP1740 contig00128, whole genome shotgun sequence	1065	0.5220657276995305	7f8a3acd5024bb3b280087c3ec08f926	incomplete	-	-	-	-	-	-	-	-	-	CP035364	0.0519203	Escherichia coli	-	-	-
GCA_053709775.1_GCA_053709775.1_ASM5370977v1	GCA_053709775.1_GCA_053709775.1_ASM5370977v1_uncompressed	chromosome	-	-	JBSKJU010000129.1 Escherichia coli strain UPMP1740 contig00129, whole genome shotgun sequence	1054	0.547438330170778	35a0e25419e1f1e20e970f8cb30ece9e	incomplete	-	-	-	-	-	-	-	-	-	-	-	-	-	-	-
GCA_053709775.1_GCA_053709775.1_ASM5370977v1	GCA_053709775.1_GCA_053709775.1_ASM5370977v1_uncompressed	plasmid	AA810	-	JBSKJU010000130.1 Escherichia coli strain UPMP1740 contig00130, whole genome shotgun sequence	1050	0.5038095238095238	2e46749574db54aab7f81c8556cad7a6	incomplete	-	-	-	-	-	-	-	-	-	CP035364	0.0519203	Escherichia coli	-	-	-
GCA_053709775.1_GCA_053709775.1_ASM5370977v1	GCA_053709775.1_GCA_053709775.1_ASM5370977v1_uncompressed	plasmid	AA474	AI605	JBSKJU010000131.1 Escherichia coli strain UPMP1740 contig00131, whole genome shotgun sequence	1045	0.5492822966507177	b47ef75bc433dd576579d6c163dbce51	incomplete	-	-	-	-	-	-	-	-	-	MH422553	0.00811798	Escherichia coli	MF344564,MF458176,LT898486	ISEc33,ISKox3,ISKpn26	repetitve element
GCA_053709775.1_GCA_053709775.1_ASM5370977v1	GCA_053709775.1_GCA_053709775.1_ASM5370977v1_uncompressed	chromosome	-	-	JBSKJU010000132.1 Escherichia coli strain UPMP1740 contig00132, whole genome shotgun sequence	1021	0.5367286973555337	a01cef3456aa2dec3ad0efe5aaf22b99	incomplete	-	-	-	-	-	-	-	-	-	-	-	-	-	-	-
GCA_053709775.1_GCA_053709775.1_ASM5370977v1	GCA_053709775.1_GCA_053709775.1_ASM5370977v1_uncompressed	plasmid	AA810	-	JBSKJU010000133.1 Escherichia coli strain UPMP1740 contig00133, whole genome shotgun sequence	1016	0.4438976377952756	ef645be1daf160856e7a20ad9a38ea8d	incomplete	-	-	-	-	-	-	-	-	-	CP035364	0.0519203	Escherichia coli	-	-	-
GCA_053709775.1_GCA_053709775.1_ASM5370977v1	GCA_053709775.1_GCA_053709775.1_ASM5370977v1_uncompressed	chromosome	-	-	JBSKJU010000134.1 Escherichia coli strain UPMP1740 contig00134, whole genome shotgun sequence	1005	0.5412935323383085	a7a103ad8e9bd1ea3290dacd0353cf1e	incomplete	-	-	-	-	-	-	-	-	-	-	-	-	-	-	-
GCA_053709775.1_GCA_053709775.1_ASM5370977v1	GCA_053709775.1_GCA_053709775.1_ASM5370977v1_uncompressed	chromosome	-	-	JBSKJU010000135.1 Escherichia coli strain UPMP1740 contig00135, whole genome shotgun sequence	1002	0.3902195608782435	310aae8afb9d44ff6cd4238c317f6788	incomplete	-	-	-	-	-	-	-	-	-	-	-	-	-	-	-
GCA_053709775.1_GCA_053709775.1_ASM5370977v1	GCA_053709775.1_GCA_053709775.1_ASM5370977v1_uncompressed	chromosome	-	-	JBSKJU010000136.1 Escherichia coli strain UPMP1740 contig00136, whole genome shotgun sequence	985	0.449746192893401	96472d73d2330a268ea89f76019e53bf	incomplete	-	-	-	-	-	-	-	-	-	-	-	-	-	-	-
GCA_053709775.1_GCA_053709775.1_ASM5370977v1	GCA_053709775.1_GCA_053709775.1_ASM5370977v1_uncompressed	chromosome	-	-	JBSKJU010000137.1 Escherichia coli strain UPMP1740 contig00137, whole genome shotgun sequence	908	0.4746696035242291	5f6f8ec50ada3d1973bc3fbdeaa9e1b1	incomplete	-	-	-	-	-	-	-	-	-	-	-	-	-	-	-
GCA_053709775.1_GCA_053709775.1_ASM5370977v1	GCA_053709775.1_GCA_053709775.1_ASM5370977v1_uncompressed	chromosome	-	-	JBSKJU010000138.1 Escherichia coli strain UPMP1740 contig00138, whole genome shotgun sequence	894	0.5559284116331096	87f07c21b40aaf2d82833defcfb5c392	incomplete	-	-	-	-	-	-	-	-	-	-	-	-	-	-	-
GCA_053709775.1_GCA_053709775.1_ASM5370977v1	GCA_053709775.1_GCA_053709775.1_ASM5370977v1_uncompressed	chromosome	-	-	JBSKJU010000139.1 Escherichia coli strain UPMP1740 contig00139, whole genome shotgun sequence	834	0.5335731414868106	b546e79a796453685b6fe30b54a36f3c	incomplete	-	-	-	-	-	-	-	-	-	-	-	-	-	-	-
GCA_053709775.1_GCA_053709775.1_ASM5370977v1	GCA_053709775.1_GCA_053709775.1_ASM5370977v1_uncompressed	chromosome	-	-	JBSKJU010000140.1 Escherichia coli strain UPMP1740 contig00140, whole genome shotgun sequence	828	0.501207729468599	93769946231f6d61b4dbebdb7ed70cf1	incomplete	-	-	-	-	-	-	-	-	-	-	-	-	-	-	-
GCA_053709775.1_GCA_053709775.1_ASM5370977v1	GCA_053709775.1_GCA_053709775.1_ASM5370977v1_uncompressed	chromosome	-	-	JBSKJU010000141.1 Escherichia coli strain UPMP1740 contig00141, whole genome shotgun sequence	827	0.4957678355501814	cc12f9b5b78f3a7afada406d891fceac	incomplete	-	-	-	-	-	-	-	-	-	-	-	-	-	-	-
GCA_053709775.1_GCA_053709775.1_ASM5370977v1	GCA_053709775.1_GCA_053709775.1_ASM5370977v1_uncompressed	chromosome	-	-	JBSKJU010000142.1 Escherichia coli strain UPMP1740 contig00142, whole genome shotgun sequence	820	0.525609756097561	98b158a0445f782c8e192c4aadaf8702	incomplete	-	-	-	-	-	-	-	-	-	-	-	-	-	-	-
GCA_053709775.1_GCA_053709775.1_ASM5370977v1	GCA_053709775.1_GCA_053709775.1_ASM5370977v1_uncompressed	chromosome	-	-	JBSKJU010000143.1 Escherichia coli strain UPMP1740 contig00143, whole genome shotgun sequence	792	0.6262626262626263	69004642e278490fb0f0874fe0e188c7	incomplete	-	-	-	-	-	-	-	-	-	-	-	-	-	-	-
GCA_053709775.1_GCA_053709775.1_ASM5370977v1	GCA_053709775.1_GCA_053709775.1_ASM5370977v1_uncompressed	chromosome	-	-	JBSKJU010000144.1 Escherichia coli strain UPMP1740 contig00144, whole genome shotgun sequence	778	0.5244215938303342	5cc579634b04ca54f66645012e9687b8	incomplete	-	-	-	-	-	-	-	-	-	-	-	-	-	-	-
GCA_053709775.1_GCA_053709775.1_ASM5370977v1	GCA_053709775.1_GCA_053709775.1_ASM5370977v1_uncompressed	chromosome	-	-	JBSKJU010000145.1 Escherichia coli strain UPMP1740 contig00145, whole genome shotgun sequence	767	0.5814863102998696	645bd293e18918fb0f208bcbe8a661ac	incomplete	-	-	-	-	-	-	-	-	-	-	-	-	-	-	-
GCA_053709775.1_GCA_053709775.1_ASM5370977v1	GCA_053709775.1_GCA_053709775.1_ASM5370977v1_uncompressed	chromosome	-	-	JBSKJU010000146.1 Escherichia coli strain UPMP1740 contig00146, whole genome shotgun sequence	728	0.5123626373626373	5cdb592fad57d7e443d9cbcb74dc90f2	incomplete	-	-	-	-	-	-	-	-	-	-	-	-	-	-	-
GCA_053709775.1_GCA_053709775.1_ASM5370977v1	GCA_053709775.1_GCA_053709775.1_ASM5370977v1_uncompressed	chromosome	-	-	JBSKJU010000147.1 Escherichia coli strain UPMP1740 contig00147, whole genome shotgun sequence	699	0.5679542203147353	455dbca6ec5313a81f85531c6b4782fb	incomplete	-	-	-	-	-	-	-	-	-	-	-	-	-	-	-
GCA_053709775.1_GCA_053709775.1_ASM5370977v1	GCA_053709775.1_GCA_053709775.1_ASM5370977v1_uncompressed	chromosome	-	-	JBSKJU010000148.1 Escherichia coli strain UPMP1740 contig00148, whole genome shotgun sequence	695	0.46906474820143884	ddac99173a723fe70142f233bddf1df3	incomplete	-	-	-	-	-	-	-	-	-	-	-	-	-	-	-
GCA_053709775.1_GCA_053709775.1_ASM5370977v1	GCA_053709775.1_GCA_053709775.1_ASM5370977v1_uncompressed	chromosome	-	-	JBSKJU010000149.1 Escherichia coli strain UPMP1740 contig00149, whole genome shotgun sequence	666	0.5465465465465466	3f3c70560ff0c5f7695cc716a3063647	incomplete	-	-	-	-	-	-	-	-	-	-	-	-	-	-	-
GCA_053709775.1_GCA_053709775.1_ASM5370977v1	GCA_053709775.1_GCA_053709775.1_ASM5370977v1_uncompressed	chromosome	-	-	JBSKJU010000150.1 Escherichia coli strain UPMP1740 contig00150, whole genome shotgun sequence	664	0.5286144578313253	1e5d0f6ffe5e42c11d98c28e5c8ad9db	incomplete	-	-	-	-	-	-	-	-	-	-	-	-	-	-	-
GCA_053709775.1_GCA_053709775.1_ASM5370977v1	GCA_053709775.1_GCA_053709775.1_ASM5370977v1_uncompressed	chromosome	-	-	JBSKJU010000151.1 Escherichia coli strain UPMP1740 contig00151, whole genome shotgun sequence	663	0.5867269984917044	8ab8acdb6ec58c5ebdbf8a60ab7b59f0	incomplete	-	-	-	-	-	-	-	-	-	-	-	-	-	-	-
GCA_053709775.1_GCA_053709775.1_ASM5370977v1	GCA_053709775.1_GCA_053709775.1_ASM5370977v1_uncompressed	chromosome	-	-	JBSKJU010000152.1 Escherichia coli strain UPMP1740 contig00152, whole genome shotgun sequence	662	0.5453172205438066	9dfdcc3c6474ac97c8f41ad91f64bf15	incomplete	-	-	-	-	-	-	-	-	-	-	-	-	-	-	-
GCA_053709775.1_GCA_053709775.1_ASM5370977v1	GCA_053709775.1_GCA_053709775.1_ASM5370977v1_uncompressed	chromosome	-	-	JBSKJU010000153.1 Escherichia coli strain UPMP1740 contig00153, whole genome shotgun sequence	660	0.49242424242424243	a73fe026c1f1a1e184ff1d630e2b4175	incomplete	-	-	-	-	-	-	-	-	-	-	-	-	-	-	-
GCA_053709775.1_GCA_053709775.1_ASM5370977v1	GCA_053709775.1_GCA_053709775.1_ASM5370977v1_uncompressed	chromosome	-	-	JBSKJU010000154.1 Escherichia coli strain UPMP1740 contig00154, whole genome shotgun sequence	659	0.5235204855842185	b6e32e2c45ccd8b6db69bc54e028f2da	incomplete	-	-	-	-	-	-	-	-	-	-	-	-	-	-	-
GCA_053709775.1_GCA_053709775.1_ASM5370977v1	GCA_053709775.1_GCA_053709775.1_ASM5370977v1_uncompressed	chromosome	-	-	JBSKJU010000155.1 Escherichia coli strain UPMP1740 contig00155, whole genome shotgun sequence	623	0.5345104333868379	a6711095e0d1e1d1dc28ff24193225a0	incomplete	-	-	-	-	-	-	-	-	-	-	-	-	-	-	-
GCA_053709775.1_GCA_053709775.1_ASM5370977v1	GCA_053709775.1_GCA_053709775.1_ASM5370977v1_uncompressed	chromosome	-	-	JBSKJU010000156.1 Escherichia coli strain UPMP1740 contig00156, whole genome shotgun sequence	622	0.40353697749196143	dc25aa8b4eef4f87c4bcdabf4c3de9ca	incomplete	-	-	-	-	-	-	-	-	-	-	-	-	-	-	-
GCA_053709775.1_GCA_053709775.1_ASM5370977v1	GCA_053709775.1_GCA_053709775.1_ASM5370977v1_uncompressed	chromosome	-	-	JBSKJU010000157.1 Escherichia coli strain UPMP1740 contig00157, whole genome shotgun sequence	618	0.5598705501618123	fa205badda245e4d2e4518722af5bf66	incomplete	-	-	-	-	-	-	-	-	-	-	-	-	-	-	-
GCA_053709775.1_GCA_053709775.1_ASM5370977v1	GCA_053709775.1_GCA_053709775.1_ASM5370977v1_uncompressed	chromosome	-	-	JBSKJU010000158.1 Escherichia coli strain UPMP1740 contig00158, whole genome shotgun sequence	615	0.5333333333333333	0aab529438f373bdd4de907df6b69a89	incomplete	-	-	-	-	-	-	-	-	-	-	-	-	-	-	-
GCA_053709775.1_GCA_053709775.1_ASM5370977v1	GCA_053709775.1_GCA_053709775.1_ASM5370977v1_uncompressed	chromosome	-	-	JBSKJU010000159.1 Escherichia coli strain UPMP1740 contig00159, whole genome shotgun sequence	610	0.5	eaffd2b37fd98e6628092b0b67fc7785	incomplete	-	-	-	-	-	-	-	-	-	-	-	-	-	-	-
GCA_053709775.1_GCA_053709775.1_ASM5370977v1	GCA_053709775.1_GCA_053709775.1_ASM5370977v1_uncompressed	chromosome	-	-	JBSKJU010000160.1 Escherichia coli strain UPMP1740 contig00160, whole genome shotgun sequence	592	0.4966216216216216	3dd7496dc778bc25c99a43062e6e0186	incomplete	-	-	-	-	-	-	-	-	-	-	-	-	-	-	-
GCA_053709775.1_GCA_053709775.1_ASM5370977v1	GCA_053709775.1_GCA_053709775.1_ASM5370977v1_uncompressed	chromosome	-	-	JBSKJU010000161.1 Escherichia coli strain UPMP1740 contig00161, whole genome shotgun sequence	572	0.6066433566433567	326654d8d9148233e275bfbc214de9b5	incomplete	-	-	-	-	-	-	-	-	-	-	-	-	-	-	-
GCA_053709775.1_GCA_053709775.1_ASM5370977v1	GCA_053709775.1_GCA_053709775.1_ASM5370977v1_uncompressed	chromosome	-	-	JBSKJU010000162.1 Escherichia coli strain UPMP1740 contig00162, whole genome shotgun sequence	568	0.4859154929577465	29433152d8a845f626d18817cf171e40	incomplete	-	-	-	-	-	-	-	-	-	-	-	-	-	-	-
GCA_053709775.1_GCA_053709775.1_ASM5370977v1	GCA_053709775.1_GCA_053709775.1_ASM5370977v1_uncompressed	chromosome	-	-	JBSKJU010000163.1 Escherichia coli strain UPMP1740 contig00163, whole genome shotgun sequence	562	0.4893238434163701	d1bcfe6f400abe0d5109fa7b61ea65b6	incomplete	-	-	-	-	-	-	-	-	-	-	-	-	-	-	-
GCA_053709775.1_GCA_053709775.1_ASM5370977v1	GCA_053709775.1_GCA_053709775.1_ASM5370977v1_uncompressed	chromosome	-	-	JBSKJU010000164.1 Escherichia coli strain UPMP1740 contig00164, whole genome shotgun sequence	553	0.5045207956600362	2572e8a4830d439a51172a86da96eef9	incomplete	-	-	-	-	-	-	-	-	-	-	-	-	-	-	-
GCA_053709775.1_GCA_053709775.1_ASM5370977v1	GCA_053709775.1_GCA_053709775.1_ASM5370977v1_uncompressed	chromosome	-	-	JBSKJU010000165.1 Escherichia coli strain UPMP1740 contig00165, whole genome shotgun sequence	549	0.4936247723132969	5a752a01bbfad4ee3de82f2421658af0	incomplete	-	-	-	-	-	-	-	-	-	-	-	-	-	-	-
GCA_053709775.1_GCA_053709775.1_ASM5370977v1	GCA_053709775.1_GCA_053709775.1_ASM5370977v1_uncompressed	chromosome	-	-	JBSKJU010000166.1 Escherichia coli strain UPMP1740 contig00166, whole genome shotgun sequence	537	0.4934823091247672	5dee48f2b991c70b5a943ef4ba133eca	incomplete	-	-	-	-	-	-	-	-	-	-	-	-	-	-	-
GCA_053709775.1_GCA_053709775.1_ASM5370977v1	GCA_053709775.1_GCA_053709775.1_ASM5370977v1_uncompressed	chromosome	-	-	JBSKJU010000167.1 Escherichia coli strain UPMP1740 contig00167, whole genome shotgun sequence	532	0.6203007518796992	4d59fd0563cba9a93732b1ee4c4660db	incomplete	-	-	-	-	-	-	-	-	-	-	-	-	-	-	-
GCA_053709775.1_GCA_053709775.1_ASM5370977v1	GCA_053709775.1_GCA_053709775.1_ASM5370977v1_uncompressed	chromosome	-	-	JBSKJU010000168.1 Escherichia coli strain UPMP1740 contig00168, whole genome shotgun sequence	532	0.6334586466165414	ee666c907db4f13c7668d4d318db46e9	incomplete	-	-	-	-	-	-	-	-	-	-	-	-	-	-	-
GCA_053709775.1_GCA_053709775.1_ASM5370977v1	GCA_053709775.1_GCA_053709775.1_ASM5370977v1_uncompressed	chromosome	-	-	JBSKJU010000169.1 Escherichia coli strain UPMP1740 contig00169, whole genome shotgun sequence	530	0.4716981132075472	730cda2b9a36f2edec9208fa47232d54	incomplete	-	-	-	-	-	-	-	-	-	-	-	-	-	-	-
GCA_053709775.1_GCA_053709775.1_ASM5370977v1	GCA_053709775.1_GCA_053709775.1_ASM5370977v1_uncompressed	chromosome	-	-	JBSKJU010000170.1 Escherichia coli strain UPMP1740 contig00170, whole genome shotgun sequence	522	0.5306513409961686	2dae8e3c75c2c2cc985ac6682f277416	incomplete	-	-	-	-	-	-	-	-	-	-	-	-	-	-	-
GCA_053709775.1_GCA_053709775.1_ASM5370977v1	GCA_053709775.1_GCA_053709775.1_ASM5370977v1_uncompressed	chromosome	-	-	JBSKJU010000171.1 Escherichia coli strain UPMP1740 contig00171, whole genome shotgun sequence	503	0.5566600397614314	961c3d46401e1309edae1f9f59c4737c	incomplete	-	-	-	-	-	-	-	-	-	-	-	-	-	-	-
GCA_053709775.1_GCA_053709775.1_ASM5370977v1	GCA_053709775.1_GCA_053709775.1_ASM5370977v1_uncompressed	chromosome	-	-	JBSKJU010000172.1 Escherichia coli strain UPMP1740 contig00172, whole genome shotgun sequence	501	0.5548902195608783	e27b0573f4cbdda8b6196c9333c72c50	incomplete	-	-	-	-	-	-	-	-	-	-	-	-	-	-	-
GCA_053709775.1_GCA_053709775.1_ASM5370977v1	GCA_053709775.1_GCA_053709775.1_ASM5370977v1_uncompressed	chromosome	-	-	JBSKJU010000173.1 Escherichia coli strain UPMP1740 contig00173, whole genome shotgun sequence	487	0.5195071868583162	71f3ad153cdc716e6b218f6445ff0381	incomplete	-	-	-	-	-	-	-	-	-	-	-	-	-	-	-
GCA_053709775.1_GCA_053709775.1_ASM5370977v1	GCA_053709775.1_GCA_053709775.1_ASM5370977v1_uncompressed	chromosome	-	-	JBSKJU010000174.1 Escherichia coli strain UPMP1740 contig00174, whole genome shotgun sequence	483	0.5610766045548654	57a18677256f85ea0270ac685419a5a0	incomplete	-	-	-	-	-	-	-	-	-	-	-	-	-	-	-
GCA_053709775.1_GCA_053709775.1_ASM5370977v1	GCA_053709775.1_GCA_053709775.1_ASM5370977v1_uncompressed	chromosome	-	-	JBSKJU010000175.1 Escherichia coli strain UPMP1740 contig00175, whole genome shotgun sequence	481	0.5987525987525988	7c1ccd4dd862ddc405e17af75e3fa74a	incomplete	-	-	-	-	-	-	-	-	-	-	-	-	-	-	-
GCA_053709775.1_GCA_053709775.1_ASM5370977v1	GCA_053709775.1_GCA_053709775.1_ASM5370977v1_uncompressed	chromosome	-	-	JBSKJU010000176.1 Escherichia coli strain UPMP1740 contig00176, whole genome shotgun sequence	478	0.4665271966527197	462ad359526e76d4fd05327030ed1d7e	incomplete	-	-	-	-	-	-	-	-	-	-	-	-	-	-	-
GCA_053709775.1_GCA_053709775.1_ASM5370977v1	GCA_053709775.1_GCA_053709775.1_ASM5370977v1_uncompressed	chromosome	-	-	JBSKJU010000177.1 Escherichia coli strain UPMP1740 contig00177, whole genome shotgun sequence	477	0.44234800838574423	e44f514ec4251a36374ea6e6c9f379c0	incomplete	-	-	-	-	-	-	-	-	-	-	-	-	-	-	-
GCA_053709775.1_GCA_053709775.1_ASM5370977v1	GCA_053709775.1_GCA_053709775.1_ASM5370977v1_uncompressed	chromosome	-	-	JBSKJU010000178.1 Escherichia coli strain UPMP1740 contig00178, whole genome shotgun sequence	473	0.5687103594080338	0682af72de31a3db7e777ec87fea0e4b	incomplete	-	-	-	-	-	-	-	-	-	-	-	-	-	-	-
GCA_053709775.1_GCA_053709775.1_ASM5370977v1	GCA_053709775.1_GCA_053709775.1_ASM5370977v1_uncompressed	chromosome	-	-	JBSKJU010000179.1 Escherichia coli strain UPMP1740 contig00179, whole genome shotgun sequence	469	0.5159914712153518	1391a0dd3cbcbf2d99661a8d133f8e18	incomplete	-	-	-	-	-	-	-	-	-	-	-	-	-	-	-
GCA_053709775.1_GCA_053709775.1_ASM5370977v1	GCA_053709775.1_GCA_053709775.1_ASM5370977v1_uncompressed	chromosome	-	-	JBSKJU010000180.1 Escherichia coli strain UPMP1740 contig00180, whole genome shotgun sequence	463	0.509719222462203	4feefcae5bdddd16d4a820715dd1a173	incomplete	-	-	-	-	-	-	-	-	-	-	-	-	-	-	-
GCA_053709775.1_GCA_053709775.1_ASM5370977v1	GCA_053709775.1_GCA_053709775.1_ASM5370977v1_uncompressed	chromosome	-	-	JBSKJU010000181.1 Escherichia coli strain UPMP1740 contig00181, whole genome shotgun sequence	460	0.5347826086956522	49c0e41b2e4982f4c35b0501593ac418	incomplete	-	-	-	-	-	-	-	-	-	-	-	-	-	-	-
GCA_053709775.1_GCA_053709775.1_ASM5370977v1	GCA_053709775.1_GCA_053709775.1_ASM5370977v1_uncompressed	chromosome	-	-	JBSKJU010000182.1 Escherichia coli strain UPMP1740 contig00182, whole genome shotgun sequence	460	0.5456521739130434	a56e3463e16193b34dee3be4af972e30	incomplete	-	-	-	-	-	-	-	-	-	-	-	-	-	-	-
GCA_053709775.1_GCA_053709775.1_ASM5370977v1	GCA_053709775.1_GCA_053709775.1_ASM5370977v1_uncompressed	chromosome	-	-	JBSKJU010000183.1 Escherichia coli strain UPMP1740 contig00183, whole genome shotgun sequence	452	0.3252212389380531	3334328a547ead2b7d845a15cf71279f	incomplete	-	-	-	-	-	-	-	-	-	-	-	-	-	-	-
GCA_053709775.1_GCA_053709775.1_ASM5370977v1	GCA_053709775.1_GCA_053709775.1_ASM5370977v1_uncompressed	chromosome	-	-	JBSKJU010000184.1 Escherichia coli strain UPMP1740 contig00184, whole genome shotgun sequence	452	0.5221238938053098	4066848b5543c0b181d1733372591eb6	incomplete	-	-	-	-	-	-	-	-	-	-	-	-	-	-	-
GCA_053709775.1_GCA_053709775.1_ASM5370977v1	GCA_053709775.1_GCA_053709775.1_ASM5370977v1_uncompressed	chromosome	-	-	JBSKJU010000185.1 Escherichia coli strain UPMP1740 contig00185, whole genome shotgun sequence	445	0.5685393258426966	857ea6a3921b68cae5260882577c948d	incomplete	-	-	-	-	-	-	-	-	-	-	-	-	-	-	-
GCA_053709775.1_GCA_053709775.1_ASM5370977v1	GCA_053709775.1_GCA_053709775.1_ASM5370977v1_uncompressed	chromosome	-	-	JBSKJU010000186.1 Escherichia coli strain UPMP1740 contig00186, whole genome shotgun sequence	445	0.5101123595505618	0cd5c4dec4c28b6a7477b1e513936991	incomplete	-	-	-	-	-	-	-	-	-	-	-	-	-	-	-
GCA_053709775.1_GCA_053709775.1_ASM5370977v1	GCA_053709775.1_GCA_053709775.1_ASM5370977v1_uncompressed	chromosome	-	-	JBSKJU010000187.1 Escherichia coli strain UPMP1740 contig00187, whole genome shotgun sequence	443	0.4040632054176072	63112f596ca095f7ee2fd03285ee7d53	incomplete	-	-	-	-	-	-	-	-	-	-	-	-	-	-	-
GCA_053709775.1_GCA_053709775.1_ASM5370977v1	GCA_053709775.1_GCA_053709775.1_ASM5370977v1_uncompressed	chromosome	-	-	JBSKJU010000188.1 Escherichia coli strain UPMP1740 contig00188, whole genome shotgun sequence	442	0.5565610859728507	157a41a144b507918d2d92f668c07475	incomplete	-	-	-	-	-	-	-	-	-	-	-	-	-	-	-
GCA_053709775.1_GCA_053709775.1_ASM5370977v1	GCA_053709775.1_GCA_053709775.1_ASM5370977v1_uncompressed	chromosome	-	-	JBSKJU010000189.1 Escherichia coli strain UPMP1740 contig00189, whole genome shotgun sequence	439	0.5398633257403189	bfe82da6795111e40389c161086b5087	incomplete	-	-	-	-	-	-	-	-	-	-	-	-	-	-	-
GCA_053709775.1_GCA_053709775.1_ASM5370977v1	GCA_053709775.1_GCA_053709775.1_ASM5370977v1_uncompressed	chromosome	-	-	JBSKJU010000190.1 Escherichia coli strain UPMP1740 contig00190, whole genome shotgun sequence	436	0.5321100917431193	6b9a1f57b7d395bd128a792691b4bd79	incomplete	-	-	-	-	-	-	-	-	-	-	-	-	-	-	-
GCA_053709775.1_GCA_053709775.1_ASM5370977v1	GCA_053709775.1_GCA_053709775.1_ASM5370977v1_uncompressed	chromosome	-	-	JBSKJU010000191.1 Escherichia coli strain UPMP1740 contig00191, whole genome shotgun sequence	433	0.5265588914549654	bcb871a42fc063f72f88fd409b39d57e	incomplete	-	-	-	-	-	-	-	-	-	-	-	-	-	-	-
GCA_053709775.1_GCA_053709775.1_ASM5370977v1	GCA_053709775.1_GCA_053709775.1_ASM5370977v1_uncompressed	chromosome	-	-	JBSKJU010000192.1 Escherichia coli strain UPMP1740 contig00192, whole genome shotgun sequence	430	0.4558139534883721	35a8bb939c106ebd54dba9b19bc6dc76	incomplete	-	-	-	-	-	-	-	-	-	-	-	-	-	-	-
GCA_053709775.1_GCA_053709775.1_ASM5370977v1	GCA_053709775.1_GCA_053709775.1_ASM5370977v1_uncompressed	chromosome	-	-	JBSKJU010000193.1 Escherichia coli strain UPMP1740 contig00193, whole genome shotgun sequence	417	0.5419664268585132	0d5e49573d765d38a6cab6911c01b20c	incomplete	-	-	-	-	-	-	-	-	-	-	-	-	-	-	-
GCA_053709775.1_GCA_053709775.1_ASM5370977v1	GCA_053709775.1_GCA_053709775.1_ASM5370977v1_uncompressed	chromosome	-	-	JBSKJU010000194.1 Escherichia coli strain UPMP1740 contig00194, whole genome shotgun sequence	407	0.5356265356265356	9e74598ad6bfa04dbae8f0e7e82fdf1e	incomplete	-	-	-	-	-	-	-	-	-	-	-	-	-	-	-
GCA_053709775.1_GCA_053709775.1_ASM5370977v1	GCA_053709775.1_GCA_053709775.1_ASM5370977v1_uncompressed	chromosome	-	-	JBSKJU010000195.1 Escherichia coli strain UPMP1740 contig00195, whole genome shotgun sequence	401	0.5037406483790524	94e1ef87a79989f4569b8a5e3d140373	incomplete	-	-	-	-	-	-	-	-	-	-	-	-	-	-	-
GCA_053709775.1_GCA_053709775.1_ASM5370977v1	GCA_053709775.1_GCA_053709775.1_ASM5370977v1_uncompressed	chromosome	-	-	JBSKJU010000196.1 Escherichia coli strain UPMP1740 contig00196, whole genome shotgun sequence	385	0.5558441558441558	c734277d16dc6fc72e4da0d9ba064332	incomplete	-	-	-	-	-	-	-	-	-	-	-	-	-	-	-
GCA_053709775.1_GCA_053709775.1_ASM5370977v1	GCA_053709775.1_GCA_053709775.1_ASM5370977v1_uncompressed	chromosome	-	-	JBSKJU010000197.1 Escherichia coli strain UPMP1740 contig00197, whole genome shotgun sequence	381	0.4645669291338583	ed4634bac1234a7aa9c33a6722ae3d18	incomplete	-	-	-	-	-	-	-	-	-	-	-	-	-	-	-
GCA_053709775.1_GCA_053709775.1_ASM5370977v1	GCA_053709775.1_GCA_053709775.1_ASM5370977v1_uncompressed	chromosome	-	-	JBSKJU010000198.1 Escherichia coli strain UPMP1740 contig00198, whole genome shotgun sequence	379	0.6411609498680739	c97445b98b333ff9df819b8797fc462b	incomplete	-	-	-	-	-	-	-	-	-	-	-	-	-	-	-
GCA_053709775.1_GCA_053709775.1_ASM5370977v1	GCA_053709775.1_GCA_053709775.1_ASM5370977v1_uncompressed	chromosome	-	-	JBSKJU010000199.1 Escherichia coli strain UPMP1740 contig00199, whole genome shotgun sequence	372	0.5564516129032258	c7de5338cda4b190508ff0dbca4ae185	incomplete	-	-	-	-	-	-	-	-	-	-	-	-	-	-	-
GCA_053709775.1_GCA_053709775.1_ASM5370977v1	GCA_053709775.1_GCA_053709775.1_ASM5370977v1_uncompressed	chromosome	-	-	JBSKJU010000200.1 Escherichia coli strain UPMP1740 contig00200, whole genome shotgun sequence	368	0.5407608695652174	606df2d48e77683d487e229b492d48fa	incomplete	-	-	-	-	-	-	-	-	-	-	-	-	-	-	-
GCA_053709775.1_GCA_053709775.1_ASM5370977v1	GCA_053709775.1_GCA_053709775.1_ASM5370977v1_uncompressed	chromosome	-	-	JBSKJU010000201.1 Escherichia coli strain UPMP1740 contig00201, whole genome shotgun sequence	367	0.5449591280653951	24033e5f860fc514d26dc66e4782ff48	incomplete	-	-	-	-	-	-	-	-	-	-	-	-	-	-	-
GCA_053709775.1_GCA_053709775.1_ASM5370977v1	GCA_053709775.1_GCA_053709775.1_ASM5370977v1_uncompressed	chromosome	-	-	JBSKJU010000202.1 Escherichia coli strain UPMP1740 contig00202, whole genome shotgun sequence	366	0.5573770491803278	6dfd26c714300489783d9a3d209e943d	incomplete	-	-	-	-	-	-	-	-	-	-	-	-	-	-	-
GCA_053709775.1_GCA_053709775.1_ASM5370977v1	GCA_053709775.1_GCA_053709775.1_ASM5370977v1_uncompressed	chromosome	-	-	JBSKJU010000203.1 Escherichia coli strain UPMP1740 contig00203, whole genome shotgun sequence	365	0.4876712328767123	3e9955d8a9cb1d4e9c10679d8f4edaf7	incomplete	-	-	-	-	-	-	-	-	-	-	-	-	-	-	-
GCA_053709775.1_GCA_053709775.1_ASM5370977v1	GCA_053709775.1_GCA_053709775.1_ASM5370977v1_uncompressed	chromosome	-	-	JBSKJU010000204.1 Escherichia coli strain UPMP1740 contig00204, whole genome shotgun sequence	362	0.5607734806629834	83f4a541abd7fca8af62059c99e1d785	incomplete	-	-	-	-	-	-	-	-	-	-	-	-	-	-	-
GCA_053709775.1_GCA_053709775.1_ASM5370977v1	GCA_053709775.1_GCA_053709775.1_ASM5370977v1_uncompressed	chromosome	-	-	JBSKJU010000205.1 Escherichia coli strain UPMP1740 contig00205, whole genome shotgun sequence	362	0.5082872928176796	570bc75fd30f10a317971c0dd633f2c2	incomplete	-	-	-	-	-	-	-	-	-	-	-	-	-	-	-
GCA_902703155.1_GCA_902703155.1_Eco04570	GCA_902703155.1_GCA_902703155.1_Eco04570_uncompressed	chromosome	-	-	CACRYI010000001.1 Escherichia coli strain Eco04570 genome assembly, contig: Eco04570-merged_contig_1, whole genome shotgun sequence	387958	0.5062867630001185	96ee640e3a21d68d114241725b339568	incomplete	-	-	-	-	-	-	-	-	-	-	-	-	-	-	-
GCA_902703155.1_GCA_902703155.1_Eco04570	GCA_902703155.1_GCA_902703155.1_Eco04570_uncompressed	chromosome	-	-	CACRYI010000002.1 Escherichia coli strain Eco04570 genome assembly, contig: Eco04570-merged_contig_2, whole genome shotgun sequence	331342	0.5090631432175818	8006f1c01d5c0ccd8821e05352ea9f1e	incomplete	-	-	-	-	-	-	-	-	-	-	-	-	-	-	-
GCA_902703155.1_GCA_902703155.1_Eco04570	GCA_902703155.1_GCA_902703155.1_Eco04570_uncompressed	chromosome	-	-	CACRYI010000003.1 Escherichia coli strain Eco04570 genome assembly, contig: Eco04570-merged_contig_3, whole genome shotgun sequence	296033	0.5016906898893029	4cdf453992ec2ec64a8ff03e203b77b3	incomplete	-	-	-	-	-	-	-	-	-	-	-	-	-	-	-
GCA_902703155.1_GCA_902703155.1_Eco04570	GCA_902703155.1_GCA_902703155.1_Eco04570_uncompressed	chromosome	-	-	CACRYI010000004.1 Escherichia coli strain Eco04570 genome assembly, contig: Eco04570-merged_contig_4, whole genome shotgun sequence	293124	0.4928528540822314	eb4d49348d01a454bdfc533090680336	incomplete	-	-	-	-	-	-	-	-	-	-	-	-	-	-	-
GCA_902703155.1_GCA_902703155.1_Eco04570	GCA_902703155.1_GCA_902703155.1_Eco04570_uncompressed	chromosome	-	-	CACRYI010000005.1 Escherichia coli strain Eco04570 genome assembly, contig: Eco04570-merged_contig_5, whole genome shotgun sequence	281136	0.49215682089807067	cc73fbf56d2c57d6daf9e15e9a597372	incomplete	-	-	-	-	-	-	-	-	-	-	-	-	-	-	-
GCA_902703155.1_GCA_902703155.1_Eco04570	GCA_902703155.1_GCA_902703155.1_Eco04570_uncompressed	chromosome	-	-	CACRYI010000006.1 Escherichia coli strain Eco04570 genome assembly, contig: Eco04570-merged_contig_6, whole genome shotgun sequence	274643	0.5110634532829892	507377b77e243af82ea73f26079ee0a4	incomplete	-	-	-	-	-	-	-	-	-	-	-	-	-	-	-
GCA_902703155.1_GCA_902703155.1_Eco04570	GCA_902703155.1_GCA_902703155.1_Eco04570_uncompressed	chromosome	-	-	CACRYI010000007.1 Escherichia coli strain Eco04570 genome assembly, contig: Eco04570-merged_contig_7, whole genome shotgun sequence	234339	0.501636518035837	50492337a1c6d24a8edd7533febf14ec	incomplete	-	-	-	-	-	-	-	-	-	-	-	-	-	-	-
GCA_902703155.1_GCA_902703155.1_Eco04570	GCA_902703155.1_GCA_902703155.1_Eco04570_uncompressed	chromosome	-	-	CACRYI010000008.1 Escherichia coli strain Eco04570 genome assembly, contig: Eco04570-merged_contig_8, whole genome shotgun sequence	223996	0.5089823032554153	1e22230016f88daf6c6a27a69a13c513	incomplete	-	-	-	-	-	-	-	-	-	-	-	-	-	-	-
GCA_902703155.1_GCA_902703155.1_Eco04570	GCA_902703155.1_GCA_902703155.1_Eco04570_uncompressed	chromosome	-	-	CACRYI010000009.1 Escherichia coli strain Eco04570 genome assembly, contig: Eco04570-merged_contig_9, whole genome shotgun sequence	213508	0.5108520523821122	85fe64b12d1b9e388e8b645ab0d5e8a5	incomplete	-	-	-	-	-	-	-	-	-	-	-	-	-	-	-
GCA_902703155.1_GCA_902703155.1_Eco04570	GCA_902703155.1_GCA_902703155.1_Eco04570_uncompressed	chromosome	-	-	CACRYI010000010.1 Escherichia coli strain Eco04570 genome assembly, contig: Eco04570-merged_contig_10, whole genome shotgun sequence	204049	0.519301736347642	745224d53886579de7732acaa9e46121	incomplete	-	-	-	-	-	-	-	-	-	-	-	-	-	-	-
GCA_902703155.1_GCA_902703155.1_Eco04570	GCA_902703155.1_GCA_902703155.1_Eco04570_uncompressed	chromosome	-	-	CACRYI010000011.1 Escherichia coli strain Eco04570 genome assembly, contig: Eco04570-merged_contig_11, whole genome shotgun sequence	185458	0.5019734926506271	939081a739d5b179291d7a370d22e468	incomplete	-	-	-	-	-	-	-	-	-	-	-	-	-	-	-
GCA_902703155.1_GCA_902703155.1_Eco04570	GCA_902703155.1_GCA_902703155.1_Eco04570_uncompressed	chromosome	-	-	CACRYI010000012.1 Escherichia coli strain Eco04570 genome assembly, contig: Eco04570-merged_contig_12, whole genome shotgun sequence	169166	0.5081872243831502	c655a1b515c3c189a0de87080352d0b1	incomplete	-	-	-	-	-	-	-	-	-	-	-	-	-	-	-
GCA_902703155.1_GCA_902703155.1_Eco04570	GCA_902703155.1_GCA_902703155.1_Eco04570_uncompressed	chromosome	-	-	CACRYI010000013.1 Escherichia coli strain Eco04570 genome assembly, contig: Eco04570-merged_contig_13, whole genome shotgun sequence	168105	0.5089557122036822	2fc7b9feeab08cbb3dd4e5a8ec15ac29	incomplete	-	-	-	-	-	-	-	-	-	-	-	-	-	-	-
GCA_902703155.1_GCA_902703155.1_Eco04570	GCA_902703155.1_GCA_902703155.1_Eco04570_uncompressed	chromosome	-	-	CACRYI010000014.1 Escherichia coli strain Eco04570 genome assembly, contig: Eco04570-merged_contig_14, whole genome shotgun sequence	153932	0.5099719356599017	8dea43afa58a67f266bab48d63250743	incomplete	-	-	-	-	-	-	-	-	-	-	-	-	-	-	-
GCA_902703155.1_GCA_902703155.1_Eco04570	GCA_902703155.1_GCA_902703155.1_Eco04570_uncompressed	chromosome	-	-	CACRYI010000015.1 Escherichia coli strain Eco04570 genome assembly, contig: Eco04570-merged_contig_15, whole genome shotgun sequence	144480	0.5163136766334441	bc98c310094b7ceb562c96ab603ac0bb	incomplete	-	-	-	-	-	-	-	-	-	-	-	-	-	-	-
GCA_902703155.1_GCA_902703155.1_Eco04570	GCA_902703155.1_GCA_902703155.1_Eco04570_uncompressed	chromosome	-	-	CACRYI010000016.1 Escherichia coli strain Eco04570 genome assembly, contig: Eco04570-merged_contig_16, whole genome shotgun sequence	111986	0.5140910470951726	7fdbfb6b33160711cd7f034face4b58d	incomplete	-	-	-	-	-	-	-	-	-	-	-	-	-	-	-
GCA_902703155.1_GCA_902703155.1_Eco04570	GCA_902703155.1_GCA_902703155.1_Eco04570_uncompressed	chromosome	-	-	CACRYI010000017.1 Escherichia coli strain Eco04570 genome assembly, contig: Eco04570-merged_contig_17, whole genome shotgun sequence	108213	0.489626939461987	ae2da696663bdf7e51e0fef83ce8671a	incomplete	-	-	-	-	-	-	-	-	-	-	-	-	-	-	-
GCA_902703155.1_GCA_902703155.1_Eco04570	GCA_902703155.1_GCA_902703155.1_Eco04570_uncompressed	chromosome	-	-	CACRYI010000018.1 Escherichia coli strain Eco04570 genome assembly, contig: Eco04570-merged_contig_18, whole genome shotgun sequence	98037	0.5159378601956405	ab25549e9be64d557380cac1760528a2	incomplete	-	-	-	-	-	-	-	-	-	-	-	-	-	-	-
GCA_902703155.1_GCA_902703155.1_Eco04570	GCA_902703155.1_GCA_902703155.1_Eco04570_uncompressed	chromosome	-	-	CACRYI010000019.1 Escherichia coli strain Eco04570 genome assembly, contig: Eco04570-merged_contig_19, whole genome shotgun sequence	88681	0.5206075709565747	b41ea7047f187097c35cda912fc8a58a	incomplete	-	-	-	-	-	-	-	-	-	-	-	-	-	-	-
GCA_902703155.1_GCA_902703155.1_Eco04570	GCA_902703155.1_GCA_902703155.1_Eco04570_uncompressed	chromosome	-	-	CACRYI010000020.1 Escherichia coli strain Eco04570 genome assembly, contig: Eco04570-merged_contig_20, whole genome shotgun sequence	88099	0.5088593514114803	3975f2916a6c3374a7b28d3858bd1e4d	incomplete	-	-	-	-	-	-	-	-	-	-	-	-	-	-	-
GCA_902703155.1_GCA_902703155.1_Eco04570	GCA_902703155.1_GCA_902703155.1_Eco04570_uncompressed	chromosome	-	-	CACRYI010000021.1 Escherichia coli strain Eco04570 genome assembly, contig: Eco04570-merged_contig_21, whole genome shotgun sequence	86824	0.5230120703952824	4effc5fd14fa53600f4dd68c813956c1	incomplete	-	-	-	-	-	-	-	-	-	-	-	-	-	-	-
GCA_902703155.1_GCA_902703155.1_Eco04570	GCA_902703155.1_GCA_902703155.1_Eco04570_uncompressed	chromosome	-	-	CACRYI010000022.1 Escherichia coli strain Eco04570 genome assembly, contig: Eco04570-merged_contig_22, whole genome shotgun sequence	67596	0.5057547783892538	49a02f056f83cc6a953f5f5621236bd7	incomplete	-	-	-	-	-	-	-	-	-	-	-	-	-	-	-
GCA_902703155.1_GCA_902703155.1_Eco04570	GCA_902703155.1_GCA_902703155.1_Eco04570_uncompressed	plasmid	AA474	AI598	CACRYI010000023.1 Escherichia coli strain Eco04570 genome assembly, contig: Eco04570-merged_contig_23, whole genome shotgun sequence	64593	0.5086619293112257	982464e73d1dc19c187355e227d1b569	incomplete	-	-	MOBP	NC_019097	MPF_I,MPF_I,MPF_I,MPF_I,MPF_I,MPF_I,MPF_I,MPF_I,MPF_I	NC_019097_00085,NZ_CM001473_00069,NC_022267_00069,NC_019097_00075,NC_015965_00072,NC_023290_00086,NC_019111_00038,NC_022267_00057,NC_019097_00056	MOBP	HM021326	-	AB021078	0.0133059	Shigella sonnei	-	-	-
GCA_902703155.1_GCA_902703155.1_Eco04570	GCA_902703155.1_GCA_902703155.1_Eco04570_uncompressed	chromosome	-	-	CACRYI010000024.1 Escherichia coli strain Eco04570 genome assembly, contig: Eco04570-merged_contig_24, whole genome shotgun sequence	61030	0.47876454202851054	8b17db9eecb15ac5cfda72099e944e1b	incomplete	-	-	-	-	-	-	-	-	-	-	-	-	-	-	-
GCA_902703155.1_GCA_902703155.1_Eco04570	GCA_902703155.1_GCA_902703155.1_Eco04570_uncompressed	chromosome	-	-	CACRYI010000025.1 Escherichia coli strain Eco04570 genome assembly, contig: Eco04570-merged_contig_25, whole genome shotgun sequence	60455	0.5042924489289554	3ca5a12315d1b7bfbb4a8d994bb78697	incomplete	-	-	-	-	-	-	-	-	-	-	-	-	-	-	-
GCA_902703155.1_GCA_902703155.1_Eco04570	GCA_902703155.1_GCA_902703155.1_Eco04570_uncompressed	plasmid	AA372	AI349	CACRYI010000026.1 Escherichia coli strain Eco04570 genome assembly, contig: Eco04570-merged_contig_26, whole genome shotgun sequence	56159	0.42344058832956427	34588c268fd655b2573b3a8719127f59	incomplete	IncI2	JN983044	MOBP	NC_022520_00030	MPF_T,MPF_T,MPF_T,MPF_T,MPF_T	NC_019115_00018,NC_020270_00063,NC_019039_00052,NC_019039_00051,NC_020270_00058	-	-	-	KU870627	0.000532603	Escherichia coli	-	-	-
GCA_902703155.1_GCA_902703155.1_Eco04570	GCA_902703155.1_GCA_902703155.1_Eco04570_uncompressed	plasmid	AA176	AH856	CACRYI010000027.1 Escherichia coli strain Eco04570 genome assembly, contig: Eco04570-merged_contig_27, whole genome shotgun sequence	55551	0.5279112887256755	84ca91fdd2ebdc9a0299143327cb13cf	incomplete	-	-	MOBF	NC_017627_00068	MPF_F,MPF_F,MPF_F,MPF_F,MPF_F,MPF_F,MPF_F,MPF_F,MPF_F,MPF_F,MPF_T,MPF_Unknown	NC_009837_00049,NC_010488_00021,NC_018966_00040,NC_017639_00100,NC_007675_00027,NC_017639_00094,NC_019094_00090,NC_010409_00124,NC_019037_00043,NC_022651_00077,NC_013437_00116,08-5333_00200	MOBF	AY608912	-	CP001122	0.00366686	Salmonella enterica subsp. enterica serovar Kentucky str. CVM29188	-	-	-
GCA_902703155.1_GCA_902703155.1_Eco04570	GCA_902703155.1_GCA_902703155.1_Eco04570_uncompressed	plasmid	AA176	AH856	CACRYI010000028.1 Escherichia coli strain Eco04570 genome assembly, contig: Eco04570-merged_contig_28, whole genome shotgun sequence	54939	0.4729973243051384	7b9024fb603abc321507574149222c04	incomplete	IncFIB	000095__NZ_CP014273_00094	-	-	-	-	-	-	-	CP001122	0.00366686	Salmonella enterica subsp. enterica serovar Kentucky str. CVM29188	-	-	-
GCA_902703155.1_GCA_902703155.1_Eco04570	GCA_902703155.1_GCA_902703155.1_Eco04570_uncompressed	chromosome	-	-	CACRYI010000029.1 Escherichia coli strain Eco04570 genome assembly, contig: Eco04570-merged_contig_29, whole genome shotgun sequence	54594	0.5235923361541561	b5f3290a4704ad73337dc4575a0cde09	incomplete	-	-	-	-	-	-	-	-	-	-	-	-	-	-	-
GCA_902703155.1_GCA_902703155.1_Eco04570	GCA_902703155.1_GCA_902703155.1_Eco04570_uncompressed	chromosome	-	-	CACRYI010000030.1 Escherichia coli strain Eco04570 genome assembly, contig: Eco04570-merged_contig_30, whole genome shotgun sequence	48947	0.5143113980427809	3f6d8e3ca7dce7f079b7569caeb12ab5	incomplete	-	-	-	-	-	-	-	-	-	-	-	-	-	-	-
GCA_902703155.1_GCA_902703155.1_Eco04570	GCA_902703155.1_GCA_902703155.1_Eco04570_uncompressed	chromosome	-	-	CACRYI010000031.1 Escherichia coli strain Eco04570 genome assembly, contig: Eco04570-merged_contig_31, whole genome shotgun sequence	45631	0.4997041484955403	761b62f37ac99832369f0106aacf39c8	incomplete	-	-	-	-	-	-	-	-	-	-	-	-	-	-	-
GCA_902703155.1_GCA_902703155.1_Eco04570	GCA_902703155.1_GCA_902703155.1_Eco04570_uncompressed	chromosome	-	-	CACRYI010000032.1 Escherichia coli strain Eco04570 genome assembly, contig: Eco04570-merged_contig_32, whole genome shotgun sequence	41697	0.5127227378468475	807b944257cb2f0752e8cba8f0c0cf78	incomplete	-	-	-	-	-	-	-	-	-	-	-	-	-	-	-
GCA_902703155.1_GCA_902703155.1_Eco04570	GCA_902703155.1_GCA_902703155.1_Eco04570_uncompressed	chromosome	-	-	CACRYI010000033.1 Escherichia coli strain Eco04570 genome assembly, contig: Eco04570-merged_contig_33, whole genome shotgun sequence	40719	0.5245953977258774	6ab802a4b4aa7ac4cd7a8e6a57af5b7d	incomplete	-	-	-	-	-	-	-	-	-	-	-	-	-	-	-
GCA_902703155.1_GCA_902703155.1_Eco04570	GCA_902703155.1_GCA_902703155.1_Eco04570_uncompressed	chromosome	-	-	CACRYI010000034.1 Escherichia coli strain Eco04570 genome assembly, contig: Eco04570-merged_contig_34, whole genome shotgun sequence	39626	0.4671932569525059	83ed30ea355613895d7803ee0e9c53b3	incomplete	-	-	-	-	-	-	-	-	-	-	-	-	-	-	-
GCA_902703155.1_GCA_902703155.1_Eco04570	GCA_902703155.1_GCA_902703155.1_Eco04570_uncompressed	chromosome	-	-	CACRYI010000035.1 Escherichia coli strain Eco04570 genome assembly, contig: Eco04570-merged_contig_35, whole genome shotgun sequence	37564	0.4970716643594931	8fe75804e92e57b3436ddecfaac76779	incomplete	-	-	-	-	-	-	-	-	-	-	-	-	-	-	-
GCA_902703155.1_GCA_902703155.1_Eco04570	GCA_902703155.1_GCA_902703155.1_Eco04570_uncompressed	chromosome	-	-	CACRYI010000036.1 Escherichia coli strain Eco04570 genome assembly, contig: Eco04570-merged_contig_36, whole genome shotgun sequence	32231	0.5375259843008284	9075374c6ccade1b1368c83984b1b320	incomplete	-	-	-	-	-	-	-	-	-	-	-	-	-	-	-
GCA_902703155.1_GCA_902703155.1_Eco04570	GCA_902703155.1_GCA_902703155.1_Eco04570_uncompressed	chromosome	-	-	CACRYI010000037.1 Escherichia coli strain Eco04570 genome assembly, contig: Eco04570-merged_contig_37, whole genome shotgun sequence	25933	0.5176030540238307	64a46c43ab057ed240f5528adddaed82	incomplete	-	-	-	-	-	-	-	-	-	-	-	-	-	-	-
GCA_902703155.1_GCA_902703155.1_Eco04570	GCA_902703155.1_GCA_902703155.1_Eco04570_uncompressed	chromosome	-	-	CACRYI010000038.1 Escherichia coli strain Eco04570 genome assembly, contig: Eco04570-merged_contig_38, whole genome shotgun sequence	24945	0.47492483463619967	9be8ea0d1bbcf205907123859ae0cbd0	incomplete	-	-	-	-	-	-	-	-	-	-	-	-	-	-	-
GCA_902703155.1_GCA_902703155.1_Eco04570	GCA_902703155.1_GCA_902703155.1_Eco04570_uncompressed	chromosome	-	-	CACRYI010000039.1 Escherichia coli strain Eco04570 genome assembly, contig: Eco04570-merged_contig_39, whole genome shotgun sequence	24798	0.5020162916364223	623f8c5b4082c485397128c113174d34	incomplete	-	-	-	-	-	-	-	-	-	-	-	-	-	-	-
GCA_902703155.1_GCA_902703155.1_Eco04570	GCA_902703155.1_GCA_902703155.1_Eco04570_uncompressed	chromosome	-	-	CACRYI010000040.1 Escherichia coli strain Eco04570 genome assembly, contig: Eco04570-merged_contig_40, whole genome shotgun sequence	24558	0.5260607541330727	bfebd98922afbb60fc7c3a5e365b3411	incomplete	-	-	-	-	-	-	-	-	-	-	-	-	-	-	-
GCA_902703155.1_GCA_902703155.1_Eco04570	GCA_902703155.1_GCA_902703155.1_Eco04570_uncompressed	chromosome	-	-	CACRYI010000041.1 Escherichia coli strain Eco04570 genome assembly, contig: Eco04570-merged_contig_41, whole genome shotgun sequence	21190	0.521330816422841	be57d94198bd581d1c8ede12d7d4ddb1	incomplete	-	-	-	-	-	-	-	-	-	-	-	-	-	-	-
GCA_902703155.1_GCA_902703155.1_Eco04570	GCA_902703155.1_GCA_902703155.1_Eco04570_uncompressed	chromosome	-	-	CACRYI010000042.1 Escherichia coli strain Eco04570 genome assembly, contig: Eco04570-merged_contig_42, whole genome shotgun sequence	15766	0.5279081567930991	05e6791956bf4175dc2f2d152bbca3c4	incomplete	-	-	-	-	-	-	-	-	-	-	-	-	-	-	-
GCA_902703155.1_GCA_902703155.1_Eco04570	GCA_902703155.1_GCA_902703155.1_Eco04570_uncompressed	plasmid	AA474	AI598	CACRYI010000043.1 Escherichia coli strain Eco04570 genome assembly, contig: Eco04570-merged_contig_43, whole genome shotgun sequence	15674	0.4795202245757305	26d8c01a5698358effca717845967602	incomplete	IncI1/B/O	DQ017661	-	-	-	-	-	-	-	AB021078	0.0133059	Shigella sonnei	-	-	-
GCA_902703155.1_GCA_902703155.1_Eco04570	GCA_902703155.1_GCA_902703155.1_Eco04570_uncompressed	plasmid	AA176	AH856	CACRYI010000044.1 Escherichia coli strain Eco04570 genome assembly, contig: Eco04570-merged_contig_44, whole genome shotgun sequence	15522	0.5069578662543487	9f1f001bb19ccdd29ee23fe6958c3e15	incomplete	-	-	-	-	-	-	-	-	-	CP001122	0.00366686	Salmonella enterica subsp. enterica serovar Kentucky str. CVM29188	-	-	-
GCA_902703155.1_GCA_902703155.1_Eco04570	GCA_902703155.1_GCA_902703155.1_Eco04570_uncompressed	chromosome	-	-	CACRYI010000045.1 Escherichia coli strain Eco04570 genome assembly, contig: Eco04570-merged_contig_45, whole genome shotgun sequence	14967	0.45934388989109376	54651b287c67c03e4536da16f7ebe9fa	incomplete	-	-	-	-	-	-	-	-	-	-	-	-	-	-	-
GCA_902703155.1_GCA_902703155.1_Eco04570	GCA_902703155.1_GCA_902703155.1_Eco04570_uncompressed	chromosome	-	-	CACRYI010000046.1 Escherichia coli strain Eco04570 genome assembly, contig: Eco04570-merged_contig_46, whole genome shotgun sequence	14173	0.5439920976504622	ee2653e314120f942291268e0e7ed265	incomplete	-	-	-	-	-	-	-	-	-	-	-	-	-	-	-
GCA_902703155.1_GCA_902703155.1_Eco04570	GCA_902703155.1_GCA_902703155.1_Eco04570_uncompressed	chromosome	-	-	CACRYI010000047.1 Escherichia coli strain Eco04570 genome assembly, contig: Eco04570-merged_contig_47, whole genome shotgun sequence	14021	0.49119178375294203	4e011c7e00f330e5d1110ef5410f7f7e	incomplete	-	-	-	-	-	-	-	-	-	-	-	-	-	-	-
GCA_902703155.1_GCA_902703155.1_Eco04570	GCA_902703155.1_GCA_902703155.1_Eco04570_uncompressed	chromosome	-	-	CACRYI010000048.1 Escherichia coli strain Eco04570 genome assembly, contig: Eco04570-merged_contig_48, whole genome shotgun sequence	11991	0.5106329747310483	185d5c073021a6f5ba7e092e9ec4b33d	incomplete	-	-	-	-	-	-	-	-	-	-	-	-	-	-	-
GCA_902703155.1_GCA_902703155.1_Eco04570	GCA_902703155.1_GCA_902703155.1_Eco04570_uncompressed	chromosome	-	-	CACRYI010000049.1 Escherichia coli strain Eco04570 genome assembly, contig: Eco04570-merged_contig_49, whole genome shotgun sequence	11860	0.5752107925801012	7c84808ad27707e5df87fc2bf3793fae	incomplete	-	-	-	-	-	-	-	-	-	-	-	-	-	-	-
GCA_902703155.1_GCA_902703155.1_Eco04570	GCA_902703155.1_GCA_902703155.1_Eco04570_uncompressed	chromosome	-	-	CACRYI010000050.1 Escherichia coli strain Eco04570 genome assembly, contig: Eco04570-merged_contig_50, whole genome shotgun sequence	10769	0.5403472931562819	f962ecb5344b4cafcb8b7b33375a8684	incomplete	-	-	-	-	-	-	-	-	-	-	-	-	-	-	-
GCA_902703155.1_GCA_902703155.1_Eco04570	GCA_902703155.1_GCA_902703155.1_Eco04570_uncompressed	plasmid	AA155	AH798	CACRYI010000051.1 Escherichia coli strain Eco04570 genome assembly, contig: Eco04570-merged_contig_51, whole genome shotgun sequence	10159	0.459789349345408	f581c1c89c2a252808929ca8187445ef	incomplete	rep_cluster_2350,rep_cluster_2350	CP031900_00001,CP041342_00001	MOBF,MOBP	CP019897,NC_019076_00002	-	-	MOBP,MOB_unknown	NZ_CP011417,KU932034	-	HQ622576	0.0177716	Escherichia coli	-	-	-
GCA_902703155.1_GCA_902703155.1_Eco04570	GCA_902703155.1_GCA_902703155.1_Eco04570_uncompressed	chromosome	-	-	CACRYI010000052.1 Escherichia coli strain Eco04570 genome assembly, contig: Eco04570-merged_contig_52, whole genome shotgun sequence	9073	0.4958668577096881	1da3a6e8e47b0e9c7e7a1af040807bef	incomplete	-	-	-	-	-	-	-	-	-	-	-	-	-	-	-
GCA_902703155.1_GCA_902703155.1_Eco04570	GCA_902703155.1_GCA_902703155.1_Eco04570_uncompressed	plasmid	AA176	AH856	CACRYI010000053.1 Escherichia coli strain Eco04570 genome assembly, contig: Eco04570-merged_contig_53, whole genome shotgun sequence	9038	0.5458065943792875	bfb92a1c9a71d1bc42e23d524f1b432f	incomplete	-	-	-	-	-	-	-	-	-	CP001122	0.00366686	Salmonella enterica subsp. enterica serovar Kentucky str. CVM29188	-	-	-
GCA_902703155.1_GCA_902703155.1_Eco04570	GCA_902703155.1_GCA_902703155.1_Eco04570_uncompressed	plasmid	AA176	AH856	CACRYI010000054.1 Escherichia coli strain Eco04570 genome assembly, contig: Eco04570-merged_contig_54, whole genome shotgun sequence	8983	0.4809083825002783	6dbfddd0eb9c5daebe17f2471e08d549	incomplete	-	-	-	-	-	-	-	-	-	CP001122	0.00366686	Salmonella enterica subsp. enterica serovar Kentucky str. CVM29188	-	-	-
GCA_902703155.1_GCA_902703155.1_Eco04570	GCA_902703155.1_GCA_902703155.1_Eco04570_uncompressed	chromosome	-	-	CACRYI010000055.1 Escherichia coli strain Eco04570 genome assembly, contig: Eco04570-merged_contig_55, whole genome shotgun sequence	8791	0.48526902513934705	995ccc42e3344c2671123117bf9f88ac	incomplete	-	-	-	-	-	-	-	-	-	-	-	-	-	-	-
GCA_902703155.1_GCA_902703155.1_Eco04570	GCA_902703155.1_GCA_902703155.1_Eco04570_uncompressed	chromosome	-	-	CACRYI010000056.1 Escherichia coli strain Eco04570 genome assembly, contig: Eco04570-merged_contig_56, whole genome shotgun sequence	6889	0.5847002467702134	9c76bdb3781658f548710a6423876ad9	incomplete	-	-	-	-	-	-	-	-	-	-	-	-	-	-	-
GCA_902703155.1_GCA_902703155.1_Eco04570	GCA_902703155.1_GCA_902703155.1_Eco04570_uncompressed	plasmid	AA176	AH856	CACRYI010000057.1 Escherichia coli strain Eco04570 genome assembly, contig: Eco04570-merged_contig_57, whole genome shotgun sequence	6815	0.3860601614086574	abeb7b6e4635278c2faa8821f9dc5d92	incomplete	-	-	-	-	-	-	-	-	-	CP001122	0.00366686	Salmonella enterica subsp. enterica serovar Kentucky str. CVM29188	KU551336	IS10L	repetitve element
GCA_902703155.1_GCA_902703155.1_Eco04570	GCA_902703155.1_GCA_902703155.1_Eco04570_uncompressed	chromosome	-	-	CACRYI010000058.1 Escherichia coli strain Eco04570 genome assembly, contig: Eco04570-merged_contig_58, whole genome shotgun sequence	5974	0.40374958151991963	c70c1c68b51ff5e72376f6092b0dabb3	incomplete	-	-	-	-	-	-	-	-	-	-	-	-	-	-	-
GCA_902703155.1_GCA_902703155.1_Eco04570	GCA_902703155.1_GCA_902703155.1_Eco04570_uncompressed	plasmid	AA372	AI349	CACRYI010000059.1 Escherichia coli strain Eco04570 genome assembly, contig: Eco04570-merged_contig_59, whole genome shotgun sequence	5475	0.4301369863013699	be2a7d1284520c4b3a5e06ce5c458272	incomplete	-	-	-	-	-	-	-	-	-	KU870627	0.000532603	Escherichia coli	-	-	-
GCA_902703155.1_GCA_902703155.1_Eco04570	GCA_902703155.1_GCA_902703155.1_Eco04570_uncompressed	chromosome	-	-	CACRYI010000060.1 Escherichia coli strain Eco04570 genome assembly, contig: Eco04570-merged_contig_60, whole genome shotgun sequence	4905	0.5926605504587156	7b03ef524513edcdea93ce8cf2eb4b5d	incomplete	-	-	-	-	-	-	-	-	-	-	-	-	-	-	-
GCA_902703155.1_GCA_902703155.1_Eco04570	GCA_902703155.1_GCA_902703155.1_Eco04570_uncompressed	plasmid	AB595	AK439	CACRYI010000061.1 Escherichia coli strain Eco04570 genome assembly, contig: Eco04570-merged_contig_61, whole genome shotgun sequence	4743	0.5112797807294961	48fd4dea458e589a63cb4bda3459f957	incomplete	rep_cluster_2335	KU302809_00001	-	-	-	-	MOBP	AJ001708	-	NC_017658	0.00737682	Escherichia coli O55:H7 str. RM12579	-	-	-
GCA_902703155.1_GCA_902703155.1_Eco04570	GCA_902703155.1_GCA_902703155.1_Eco04570_uncompressed	chromosome	-	-	CACRYI010000062.1 Escherichia coli strain Eco04570 genome assembly, contig: Eco04570-merged_contig_62, whole genome shotgun sequence	4171	0.4519299928074802	0e45a282ec1a97f5674de67f04859cd1	incomplete	-	-	-	-	-	-	-	-	-	-	-	-	-	-	-
GCA_902703155.1_GCA_902703155.1_Eco04570	GCA_902703155.1_GCA_902703155.1_Eco04570_uncompressed	chromosome	-	-	CACRYI010000063.1 Escherichia coli strain Eco04570 genome assembly, contig: Eco04570-merged_contig_63, whole genome shotgun sequence	3776	0.477489406779661	cd9d37e0ff2eb01559e54de3a14253bc	incomplete	-	-	-	-	-	-	-	-	-	-	-	-	-	-	-
GCA_902703155.1_GCA_902703155.1_Eco04570	GCA_902703155.1_GCA_902703155.1_Eco04570_uncompressed	plasmid	novel_cea2bf67c7e8ff9a9c32fe69cc4ae728	-	CACRYI010000064.1 Escherichia coli strain Eco04570 genome assembly, contig: Eco04570-merged_contig_64, whole genome shotgun sequence	3461	0.4634498699797746	cea2bf67c7e8ff9a9c32fe69cc4ae728	circular	-	-	MOBV	CP042516_00001	-	-	-	-	-	CP039511	0.0852783	Salmonella enterica subsp. enterica serovar Worthington	-	-	-
GCA_902703155.1_GCA_902703155.1_Eco04570	GCA_902703155.1_GCA_902703155.1_Eco04570_uncompressed	plasmid	AA176	AH856	CACRYI010000065.1 Escherichia coli strain Eco04570 genome assembly, contig: Eco04570-merged_contig_65, whole genome shotgun sequence	2919	0.5080507022953066	c7db47c6b77b337379d2be42be770c13	incomplete	rep_cluster_2244	CP033091_00053	-	-	-	-	-	-	-	CP001122	0.00366686	Salmonella enterica subsp. enterica serovar Kentucky str. CVM29188	-	-	-
GCA_902703155.1_GCA_902703155.1_Eco04570	GCA_902703155.1_GCA_902703155.1_Eco04570_uncompressed	chromosome	-	-	CACRYI010000066.1 Escherichia coli strain Eco04570 genome assembly, contig: Eco04570-merged_contig_66, whole genome shotgun sequence	2806	0.40947968638631504	f76a2a5a808c685f59a72b4b6ac3b03e	incomplete	-	-	-	-	-	-	-	-	-	-	-	-	-	-	-
GCA_902703155.1_GCA_902703155.1_Eco04570	GCA_902703155.1_GCA_902703155.1_Eco04570_uncompressed	plasmid	AA176	AH856	CACRYI010000067.1 Escherichia coli strain Eco04570 genome assembly, contig: Eco04570-merged_contig_67, whole genome shotgun sequence	2579	0.4893369523070958	f70fed58b3d87d6aeea54212bd2036a2	incomplete	-	-	-	-	-	-	-	-	-	CP001122	0.00366686	Salmonella enterica subsp. enterica serovar Kentucky str. CVM29188	M95402	IS1133	repetitve element
GCA_902703155.1_GCA_902703155.1_Eco04570	GCA_902703155.1_GCA_902703155.1_Eco04570_uncompressed	chromosome	-	-	CACRYI010000068.1 Escherichia coli strain Eco04570 genome assembly, contig: Eco04570-merged_contig_68, whole genome shotgun sequence	2521	0.5315351051170171	13e56835558ac4839bf1dd8d419c689e	incomplete	-	-	-	-	-	-	-	-	-	-	-	-	-	-	-
GCA_902703155.1_GCA_902703155.1_Eco04570	GCA_902703155.1_GCA_902703155.1_Eco04570_uncompressed	plasmid	AA176	AH856	CACRYI010000069.1 Escherichia coli strain Eco04570 genome assembly, contig: Eco04570-merged_contig_69, whole genome shotgun sequence	1987	0.46602918973326624	8fac06d149ea94b5ac4478baa99b0261	circular	-	-	-	-	-	-	-	-	-	CP001122	0.00366686	Salmonella enterica subsp. enterica serovar Kentucky str. CVM29188	-	-	-
GCA_902703155.1_GCA_902703155.1_Eco04570	GCA_902703155.1_GCA_902703155.1_Eco04570_uncompressed	chromosome	-	-	CACRYI010000070.1 Escherichia coli strain Eco04570 genome assembly, contig: Eco04570-merged_contig_70, whole genome shotgun sequence	1886	0.5010604453870625	92e92abb6c2e2b443f330ac67945bbbc	incomplete	-	-	-	-	-	-	-	-	-	-	-	-	-	-	-
GCA_902703155.1_GCA_902703155.1_Eco04570	GCA_902703155.1_GCA_902703155.1_Eco04570_uncompressed	plasmid	AB685	AK563	CACRYI010000071.1 Escherichia coli strain Eco04570 genome assembly, contig: Eco04570-merged_contig_71, whole genome shotgun sequence	1675	0.524179104477612	0cb6054ac48049ccf9a360d3ccd7eb85	circular	Col(MG828)	NC_008486	-	-	-	-	MOBP,MOB_unknown	AB027308,CP018359	-	CP011143	0.0010072	Escherichia coli VR50	-	-	-
GCA_902703155.1_GCA_902703155.1_Eco04570	GCA_902703155.1_GCA_902703155.1_Eco04570_uncompressed	chromosome	-	-	CACRYI010000072.1 Escherichia coli strain Eco04570 genome assembly, contig: Eco04570-merged_contig_72, whole genome shotgun sequence	1463	0.5481886534518113	ab3356bb9d55198adfb0dc6d46f3afd1	incomplete	-	-	-	-	-	-	-	-	-	-	-	-	CP016586.1	16s-rRNA	repetitve element
GCA_902703155.1_GCA_902703155.1_Eco04570	GCA_902703155.1_GCA_902703155.1_Eco04570_uncompressed	chromosome	-	-	CACRYI010000073.1 Escherichia coli strain Eco04570 genome assembly, contig: Eco04570-merged_contig_73, whole genome shotgun sequence	1406	0.48079658605974396	9891315795d7b06f79e9da9ccab0953d	incomplete	-	-	-	-	-	-	-	-	-	-	-	-	-	-	-
GCA_902703155.1_GCA_902703155.1_Eco04570	GCA_902703155.1_GCA_902703155.1_Eco04570_uncompressed	chromosome	-	-	CACRYI010000074.1 Escherichia coli strain Eco04570 genome assembly, contig: Eco04570-merged_contig_74, whole genome shotgun sequence	1300	0.6046153846153847	c05d3d46baa0e589d76f25478cd9b33d	incomplete	-	-	-	-	-	-	-	-	-	-	-	-	-	-	-
GCA_902703155.1_GCA_902703155.1_Eco04570	GCA_902703155.1_GCA_902703155.1_Eco04570_uncompressed	chromosome	-	-	CACRYI010000075.1 Escherichia coli strain Eco04570 genome assembly, contig: Eco04570-merged_contig_75, whole genome shotgun sequence	1283	0.5401402961808262	95efdc93b3073eac8660bf41fa23e304	incomplete	-	-	-	-	-	-	-	-	-	-	-	-	AP010953	ISCro4	repetitve element
GCA_902703155.1_GCA_902703155.1_Eco04570	GCA_902703155.1_GCA_902703155.1_Eco04570_uncompressed	plasmid	AA372	AI349	CACRYI010000076.1 Escherichia coli strain Eco04570 genome assembly, contig: Eco04570-merged_contig_76, whole genome shotgun sequence	1258	0.5230524642289348	f7784a1baef8b544c5b685b7b58ae62e	incomplete	-	-	-	-	-	-	-	-	-	KU870627	0.000532603	Escherichia coli	AP010958	ISCfr6	repetitve element
GCA_902703155.1_GCA_902703155.1_Eco04570	GCA_902703155.1_GCA_902703155.1_Eco04570_uncompressed	chromosome	-	-	CACRYI010000077.1 Escherichia coli strain Eco04570 genome assembly, contig: Eco04570-merged_contig_77, whole genome shotgun sequence	1247	0.5324779470729751	2a82d86484ded29a49801956d2acfa1a	incomplete	-	-	-	-	-	-	-	-	-	-	-	-	CP016586.1	23s-rRNA	repetitve element
GCA_902703155.1_GCA_902703155.1_Eco04570	GCA_902703155.1_GCA_902703155.1_Eco04570_uncompressed	chromosome	-	-	CACRYI010000078.1 Escherichia coli strain Eco04570 genome assembly, contig: Eco04570-merged_contig_78, whole genome shotgun sequence	1230	0.5284552845528455	c8fa2a093bb38b377d1db3b7a923d35b	incomplete	-	-	-	-	-	-	-	-	-	-	-	-	-	-	-
GCA_902703155.1_GCA_902703155.1_Eco04570	GCA_902703155.1_GCA_902703155.1_Eco04570_uncompressed	plasmid	AA176	AH856	CACRYI010000079.1 Escherichia coli strain Eco04570 genome assembly, contig: Eco04570-merged_contig_79, whole genome shotgun sequence	1155	0.5541125541125541	09ffcfa6511e49b51865bbce88f2e1c0	incomplete	-	-	-	-	-	-	-	-	-	CP001122	0.00366686	Salmonella enterica subsp. enterica serovar Kentucky str. CVM29188	M95402,KC354801,MF372716,KX009061	IS1133,ISPa14,ISPmi2,Tn5393	repetitve element
GCA_902703155.1_GCA_902703155.1_Eco04570	GCA_902703155.1_GCA_902703155.1_Eco04570_uncompressed	chromosome	-	-	CACRYI010000080.1 Escherichia coli strain Eco04570 genome assembly, contig: Eco04570-merged_contig_80, whole genome shotgun sequence	1097	0.41112123974475845	63d92741b29b8fd28ed7d5178f95d436	incomplete	-	-	-	-	-	-	-	-	-	-	-	-	-	-	-
GCA_902703155.1_GCA_902703155.1_Eco04570	GCA_902703155.1_GCA_902703155.1_Eco04570_uncompressed	plasmid	AA176	AH856	CACRYI010000081.1 Escherichia coli strain Eco04570 genome assembly, contig: Eco04570-merged_contig_81, whole genome shotgun sequence	1070	0.4158878504672897	3572bba1581af0cbb853e86c161545f6	incomplete	-	-	-	-	-	-	-	-	-	CP001122	0.00366686	Salmonella enterica subsp. enterica serovar Kentucky str. CVM29188	KY689632	ISApl1	repetitve element
GCA_902703155.1_GCA_902703155.1_Eco04570	GCA_902703155.1_GCA_902703155.1_Eco04570_uncompressed	chromosome	-	-	CACRYI010000082.1 Escherichia coli strain Eco04570 genome assembly, contig: Eco04570-merged_contig_82, whole genome shotgun sequence	974	0.5205338809034907	26b070493d77cb64809a98411ebdeea2	incomplete	-	-	-	-	-	-	-	-	-	-	-	-	-	-	-
GCA_902703155.1_GCA_902703155.1_Eco04570	GCA_902703155.1_GCA_902703155.1_Eco04570_uncompressed	chromosome	-	-	CACRYI010000083.1 Escherichia coli strain Eco04570 genome assembly, contig: Eco04570-merged_contig_83, whole genome shotgun sequence	909	0.49724972497249725	61832a617d6ea23e1c50ddf66e45a652	incomplete	-	-	-	-	-	-	-	-	-	-	-	-	-	-	-
GCA_902703155.1_GCA_902703155.1_Eco04570	GCA_902703155.1_GCA_902703155.1_Eco04570_uncompressed	chromosome	-	-	CACRYI010000084.1 Escherichia coli strain Eco04570 genome assembly, contig: Eco04570-merged_contig_84, whole genome shotgun sequence	906	0.5485651214128036	fe639fb994093b8ad7f991c9c18111e0	incomplete	-	-	-	-	-	-	-	-	-	-	-	-	-	-	-
GCA_902703155.1_GCA_902703155.1_Eco04570	GCA_902703155.1_GCA_902703155.1_Eco04570_uncompressed	chromosome	-	-	CACRYI010000085.1 Escherichia coli strain Eco04570 genome assembly, contig: Eco04570-merged_contig_85, whole genome shotgun sequence	893	0.6595744680851063	d49f0e30dbb73852deaf53543f7f8bff	incomplete	-	-	-	-	-	-	-	-	-	-	-	-	-	-	-
GCA_902703155.1_GCA_902703155.1_Eco04570	GCA_902703155.1_GCA_902703155.1_Eco04570_uncompressed	chromosome	-	-	CACRYI010000086.1 Escherichia coli strain Eco04570 genome assembly, contig: Eco04570-merged_contig_86, whole genome shotgun sequence	823	0.4520048602673147	c8f2c74db83a56701d135dd0042edd52	incomplete	-	-	-	-	-	-	-	-	-	-	-	-	-	-	-
GCA_902703155.1_GCA_902703155.1_Eco04570	GCA_902703155.1_GCA_902703155.1_Eco04570_uncompressed	chromosome	-	-	CACRYI010000087.1 Escherichia coli strain Eco04570 genome assembly, contig: Eco04570-merged_contig_87, whole genome shotgun sequence	812	0.4963054187192118	95d4968d4581de9291c40580d8b75dfb	incomplete	-	-	-	-	-	-	-	-	-	-	-	-	-	-	-
GCA_902703155.1_GCA_902703155.1_Eco04570	GCA_902703155.1_GCA_902703155.1_Eco04570_uncompressed	chromosome	-	-	CACRYI010000088.1 Escherichia coli strain Eco04570 genome assembly, contig: Eco04570-merged_contig_88, whole genome shotgun sequence	772	0.6075129533678757	9aa9800b19a417beb6ff19ae6cdf778b	incomplete	-	-	-	-	-	-	-	-	-	-	-	-	-	-	-
GCA_902703155.1_GCA_902703155.1_Eco04570	GCA_902703155.1_GCA_902703155.1_Eco04570_uncompressed	chromosome	-	-	CACRYI010000089.1 Escherichia coli strain Eco04570 genome assembly, contig: Eco04570-merged_contig_89, whole genome shotgun sequence	705	0.5546099290780142	06f403933ab69e06e9944131fdd1b7f7	incomplete	-	-	-	-	-	-	-	-	-	-	-	-	-	-	-
GCA_902703155.1_GCA_902703155.1_Eco04570	GCA_902703155.1_GCA_902703155.1_Eco04570_uncompressed	chromosome	-	-	CACRYI010000090.1 Escherichia coli strain Eco04570 genome assembly, contig: Eco04570-merged_contig_90, whole genome shotgun sequence	703	0.45376955903271693	d80b71dde80b03cdc50b8dccc08d5de4	incomplete	-	-	-	-	-	-	-	-	-	-	-	-	-	-	-
GCA_902703155.1_GCA_902703155.1_Eco04570	GCA_902703155.1_GCA_902703155.1_Eco04570_uncompressed	chromosome	-	-	CACRYI010000091.1 Escherichia coli strain Eco04570 genome assembly, contig: Eco04570-merged_contig_91, whole genome shotgun sequence	702	0.5185185185185185	cadc64835435036a1f86c7b4d65a417b	incomplete	-	-	-	-	-	-	-	-	-	-	-	-	-	-	-
GCA_902703155.1_GCA_902703155.1_Eco04570	GCA_902703155.1_GCA_902703155.1_Eco04570_uncompressed	chromosome	-	-	CACRYI010000092.1 Escherichia coli strain Eco04570 genome assembly, contig: Eco04570-merged_contig_92, whole genome shotgun sequence	678	0.5589970501474927	efce1599fda6fd0b83d872910364391d	incomplete	-	-	-	-	-	-	-	-	-	-	-	-	-	-	-
GCA_902703155.1_GCA_902703155.1_Eco04570	GCA_902703155.1_GCA_902703155.1_Eco04570_uncompressed	chromosome	-	-	CACRYI010000093.1 Escherichia coli strain Eco04570 genome assembly, contig: Eco04570-merged_contig_93, whole genome shotgun sequence	674	0.6231454005934718	b9de0037a6d8cc560f9f2ecdf96a7172	incomplete	-	-	-	-	-	-	-	-	-	-	-	-	-	-	-
GCA_902703155.1_GCA_902703155.1_Eco04570	GCA_902703155.1_GCA_902703155.1_Eco04570_uncompressed	chromosome	-	-	CACRYI010000094.1 Escherichia coli strain Eco04570 genome assembly, contig: Eco04570-merged_contig_94, whole genome shotgun sequence	672	0.4330357142857143	d572366d6401fe1315425a752ced81d5	incomplete	-	-	-	-	-	-	-	-	-	-	-	-	-	-	-
GCA_902703155.1_GCA_902703155.1_Eco04570	GCA_902703155.1_GCA_902703155.1_Eco04570_uncompressed	chromosome	-	-	CACRYI010000095.1 Escherichia coli strain Eco04570 genome assembly, contig: Eco04570-merged_contig_95, whole genome shotgun sequence	649	0.4714946070878274	c158e380ddcfb24063ffae62c6b27c64	incomplete	-	-	-	-	-	-	-	-	-	-	-	-	-	-	-
GCA_902703155.1_GCA_902703155.1_Eco04570	GCA_902703155.1_GCA_902703155.1_Eco04570_uncompressed	chromosome	-	-	CACRYI010000096.1 Escherichia coli strain Eco04570 genome assembly, contig: Eco04570-merged_contig_96, whole genome shotgun sequence	643	0.6065318818040435	6fba9768663224f795f9063fcc3749a8	incomplete	-	-	-	-	-	-	-	-	-	-	-	-	-	-	-
GCA_902703155.1_GCA_902703155.1_Eco04570	GCA_902703155.1_GCA_902703155.1_Eco04570_uncompressed	chromosome	-	-	CACRYI010000097.1 Escherichia coli strain Eco04570 genome assembly, contig: Eco04570-merged_contig_97, whole genome shotgun sequence	617	0.47487844408427876	81cc9ed2e7e501f0a1bcc9cd0226a5a5	incomplete	-	-	-	-	-	-	-	-	-	-	-	-	-	-	-
GCA_902703155.1_GCA_902703155.1_Eco04570	GCA_902703155.1_GCA_902703155.1_Eco04570_uncompressed	chromosome	-	-	CACRYI010000098.1 Escherichia coli strain Eco04570 genome assembly, contig: Eco04570-merged_contig_98, whole genome shotgun sequence	597	0.5025125628140703	969ec6e655919897a7b4d3e609527cd4	incomplete	-	-	-	-	-	-	-	-	-	-	-	-	-	-	-
GCA_902703155.1_GCA_902703155.1_Eco04570	GCA_902703155.1_GCA_902703155.1_Eco04570_uncompressed	chromosome	-	-	CACRYI010000099.1 Escherichia coli strain Eco04570 genome assembly, contig: Eco04570-merged_contig_99, whole genome shotgun sequence	596	0.5553691275167785	54ade9b4041e9ef50e73590d09408c29	incomplete	-	-	-	-	-	-	-	-	-	-	-	-	-	-	-
GCA_902703155.1_GCA_902703155.1_Eco04570	GCA_902703155.1_GCA_902703155.1_Eco04570_uncompressed	chromosome	-	-	CACRYI010000100.1 Escherichia coli strain Eco04570 genome assembly, contig: Eco04570-merged_contig_100, whole genome shotgun sequence	592	0.5675675675675675	1b9aea30e63d48bb815a246a265cfa59	incomplete	-	-	-	-	-	-	-	-	-	-	-	-	-	-	-
GCA_902703155.1_GCA_902703155.1_Eco04570	GCA_902703155.1_GCA_902703155.1_Eco04570_uncompressed	chromosome	-	-	CACRYI010000101.1 Escherichia coli strain Eco04570 genome assembly, contig: Eco04570-merged_contig_101, whole genome shotgun sequence	572	0.5367132867132867	4bde87246e85f8cf03acff18b80a085a	incomplete	-	-	-	-	-	-	-	-	-	-	-	-	-	-	-
GCA_902703155.1_GCA_902703155.1_Eco04570	GCA_902703155.1_GCA_902703155.1_Eco04570_uncompressed	chromosome	-	-	CACRYI010000102.1 Escherichia coli strain Eco04570 genome assembly, contig: Eco04570-merged_contig_102, whole genome shotgun sequence	561	0.5650623885918004	83552d5617cbc08e632241fa7b353f4e	incomplete	-	-	-	-	-	-	-	-	-	-	-	-	-	-	-
GCA_902703155.1_GCA_902703155.1_Eco04570	GCA_902703155.1_GCA_902703155.1_Eco04570_uncompressed	chromosome	-	-	CACRYI010000103.1 Escherichia coli strain Eco04570 genome assembly, contig: Eco04570-merged_contig_103, whole genome shotgun sequence	555	0.5387387387387388	1905b164770c7f168102ee40e451c71b	incomplete	-	-	-	-	-	-	-	-	-	-	-	-	-	-	-
GCA_902703155.1_GCA_902703155.1_Eco04570	GCA_902703155.1_GCA_902703155.1_Eco04570_uncompressed	chromosome	-	-	CACRYI010000104.1 Escherichia coli strain Eco04570 genome assembly, contig: Eco04570-merged_contig_104, whole genome shotgun sequence	547	0.453382084095064	6b98d1d0f4e7f568466b6b05301112d6	incomplete	-	-	-	-	-	-	-	-	-	-	-	-	-	-	-
GCA_902703155.1_GCA_902703155.1_Eco04570	GCA_902703155.1_GCA_902703155.1_Eco04570_uncompressed	chromosome	-	-	CACRYI010000105.1 Escherichia coli strain Eco04570 genome assembly, contig: Eco04570-merged_contig_105, whole genome shotgun sequence	529	0.5179584120982986	daa626178d96f67acd78aa1ad1b04c7c	incomplete	-	-	-	-	-	-	-	-	-	-	-	-	-	-	-
GCA_902703155.1_GCA_902703155.1_Eco04570	GCA_902703155.1_GCA_902703155.1_Eco04570_uncompressed	chromosome	-	-	CACRYI010000106.1 Escherichia coli strain Eco04570 genome assembly, contig: Eco04570-merged_contig_106, whole genome shotgun sequence	521	0.5547024952015355	296587646398f3fc1748aa19e97d0119	incomplete	-	-	-	-	-	-	-	-	-	-	-	-	-	-	-
GCA_902703155.1_GCA_902703155.1_Eco04570	GCA_902703155.1_GCA_902703155.1_Eco04570_uncompressed	chromosome	-	-	CACRYI010000107.1 Escherichia coli strain Eco04570 genome assembly, contig: Eco04570-merged_contig_107, whole genome shotgun sequence	515	0.4601941747572815	1446350b2780c85cdfa0c10ef22122ad	incomplete	-	-	-	-	-	-	-	-	-	-	-	-	-	-	-
GCA_977857845.1_GCA_977857845.1_R-IZA-041ESCO-YE	GCA_977857845.1_GCA_977857845.1_R-IZA-041ESCO-YE_uncompressed	chromosome	-	-	CDWHFB010000001.1 Escherichia coli isolate R-IZA-041ESCO-YE genome assembly, contig: NODE_1_covk_13.966081_covr_62.467_cutoff_35, whole genome shotgun sequence	603256	0.5082253636930258	134aa770d1d6dafe6205477ad5a1a8ee	incomplete	-	-	-	-	-	-	-	-	-	-	-	-	-	-	-
GCA_977857845.1_GCA_977857845.1_R-IZA-041ESCO-YE	GCA_977857845.1_GCA_977857845.1_R-IZA-041ESCO-YE_uncompressed	chromosome	-	-	CDWHFB010000002.1 Escherichia coli isolate R-IZA-041ESCO-YE genome assembly, contig: NODE_2_covk_13.922806_covr_61.909_cutoff_35, whole genome shotgun sequence	475120	0.5040137228489645	391f718f8a343430f2681fd18e54b527	incomplete	-	-	-	-	-	-	-	-	-	-	-	-	-	-	-
GCA_977857845.1_GCA_977857845.1_R-IZA-041ESCO-YE	GCA_977857845.1_GCA_977857845.1_R-IZA-041ESCO-YE_uncompressed	chromosome	-	-	CDWHFB010000003.1 Escherichia coli isolate R-IZA-041ESCO-YE genome assembly, contig: NODE_3_covk_13.993326_covr_62.308_cutoff_35, whole genome shotgun sequence	241358	0.5067935571048421	1984547ce67c80ef7c9e65be32a5bc99	incomplete	-	-	-	-	-	-	-	-	-	-	-	-	-	-	-
GCA_977857845.1_GCA_977857845.1_R-IZA-041ESCO-YE	GCA_977857845.1_GCA_977857845.1_R-IZA-041ESCO-YE_uncompressed	chromosome	-	-	CDWHFB010000004.1 Escherichia coli isolate R-IZA-041ESCO-YE genome assembly, contig: NODE_4_covk_13.832817_covr_61.643_cutoff_35, whole genome shotgun sequence	211381	0.5054475094734153	d5366f6eff48e3a6cf47f39dd22b4cd6	incomplete	-	-	-	-	-	-	-	-	-	-	-	-	-	-	-
GCA_977857845.1_GCA_977857845.1_R-IZA-041ESCO-YE	GCA_977857845.1_GCA_977857845.1_R-IZA-041ESCO-YE_uncompressed	chromosome	-	-	CDWHFB010000005.1 Escherichia coli isolate R-IZA-041ESCO-YE genome assembly, contig: NODE_5_covk_13.862552_covr_63.344_cutoff_35, whole genome shotgun sequence	151313	0.524363405655826	76933d2318b52830a069ca51966c3a07	incomplete	-	-	-	-	-	-	-	-	-	-	-	-	-	-	-
GCA_977857845.1_GCA_977857845.1_R-IZA-041ESCO-YE	GCA_977857845.1_GCA_977857845.1_R-IZA-041ESCO-YE_uncompressed	chromosome	-	-	CDWHFB010000006.1 Escherichia coli isolate R-IZA-041ESCO-YE genome assembly, contig: NODE_6_covk_13.956811_covr_62.498_cutoff_35, whole genome shotgun sequence	147751	0.5096479888460992	9c64455dada58c97ef305e31d20e6bee	incomplete	-	-	-	-	-	-	-	-	-	-	-	-	-	-	-
GCA_977857845.1_GCA_977857845.1_R-IZA-041ESCO-YE	GCA_977857845.1_GCA_977857845.1_R-IZA-041ESCO-YE_uncompressed	chromosome	-	-	CDWHFB010000007.1 Escherichia coli isolate R-IZA-041ESCO-YE genome assembly, contig: NODE_7_covk_13.941199_covr_62.289_cutoff_35, whole genome shotgun sequence	142822	0.5088011650866113	e45a53bf030592108e0c828686c6d08d	incomplete	-	-	-	-	-	-	-	-	-	-	-	-	-	-	-
GCA_977857845.1_GCA_977857845.1_R-IZA-041ESCO-YE	GCA_977857845.1_GCA_977857845.1_R-IZA-041ESCO-YE_uncompressed	chromosome	-	-	CDWHFB010000008.1 Escherichia coli isolate R-IZA-041ESCO-YE genome assembly, contig: NODE_8_covk_13.999635_covr_61.915_cutoff_35, whole genome shotgun sequence	139697	0.49484956727775115	0ae4b98f3e2f290d2ce28d819c3c6271	incomplete	-	-	-	-	-	-	-	-	-	-	-	-	-	-	-
GCA_977857845.1_GCA_977857845.1_R-IZA-041ESCO-YE	GCA_977857845.1_GCA_977857845.1_R-IZA-041ESCO-YE_uncompressed	chromosome	-	-	CDWHFB010000009.1 Escherichia coli isolate R-IZA-041ESCO-YE genome assembly, contig: NODE_9_covk_14.002907_covr_63.267_cutoff_35, whole genome shotgun sequence	111904	0.5219652559336574	bca9fc3c4b8e77f614c2de2e01cb43b8	incomplete	-	-	-	-	-	-	-	-	-	-	-	-	-	-	-
GCA_977857845.1_GCA_977857845.1_R-IZA-041ESCO-YE	GCA_977857845.1_GCA_977857845.1_R-IZA-041ESCO-YE_uncompressed	plasmid	AA378	AI376	CDWHFB010000010.1 Escherichia coli isolate R-IZA-041ESCO-YE genome assembly, contig: NODE_10_covk_12.707043_covr_48.437_cutoff_35, whole genome shotgun sequence	94507	0.4763879924238416	b6249a28923c674b3fac6de98e0021fd	incomplete	IncHI1B	000138__CP021336_00001	-	-	-	-	-	-	-	CP041922	0.00271444	Escherichia coli	-	-	-
GCA_977857845.1_GCA_977857845.1_R-IZA-041ESCO-YE	GCA_977857845.1_GCA_977857845.1_R-IZA-041ESCO-YE_uncompressed	chromosome	-	-	CDWHFB010000011.1 Escherichia coli isolate R-IZA-041ESCO-YE genome assembly, contig: NODE_11_covk_13.909852_covr_63.064_cutoff_35, whole genome shotgun sequence	94422	0.5147740992565292	bfa7d2bc88641bd6e12da1f2dfc68dc2	incomplete	-	-	-	-	-	-	-	-	-	-	-	-	-	-	-
GCA_977857845.1_GCA_977857845.1_R-IZA-041ESCO-YE	GCA_977857845.1_GCA_977857845.1_R-IZA-041ESCO-YE_uncompressed	chromosome	-	-	CDWHFB010000012.1 Escherichia coli isolate R-IZA-041ESCO-YE genome assembly, contig: NODE_12_covk_14.006011_covr_62.854_cutoff_35, whole genome shotgun sequence	92791	0.5137674990031361	fd2f1dbe8d20cafdbe21c8aa7533ea70	incomplete	-	-	-	-	-	-	-	-	-	-	-	-	-	-	-
GCA_977857845.1_GCA_977857845.1_R-IZA-041ESCO-YE	GCA_977857845.1_GCA_977857845.1_R-IZA-041ESCO-YE_uncompressed	chromosome	-	-	CDWHFB010000013.1 Escherichia coli isolate R-IZA-041ESCO-YE genome assembly, contig: NODE_13_covk_13.904448_covr_61.368_cutoff_35, whole genome shotgun sequence	89936	0.49738703077744173	54e5bc25634de14d8242466de6f1aa87	incomplete	-	-	-	-	-	-	-	-	-	-	-	-	-	-	-
GCA_977857845.1_GCA_977857845.1_R-IZA-041ESCO-YE	GCA_977857845.1_GCA_977857845.1_R-IZA-041ESCO-YE_uncompressed	chromosome	-	-	CDWHFB010000014.1 Escherichia coli isolate R-IZA-041ESCO-YE genome assembly, contig: NODE_14_covk_13.753043_covr_63.341_cutoff_35, whole genome shotgun sequence	89011	0.5256766017683208	08ca34d0b85e90da304dbf53f8935f37	incomplete	-	-	-	-	-	-	-	-	-	-	-	-	-	-	-
GCA_977857845.1_GCA_977857845.1_R-IZA-041ESCO-YE	GCA_977857845.1_GCA_977857845.1_R-IZA-041ESCO-YE_uncompressed	chromosome	-	-	CDWHFB010000015.1 Escherichia coli isolate R-IZA-041ESCO-YE genome assembly, contig: NODE_15_covk_13.990984_covr_62.748_cutoff_35, whole genome shotgun sequence	88299	0.5102322789612567	1c98ce6e26563c740bbe4a9236e7d209	incomplete	-	-	-	-	-	-	-	-	-	-	-	-	-	-	-
GCA_977857845.1_GCA_977857845.1_R-IZA-041ESCO-YE	GCA_977857845.1_GCA_977857845.1_R-IZA-041ESCO-YE_uncompressed	chromosome	-	-	CDWHFB010000016.1 Escherichia coli isolate R-IZA-041ESCO-YE genome assembly, contig: NODE_16_covk_13.883884_covr_62.781_cutoff_35, whole genome shotgun sequence	86388	0.5144696022595731	4308958dd4fa1d5952dc8b8d21801c0c	incomplete	-	-	-	-	-	-	-	-	-	-	-	-	-	-	-
GCA_977857845.1_GCA_977857845.1_R-IZA-041ESCO-YE	GCA_977857845.1_GCA_977857845.1_R-IZA-041ESCO-YE_uncompressed	chromosome	-	-	CDWHFB010000017.1 Escherichia coli isolate R-IZA-041ESCO-YE genome assembly, contig: NODE_17_covk_13.951583_covr_61.919_cutoff_35, whole genome shotgun sequence	85628	0.49759424487317233	6fd043fd797e8e41f37fc084af70585e	incomplete	-	-	-	-	-	-	-	-	-	-	-	-	-	-	-
GCA_977857845.1_GCA_977857845.1_R-IZA-041ESCO-YE	GCA_977857845.1_GCA_977857845.1_R-IZA-041ESCO-YE_uncompressed	chromosome	-	-	CDWHFB010000018.1 Escherichia coli isolate R-IZA-041ESCO-YE genome assembly, contig: NODE_18_covk_14.002103_covr_63.641_cutoff_35, whole genome shotgun sequence	81425	0.5231685600245625	41e61cc397dfaba8d42f07f811c47fe1	incomplete	-	-	-	-	-	-	-	-	-	-	-	-	-	-	-
GCA_977857845.1_GCA_977857845.1_R-IZA-041ESCO-YE	GCA_977857845.1_GCA_977857845.1_R-IZA-041ESCO-YE_uncompressed	chromosome	-	-	CDWHFB010000019.1 Escherichia coli isolate R-IZA-041ESCO-YE genome assembly, contig: NODE_19_covk_13.628061_covr_60.724_cutoff_35, whole genome shotgun sequence	75905	0.4905737434951584	4623fabba2895a24718545d8aa0e1e7a	incomplete	-	-	-	-	-	-	-	-	-	-	-	-	-	-	-
GCA_977857845.1_GCA_977857845.1_R-IZA-041ESCO-YE	GCA_977857845.1_GCA_977857845.1_R-IZA-041ESCO-YE_uncompressed	chromosome	-	-	CDWHFB010000020.1 Escherichia coli isolate R-IZA-041ESCO-YE genome assembly, contig: NODE_20_covk_13.732479_covr_62.154_cutoff_35, whole genome shotgun sequence	72422	0.5004556626439479	740975e9cb1527e5f330b11b4e2ad665	incomplete	-	-	-	-	-	-	-	-	-	-	-	-	-	-	-
GCA_977857845.1_GCA_977857845.1_R-IZA-041ESCO-YE	GCA_977857845.1_GCA_977857845.1_R-IZA-041ESCO-YE_uncompressed	chromosome	-	-	CDWHFB010000021.1 Escherichia coli isolate R-IZA-041ESCO-YE genome assembly, contig: NODE_21_covk_14.208786_covr_61.228_cutoff_35, whole genome shotgun sequence	72147	0.48847491926206216	f2c21e41b65e99c3e8c3d896ee1743c8	incomplete	-	-	-	-	-	-	-	-	-	-	-	-	-	-	-
GCA_977857845.1_GCA_977857845.1_R-IZA-041ESCO-YE	GCA_977857845.1_GCA_977857845.1_R-IZA-041ESCO-YE_uncompressed	chromosome	-	-	CDWHFB010000022.1 Escherichia coli isolate R-IZA-041ESCO-YE genome assembly, contig: NODE_22_covk_13.788760_covr_62.958_cutoff_35, whole genome shotgun sequence	68432	0.5215250175356558	8e2e87f97e29a95fa8ceb6ff630cd760	incomplete	-	-	-	-	-	-	-	-	-	-	-	-	-	-	-
GCA_977857845.1_GCA_977857845.1_R-IZA-041ESCO-YE	GCA_977857845.1_GCA_977857845.1_R-IZA-041ESCO-YE_uncompressed	chromosome	-	-	CDWHFB010000023.1 Escherichia coli isolate R-IZA-041ESCO-YE genome assembly, contig: NODE_23_covk_13.851788_covr_61.353_cutoff_35, whole genome shotgun sequence	68415	0.4914419352481181	d596bf5581ef371ee3e8a302c6d7818f	incomplete	-	-	-	-	-	-	-	-	-	-	-	-	-	-	-
GCA_977857845.1_GCA_977857845.1_R-IZA-041ESCO-YE	GCA_977857845.1_GCA_977857845.1_R-IZA-041ESCO-YE_uncompressed	chromosome	-	-	CDWHFB010000024.1 Escherichia coli isolate R-IZA-041ESCO-YE genome assembly, contig: NODE_24_covk_13.992691_covr_63.251_cutoff_35, whole genome shotgun sequence	53073	0.5172875096565108	229c242a1919753bc6584bfe68ff789a	incomplete	-	-	-	-	-	-	-	-	-	-	-	-	-	-	-
GCA_977857845.1_GCA_977857845.1_R-IZA-041ESCO-YE	GCA_977857845.1_GCA_977857845.1_R-IZA-041ESCO-YE_uncompressed	chromosome	-	-	CDWHFB010000025.1 Escherichia coli isolate R-IZA-041ESCO-YE genome assembly, contig: NODE_25_covk_14.009854_covr_63.348_cutoff_35, whole genome shotgun sequence	52893	0.5184996124250846	b6ba593c6afd210cb3c0b71e47a2a174	incomplete	-	-	-	-	-	-	-	-	-	-	-	-	-	-	-
GCA_977857845.1_GCA_977857845.1_R-IZA-041ESCO-YE	GCA_977857845.1_GCA_977857845.1_R-IZA-041ESCO-YE_uncompressed	chromosome	-	-	CDWHFB010000026.1 Escherichia coli isolate R-IZA-041ESCO-YE genome assembly, contig: NODE_26_covk_14.067035_covr_63.219_cutoff_35, whole genome shotgun sequence	51154	0.5047503616530477	ea726f0d32f35cbee9386b6d7af14718	incomplete	-	-	-	-	-	-	-	-	-	-	-	-	-	-	-
GCA_977857845.1_GCA_977857845.1_R-IZA-041ESCO-YE	GCA_977857845.1_GCA_977857845.1_R-IZA-041ESCO-YE_uncompressed	chromosome	-	-	CDWHFB010000027.1 Escherichia coli isolate R-IZA-041ESCO-YE genome assembly, contig: NODE_27_covk_13.767105_covr_62.268_cutoff_35, whole genome shotgun sequence	49375	0.5171443037974683	50a0454a55ce413d380ee2606b412361	incomplete	-	-	-	-	-	-	-	-	-	-	-	-	-	-	-
GCA_977857845.1_GCA_977857845.1_R-IZA-041ESCO-YE	GCA_977857845.1_GCA_977857845.1_R-IZA-041ESCO-YE_uncompressed	chromosome	-	-	CDWHFB010000028.1 Escherichia coli isolate R-IZA-041ESCO-YE genome assembly, contig: NODE_28_covk_13.999857_covr_62.868_cutoff_35, whole genome shotgun sequence	49013	0.509660702262665	b14ae244dc57b7b4118a67297003c39d	incomplete	-	-	-	-	-	-	-	-	-	-	-	-	-	-	-
GCA_977857845.1_GCA_977857845.1_R-IZA-041ESCO-YE	GCA_977857845.1_GCA_977857845.1_R-IZA-041ESCO-YE_uncompressed	chromosome	-	-	CDWHFB010000029.1 Escherichia coli isolate R-IZA-041ESCO-YE genome assembly, contig: NODE_29_covk_13.970264_covr_62.874_cutoff_35, whole genome shotgun sequence	47807	0.5136904637396197	6c1173a6ea30016aaaa10141b9912c15	incomplete	-	-	-	-	-	-	-	-	-	-	-	-	-	-	-
GCA_977857845.1_GCA_977857845.1_R-IZA-041ESCO-YE	GCA_977857845.1_GCA_977857845.1_R-IZA-041ESCO-YE_uncompressed	chromosome	-	-	CDWHFB010000030.1 Escherichia coli isolate R-IZA-041ESCO-YE genome assembly, contig: NODE_30_covk_14.009269_covr_63.201_cutoff_35, whole genome shotgun sequence	47373	0.5180165917294661	49a6d2de7a1f39471552fdfb6fefc131	incomplete	-	-	-	-	-	-	-	-	-	-	-	-	-	-	-
GCA_977857845.1_GCA_977857845.1_R-IZA-041ESCO-YE	GCA_977857845.1_GCA_977857845.1_R-IZA-041ESCO-YE_uncompressed	chromosome	-	-	CDWHFB010000031.1 Escherichia coli isolate R-IZA-041ESCO-YE genome assembly, contig: NODE_31_covk_14.060773_covr_62.799_cutoff_35, whole genome shotgun sequence	45075	0.5014087631724903	3201238bacc6a9ecc3ce559404641ffe	incomplete	-	-	-	-	-	-	-	-	-	-	-	-	-	-	-
GCA_977857845.1_GCA_977857845.1_R-IZA-041ESCO-YE	GCA_977857845.1_GCA_977857845.1_R-IZA-041ESCO-YE_uncompressed	chromosome	-	-	CDWHFB010000032.1 Escherichia coli isolate R-IZA-041ESCO-YE genome assembly, contig: NODE_32_covk_13.985700_covr_60.108_cutoff_35, whole genome shotgun sequence	44875	0.4906518105849582	360475040e5b94924918b14aabae12d7	incomplete	-	-	-	-	-	-	-	-	-	-	-	-	-	-	-
GCA_977857845.1_GCA_977857845.1_R-IZA-041ESCO-YE	GCA_977857845.1_GCA_977857845.1_R-IZA-041ESCO-YE_uncompressed	chromosome	-	-	CDWHFB010000033.1 Escherichia coli isolate R-IZA-041ESCO-YE genome assembly, contig: NODE_33_covk_14.242938_covr_61.046_cutoff_35, whole genome shotgun sequence	44017	0.4851534634345821	20b59132f5a142c429dc8a46f884af88	incomplete	-	-	-	-	-	-	-	-	-	-	-	-	-	-	-
GCA_977857845.1_GCA_977857845.1_R-IZA-041ESCO-YE	GCA_977857845.1_GCA_977857845.1_R-IZA-041ESCO-YE_uncompressed	chromosome	-	-	CDWHFB010000034.1 Escherichia coli isolate R-IZA-041ESCO-YE genome assembly, contig: NODE_34_covk_13.922403_covr_62.392_cutoff_35, whole genome shotgun sequence	41411	0.49477192050421387	ab4fe488a7220f4fbd7ad5da064328f4	incomplete	-	-	-	-	-	-	-	-	-	-	-	-	-	-	-
GCA_977857845.1_GCA_977857845.1_R-IZA-041ESCO-YE	GCA_977857845.1_GCA_977857845.1_R-IZA-041ESCO-YE_uncompressed	chromosome	-	-	CDWHFB010000035.1 Escherichia coli isolate R-IZA-041ESCO-YE genome assembly, contig: NODE_35_covk_13.714892_covr_62.317_cutoff_35, whole genome shotgun sequence	41137	0.5114130831125264	611fce063c03f967e5aeb419bdcb069b	incomplete	-	-	-	-	-	-	-	-	-	-	-	-	-	-	-
GCA_977857845.1_GCA_977857845.1_R-IZA-041ESCO-YE	GCA_977857845.1_GCA_977857845.1_R-IZA-041ESCO-YE_uncompressed	chromosome	-	-	CDWHFB010000036.1 Escherichia coli isolate R-IZA-041ESCO-YE genome assembly, contig: NODE_36_covk_13.972651_covr_61.482_cutoff_35, whole genome shotgun sequence	39683	0.503061764483532	7c8aff6d7d8a3e1894b09b68c0eee290	incomplete	-	-	-	-	-	-	-	-	-	-	-	-	-	-	-
GCA_977857845.1_GCA_977857845.1_R-IZA-041ESCO-YE	GCA_977857845.1_GCA_977857845.1_R-IZA-041ESCO-YE_uncompressed	chromosome	-	-	CDWHFB010000037.1 Escherichia coli isolate R-IZA-041ESCO-YE genome assembly, contig: NODE_37_covk_13.979405_covr_63.004_cutoff_35, whole genome shotgun sequence	38869	0.4981347603488641	d893cd1b9a1a2c727600d25b18b9fa34	incomplete	-	-	-	-	-	-	-	-	-	-	-	-	-	-	-
GCA_977857845.1_GCA_977857845.1_R-IZA-041ESCO-YE	GCA_977857845.1_GCA_977857845.1_R-IZA-041ESCO-YE_uncompressed	chromosome	-	-	CDWHFB010000038.1 Escherichia coli isolate R-IZA-041ESCO-YE genome assembly, contig: NODE_38_covk_13.605608_covr_60.481_cutoff_35, whole genome shotgun sequence	38177	0.5018466616025355	2992d0f43cc6d4e56f5240ce64fde8f4	incomplete	-	-	-	-	-	-	-	-	-	-	-	-	-	-	-
GCA_977857845.1_GCA_977857845.1_R-IZA-041ESCO-YE	GCA_977857845.1_GCA_977857845.1_R-IZA-041ESCO-YE_uncompressed	chromosome	-	-	CDWHFB010000039.1 Escherichia coli isolate R-IZA-041ESCO-YE genome assembly, contig: NODE_39_covk_13.754385_covr_62.874_cutoff_35, whole genome shotgun sequence	36499	0.5382339242171018	4562e0a8bd4ebe7f7cc9da17416a3111	incomplete	-	-	-	-	-	-	-	-	-	-	-	-	-	-	-
GCA_977857845.1_GCA_977857845.1_R-IZA-041ESCO-YE	GCA_977857845.1_GCA_977857845.1_R-IZA-041ESCO-YE_uncompressed	plasmid	AA326	AI221	CDWHFB010000040.1 Escherichia coli isolate R-IZA-041ESCO-YE genome assembly, contig: NODE_40_covk_13.436904_covr_56.545_cutoff_35, whole genome shotgun sequence	35797	0.5261893454758778	7cf76bbc06f96b00e34237a5b3a690be	incomplete	-	-	-	-	MPF_F,MPF_F,MPF_F,MPF_F,MPF_F,MPF_F,MPF_F,MPF_T	NC_017639_00100,NC_007675_00027,NC_017639_00094,NC_019094_00090,NC_010409_00124,NC_019037_00043,NC_022651_00077,NC_013437_00116	MOBF	CP000430	-	CP035337	0.0186195	Escherichia coli	-	-	-
GCA_977857845.1_GCA_977857845.1_R-IZA-041ESCO-YE	GCA_977857845.1_GCA_977857845.1_R-IZA-041ESCO-YE_uncompressed	chromosome	-	-	CDWHFB010000041.1 Escherichia coli isolate R-IZA-041ESCO-YE genome assembly, contig: NODE_41_covk_14.086995_covr_62.472_cutoff_35, whole genome shotgun sequence	33146	0.4919145598262234	1df18d4a5136bd96d45635e52b1c0b96	incomplete	-	-	-	-	-	-	-	-	-	-	-	-	-	-	-
GCA_977857845.1_GCA_977857845.1_R-IZA-041ESCO-YE	GCA_977857845.1_GCA_977857845.1_R-IZA-041ESCO-YE_uncompressed	plasmid	AA619	AI859	CDWHFB010000042.1 Escherichia coli isolate R-IZA-041ESCO-YE genome assembly, contig: NODE_42_covk_14.550523_covr_63.106_cutoff_35, whole genome shotgun sequence	32730	0.41625420103880234	ea147b1ed32d03b6d0e4f0901b29d9a1	incomplete	IncX4	000224__NC_022105_00002	MOBP	NC_013718_00057	MPF_T,MPF_T,MPF_T,MPF_T	NC_013718_00041,NC_013718_00044,NC_013718_00045,NC_021079_00038	-	-	-	KX772777	0.00058191	Escherichia coli	-	-	-
GCA_977857845.1_GCA_977857845.1_R-IZA-041ESCO-YE	GCA_977857845.1_GCA_977857845.1_R-IZA-041ESCO-YE_uncompressed	chromosome	-	-	CDWHFB010000043.1 Escherichia coli isolate R-IZA-041ESCO-YE genome assembly, contig: NODE_43_covk_13.620192_covr_60.999_cutoff_35, whole genome shotgun sequence	32124	0.5112065745237205	bd0c16ebaf4b5ea797dad705f2e6ebdf	incomplete	-	-	-	-	-	-	-	-	-	-	-	-	-	-	-
GCA_977857845.1_GCA_977857845.1_R-IZA-041ESCO-YE	GCA_977857845.1_GCA_977857845.1_R-IZA-041ESCO-YE_uncompressed	plasmid	AC305	AL439	CDWHFB010000044.1 Escherichia coli isolate R-IZA-041ESCO-YE genome assembly, contig: NODE_44_covk_14.789908_covr_61.265_cutoff_35, whole genome shotgun sequence	30998	0.428576037163688	ea75120ddd67536901952c650a1e5854	incomplete	IncX1	000215__KC853434_00019	MOBP	NC_019047_00022	MPF_T,MPF_T,MPF_T,MPF_T,MPF_T	NC_023277_00163,NC_019047_00030,NC_019047_00031,NC_019047_00032,NC_019047_00035	-	-	-	MH229869	0.00884936	Escherichia coli	-	-	-
GCA_977857845.1_GCA_977857845.1_R-IZA-041ESCO-YE	GCA_977857845.1_GCA_977857845.1_R-IZA-041ESCO-YE_uncompressed	chromosome	-	-	CDWHFB010000045.1 Escherichia coli isolate R-IZA-041ESCO-YE genome assembly, contig: NODE_45_covk_13.559329_covr_63.900_cutoff_35, whole genome shotgun sequence	30949	0.532359688519823	9c88ab0dcbb80a311920a94046c43f0c	incomplete	-	-	-	-	-	-	-	-	-	-	-	-	-	-	-
GCA_977857845.1_GCA_977857845.1_R-IZA-041ESCO-YE	GCA_977857845.1_GCA_977857845.1_R-IZA-041ESCO-YE_uncompressed	chromosome	-	-	CDWHFB010000046.1 Escherichia coli isolate R-IZA-041ESCO-YE genome assembly, contig: NODE_46_covk_13.852650_covr_63.130_cutoff_35, whole genome shotgun sequence	29690	0.5349612664196699	2230207dd0ba264e40d8d75945d64292	incomplete	-	-	-	-	-	-	-	-	-	-	-	-	-	-	-
GCA_977857845.1_GCA_977857845.1_R-IZA-041ESCO-YE	GCA_977857845.1_GCA_977857845.1_R-IZA-041ESCO-YE_uncompressed	chromosome	-	-	CDWHFB010000047.1 Escherichia coli isolate R-IZA-041ESCO-YE genome assembly, contig: NODE_47_covk_13.695128_covr_63.545_cutoff_35, whole genome shotgun sequence	29330	0.528435049437436	160b3370acea8fb04dfa17792fac16c3	incomplete	-	-	-	-	-	-	-	-	-	-	-	-	-	-	-
GCA_977857845.1_GCA_977857845.1_R-IZA-041ESCO-YE	GCA_977857845.1_GCA_977857845.1_R-IZA-041ESCO-YE_uncompressed	plasmid	AA326	AI221	CDWHFB010000048.1 Escherichia coli isolate R-IZA-041ESCO-YE genome assembly, contig: NODE_48_covk_14.036149_covr_58.443_cutoff_35, whole genome shotgun sequence	27342	0.525199327042645	9d5a107a6e614e371dfb574a7efdead4	incomplete	IncFIA	000136__AP014877_00014	MOBF	NC_017627_00068	MPF_F,MPF_F,MPF_F,MPF_Unknown	NC_018966_00040,NC_019094_00068,NC_009837_00049,08-5333_00200	-	-	-	CP035337	0.0186195	Escherichia coli	-	-	-
GCA_977857845.1_GCA_977857845.1_R-IZA-041ESCO-YE	GCA_977857845.1_GCA_977857845.1_R-IZA-041ESCO-YE_uncompressed	chromosome	-	-	CDWHFB010000049.1 Escherichia coli isolate R-IZA-041ESCO-YE genome assembly, contig: NODE_49_covk_13.965085_covr_63.317_cutoff_35, whole genome shotgun sequence	26127	0.4977992115436139	fb5440abd49772365821854213ed11f5	incomplete	-	-	-	-	-	-	-	-	-	-	-	-	-	-	-
GCA_977857845.1_GCA_977857845.1_R-IZA-041ESCO-YE	GCA_977857845.1_GCA_977857845.1_R-IZA-041ESCO-YE_uncompressed	chromosome	-	-	CDWHFB010000050.1 Escherichia coli isolate R-IZA-041ESCO-YE genome assembly, contig: NODE_50_covk_13.439055_covr_59.645_cutoff_35, whole genome shotgun sequence	25521	0.4923396418635633	2587b2f91b1a3e5b8feca29da9ef4bfd	incomplete	-	-	-	-	-	-	-	-	-	-	-	-	-	-	-
GCA_977857845.1_GCA_977857845.1_R-IZA-041ESCO-YE	GCA_977857845.1_GCA_977857845.1_R-IZA-041ESCO-YE_uncompressed	chromosome	-	-	CDWHFB010000051.1 Escherichia coli isolate R-IZA-041ESCO-YE genome assembly, contig: NODE_51_covk_13.940546_covr_62.803_cutoff_35, whole genome shotgun sequence	24762	0.4974153945561748	19926b8a038b98986c593c09e60398e3	incomplete	-	-	-	-	-	-	-	-	-	-	-	-	-	-	-
GCA_977857845.1_GCA_977857845.1_R-IZA-041ESCO-YE	GCA_977857845.1_GCA_977857845.1_R-IZA-041ESCO-YE_uncompressed	chromosome	-	-	CDWHFB010000052.1 Escherichia coli isolate R-IZA-041ESCO-YE genome assembly, contig: NODE_52_covk_13.891912_covr_57.669_cutoff_35, whole genome shotgun sequence	21733	0.4781208300740809	a2e44fc2ae8bd9d274f226b9f0eb621a	incomplete	-	-	-	-	-	-	-	-	-	-	-	-	-	-	-
GCA_977857845.1_GCA_977857845.1_R-IZA-041ESCO-YE	GCA_977857845.1_GCA_977857845.1_R-IZA-041ESCO-YE_uncompressed	chromosome	-	-	CDWHFB010000053.1 Escherichia coli isolate R-IZA-041ESCO-YE genome assembly, contig: NODE_53_covk_13.833643_covr_62.737_cutoff_35, whole genome shotgun sequence	20006	0.5114965510346896	30aa3632f82ba132e74f5836321af3e2	incomplete	-	-	-	-	-	-	-	-	-	-	-	-	-	-	-
GCA_977857845.1_GCA_977857845.1_R-IZA-041ESCO-YE	GCA_977857845.1_GCA_977857845.1_R-IZA-041ESCO-YE_uncompressed	chromosome	-	-	CDWHFB010000054.1 Escherichia coli isolate R-IZA-041ESCO-YE genome assembly, contig: NODE_54_covk_14.010091_covr_57.441_cutoff_35, whole genome shotgun sequence	15877	0.44151917868614976	9fb640ac69e4650c7e77de13c0c13eb3	incomplete	-	-	-	-	-	-	-	-	-	-	-	-	-	-	-
GCA_977857845.1_GCA_977857845.1_R-IZA-041ESCO-YE	GCA_977857845.1_GCA_977857845.1_R-IZA-041ESCO-YE_uncompressed	chromosome	-	-	CDWHFB010000055.1 Escherichia coli isolate R-IZA-041ESCO-YE genome assembly, contig: NODE_55_covk_13.071217_covr_58.688_cutoff_35, whole genome shotgun sequence	15665	0.5068624321736355	e72da72c9f64c95f9f0544ba05ca6c96	incomplete	-	-	-	-	-	-	-	-	-	-	-	-	-	-	-
GCA_977857845.1_GCA_977857845.1_R-IZA-041ESCO-YE	GCA_977857845.1_GCA_977857845.1_R-IZA-041ESCO-YE_uncompressed	chromosome	-	-	CDWHFB010000056.1 Escherichia coli isolate R-IZA-041ESCO-YE genome assembly, contig: NODE_56_covk_13.875221_covr_59.495_cutoff_35, whole genome shotgun sequence	14859	0.4887273706171344	79eb96702088968d61db239f98dfc7dd	incomplete	-	-	-	-	-	-	-	-	-	-	-	-	-	-	-
GCA_977857845.1_GCA_977857845.1_R-IZA-041ESCO-YE	GCA_977857845.1_GCA_977857845.1_R-IZA-041ESCO-YE_uncompressed	chromosome	-	-	CDWHFB010000057.1 Escherichia coli isolate R-IZA-041ESCO-YE genome assembly, contig: NODE_57_covk_13.733370_covr_63.199_cutoff_35, whole genome shotgun sequence	14568	0.5186710598572213	2a29b5947491a382499b66de0e73f111	incomplete	-	-	-	-	-	-	-	-	-	-	-	-	-	-	-
GCA_977857845.1_GCA_977857845.1_R-IZA-041ESCO-YE	GCA_977857845.1_GCA_977857845.1_R-IZA-041ESCO-YE_uncompressed	chromosome	-	-	CDWHFB010000058.1 Escherichia coli isolate R-IZA-041ESCO-YE genome assembly, contig: NODE_58_covk_13.601843_covr_61.420_cutoff_35, whole genome shotgun sequence	14226	0.5276254744833404	fdd1d84ff78d579f5097d50ceb44ab65	incomplete	-	-	-	-	-	-	-	-	-	-	-	-	-	-	-
GCA_977857845.1_GCA_977857845.1_R-IZA-041ESCO-YE	GCA_977857845.1_GCA_977857845.1_R-IZA-041ESCO-YE_uncompressed	plasmid	AG658	AQ709	CDWHFB010000059.1 Escherichia coli isolate R-IZA-041ESCO-YE genome assembly, contig: NODE_59_covk_13.491497_covr_55.219_cutoff_35, whole genome shotgun sequence	13057	0.4703990196829287	7114c04494f4544f4a6274e71388a13c	incomplete	-	-	-	-	-	-	-	-	-	KX434884	0.0143027	Klebsiella pneumoniae	-	-	-
GCA_977857845.1_GCA_977857845.1_R-IZA-041ESCO-YE	GCA_977857845.1_GCA_977857845.1_R-IZA-041ESCO-YE_uncompressed	chromosome	-	-	CDWHFB010000060.1 Escherichia coli isolate R-IZA-041ESCO-YE genome assembly, contig: NODE_60_covk_13.989083_covr_57.032_cutoff_35, whole genome shotgun sequence	12762	0.44851904090267986	af37d948247d24cd92d8319fa00367e6	incomplete	-	-	-	-	-	-	-	-	-	-	-	-	-	-	-
GCA_977857845.1_GCA_977857845.1_R-IZA-041ESCO-YE	GCA_977857845.1_GCA_977857845.1_R-IZA-041ESCO-YE_uncompressed	chromosome	-	-	CDWHFB010000061.1 Escherichia coli isolate R-IZA-041ESCO-YE genome assembly, contig: NODE_61_covk_13.867418_covr_61.265_cutoff_35, whole genome shotgun sequence	12189	0.48289441299532365	ea91e78b472790de9069db04043750c6	incomplete	-	-	-	-	-	-	-	-	-	-	-	-	-	-	-
GCA_977857845.1_GCA_977857845.1_R-IZA-041ESCO-YE	GCA_977857845.1_GCA_977857845.1_R-IZA-041ESCO-YE_uncompressed	chromosome	-	-	CDWHFB010000062.1 Escherichia coli isolate R-IZA-041ESCO-YE genome assembly, contig: NODE_62_covk_13.218015_covr_58.505_cutoff_35, whole genome shotgun sequence	11267	0.49258897665749535	c7f26e297370a5b840a93f88b7ce096f	incomplete	-	-	-	-	-	-	-	-	-	-	-	-	-	-	-
GCA_977857845.1_GCA_977857845.1_R-IZA-041ESCO-YE	GCA_977857845.1_GCA_977857845.1_R-IZA-041ESCO-YE_uncompressed	chromosome	-	-	CDWHFB010000063.1 Escherichia coli isolate R-IZA-041ESCO-YE genome assembly, contig: NODE_63_covk_13.869328_covr_61.977_cutoff_35, whole genome shotgun sequence	8937	0.5185185185185185	aab957c402275b0a89f65d4b6d41fc7e	incomplete	-	-	-	-	-	-	-	-	-	-	-	-	-	-	-
GCA_977857845.1_GCA_977857845.1_R-IZA-041ESCO-YE	GCA_977857845.1_GCA_977857845.1_R-IZA-041ESCO-YE_uncompressed	chromosome	-	-	CDWHFB010000064.1 Escherichia coli isolate R-IZA-041ESCO-YE genome assembly, contig: NODE_64_covk_13.013623_covr_53.468_cutoff_35, whole genome shotgun sequence	8636	0.45020842982862436	288c053a13a629b21635e61bfa496032	incomplete	-	-	-	-	-	-	-	-	-	-	-	-	-	-	-
GCA_977857845.1_GCA_977857845.1_R-IZA-041ESCO-YE	GCA_977857845.1_GCA_977857845.1_R-IZA-041ESCO-YE_uncompressed	chromosome	-	-	CDWHFB010000065.1 Escherichia coli isolate R-IZA-041ESCO-YE genome assembly, contig: NODE_65_covk_13.067270_covr_48.429_cutoff_35, whole genome shotgun sequence	8520	0.38884976525821596	62821a164aaacba670ff6ead86ecb18a	incomplete	-	-	-	-	-	-	-	-	-	-	-	-	-	-	-
GCA_977857845.1_GCA_977857845.1_R-IZA-041ESCO-YE	GCA_977857845.1_GCA_977857845.1_R-IZA-041ESCO-YE_uncompressed	chromosome	-	-	CDWHFB010000066.1 Escherichia coli isolate R-IZA-041ESCO-YE genome assembly, contig: NODE_66_covk_13.407520_covr_57.695_cutoff_35, whole genome shotgun sequence	7701	0.5087650954421503	039a33e7578cd2a7a467f7d91478d666	incomplete	-	-	-	-	-	-	-	-	-	-	-	-	-	-	-
GCA_977857845.1_GCA_977857845.1_R-IZA-041ESCO-YE	GCA_977857845.1_GCA_977857845.1_R-IZA-041ESCO-YE_uncompressed	chromosome	-	-	CDWHFB010000067.1 Escherichia coli isolate R-IZA-041ESCO-YE genome assembly, contig: NODE_67_covk_14.091812_covr_62.249_cutoff_35, whole genome shotgun sequence	7669	0.5200156474116573	3d7f74f944af26f0e517671bfad6741e	incomplete	-	-	-	-	-	-	-	-	-	-	-	-	-	-	-
GCA_977857845.1_GCA_977857845.1_R-IZA-041ESCO-YE	GCA_977857845.1_GCA_977857845.1_R-IZA-041ESCO-YE_uncompressed	chromosome	-	-	CDWHFB010000068.1 Escherichia coli isolate R-IZA-041ESCO-YE genome assembly, contig: NODE_68_covk_14.629180_covr_58.317_cutoff_35, whole genome shotgun sequence	6790	0.44432989690721647	54093a3eb4315154c70bdfee05351c6f	incomplete	-	-	-	-	-	-	-	-	-	-	-	-	-	-	-
GCA_977857845.1_GCA_977857845.1_R-IZA-041ESCO-YE	GCA_977857845.1_GCA_977857845.1_R-IZA-041ESCO-YE_uncompressed	plasmid	AA378	AI376	CDWHFB010000069.1 Escherichia coli isolate R-IZA-041ESCO-YE genome assembly, contig: NODE_69_covk_10.086263_covr_39.234_cutoff_35, whole genome shotgun sequence	6010	0.45973377703826956	e5b91e9967afe3f3dea0edde68a30e51	incomplete	-	-	-	-	-	-	-	-	-	CP041922	0.00271444	Escherichia coli	-	-	-
GCA_977857845.1_GCA_977857845.1_R-IZA-041ESCO-YE	GCA_977857845.1_GCA_977857845.1_R-IZA-041ESCO-YE_uncompressed	chromosome	-	-	CDWHFB010000070.1 Escherichia coli isolate R-IZA-041ESCO-YE genome assembly, contig: NODE_70_covk_14.102743_covr_54.997_cutoff_35, whole genome shotgun sequence	5990	0.4297161936560935	db05c251208419d7d0c813d3a6617a42	incomplete	-	-	-	-	-	-	-	-	-	-	-	-	-	-	-
GCA_977857845.1_GCA_977857845.1_R-IZA-041ESCO-YE	GCA_977857845.1_GCA_977857845.1_R-IZA-041ESCO-YE_uncompressed	plasmid	AC305	AL439	CDWHFB010000071.1 Escherichia coli isolate R-IZA-041ESCO-YE genome assembly, contig: NODE_71_covk_13.569964_covr_61.290_cutoff_35, whole genome shotgun sequence	5681	0.5051927477556768	3ce32bf2a5fe9fbc1d83b0f9b301ea38	incomplete	-	-	-	-	-	-	-	-	-	MH229869	0.00884936	Escherichia coli	KX711879	ISEc51	repetitve element
GCA_977857845.1_GCA_977857845.1_R-IZA-041ESCO-YE	GCA_977857845.1_GCA_977857845.1_R-IZA-041ESCO-YE_uncompressed	chromosome	-	-	CDWHFB010000072.1 Escherichia coli isolate R-IZA-041ESCO-YE genome assembly, contig: NODE_72_covk_14.777824_covr_55.616_cutoff_35, whole genome shotgun sequence	4883	0.40692197419619086	511378cb665cfeedab56aea2421fdea1	incomplete	-	-	-	-	-	-	-	-	-	-	-	-	-	-	-
GCA_977857845.1_GCA_977857845.1_R-IZA-041ESCO-YE	GCA_977857845.1_GCA_977857845.1_R-IZA-041ESCO-YE_uncompressed	chromosome	-	-	CDWHFB010000073.1 Escherichia coli isolate R-IZA-041ESCO-YE genome assembly, contig: NODE_73_covk_13.788225_covr_57.992_cutoff_35, whole genome shotgun sequence	4843	0.5246747883543258	a87e162208ae01dba551c6c0b8f47535	incomplete	-	-	-	-	-	-	-	-	-	-	-	-	-	-	-
GCA_977857845.1_GCA_977857845.1_R-IZA-041ESCO-YE	GCA_977857845.1_GCA_977857845.1_R-IZA-041ESCO-YE_uncompressed	chromosome	-	-	CDWHFB010000074.1 Escherichia coli isolate R-IZA-041ESCO-YE genome assembly, contig: NODE_74_covk_14.372246_covr_59.220_cutoff_35, whole genome shotgun sequence	4524	0.4876215738284704	5e9dc235a0bb6716b61b005fe4e69869	incomplete	-	-	-	-	-	-	-	-	-	-	-	-	-	-	-
GCA_977857845.1_GCA_977857845.1_R-IZA-041ESCO-YE	GCA_977857845.1_GCA_977857845.1_R-IZA-041ESCO-YE_uncompressed	chromosome	-	-	CDWHFB010000075.1 Escherichia coli isolate R-IZA-041ESCO-YE genome assembly, contig: NODE_75_covk_14.630614_covr_59.911_cutoff_35, whole genome shotgun sequence	4374	0.4757658893461363	6a60a428c247f0113f8c72b22ea9c6ff	incomplete	-	-	-	-	-	-	-	-	-	-	-	-	-	-	-
GCA_977857845.1_GCA_977857845.1_R-IZA-041ESCO-YE	GCA_977857845.1_GCA_977857845.1_R-IZA-041ESCO-YE_uncompressed	chromosome	-	-	CDWHFB010000076.1 Escherichia coli isolate R-IZA-041ESCO-YE genome assembly, contig: NODE_76_covk_13.861367_covr_55.177_cutoff_35, whole genome shotgun sequence	4247	0.44337179185307274	5dd5ed573a85662b1c259283d2fb4d3e	incomplete	-	-	-	-	-	-	-	-	-	-	-	-	-	-	-
GCA_977857845.1_GCA_977857845.1_R-IZA-041ESCO-YE	GCA_977857845.1_GCA_977857845.1_R-IZA-041ESCO-YE_uncompressed	chromosome	-	-	CDWHFB010000077.1 Escherichia coli isolate R-IZA-041ESCO-YE genome assembly, contig: NODE_77_covk_12.336038_covr_50.549_cutoff_35, whole genome shotgun sequence	3695	0.5212449255751015	2854238fe5540f0f68ee55921a699788	incomplete	-	-	-	-	-	-	-	-	-	-	-	-	-	-	-
GCA_977857845.1_GCA_977857845.1_R-IZA-041ESCO-YE	GCA_977857845.1_GCA_977857845.1_R-IZA-041ESCO-YE_uncompressed	plasmid	AB944	-	CDWHFB010000078.1 Escherichia coli isolate R-IZA-041ESCO-YE genome assembly, contig: NODE_78_covk_14.938360_covr_64.766_cutoff_35, whole genome shotgun sequence	3317	0.47392221887247515	10e4a4be7a506f3bb0008a9c7fe04993	circular	-	-	-	-	-	-	-	-	-	NC_019054	0.0480354	Escherichia coli	-	-	-
GCA_977857845.1_GCA_977857845.1_R-IZA-041ESCO-YE	GCA_977857845.1_GCA_977857845.1_R-IZA-041ESCO-YE_uncompressed	chromosome	-	-	CDWHFB010000079.1 Escherichia coli isolate R-IZA-041ESCO-YE genome assembly, contig: NODE_79_covk_14.016003_covr_63.078_cutoff_35, whole genome shotgun sequence	3308	0.6172914147521161	13dfd14deb3df60eda3f266ec701f1fc	incomplete	-	-	-	-	-	-	-	-	-	-	-	-	CP001182,KC964606	IS15,ISCARN103	repetitve element
GCA_977857845.1_GCA_977857845.1_R-IZA-041ESCO-YE	GCA_977857845.1_GCA_977857845.1_R-IZA-041ESCO-YE_uncompressed	chromosome	-	-	CDWHFB010000080.1 Escherichia coli isolate R-IZA-041ESCO-YE genome assembly, contig: NODE_80_covk_11.273256_covr_40.365_cutoff_35, whole genome shotgun sequence	2701	0.4209552017771196	84f40f6e69129bc4d845394c892f587e	incomplete	-	-	-	-	-	-	-	-	-	-	-	-	-	-	-
GCA_977857845.1_GCA_977857845.1_R-IZA-041ESCO-YE	GCA_977857845.1_GCA_977857845.1_R-IZA-041ESCO-YE_uncompressed	chromosome	-	-	CDWHFB010000081.1 Escherichia coli isolate R-IZA-041ESCO-YE genome assembly, contig: NODE_81_covk_13.500197_covr_58.760_cutoff_35, whole genome shotgun sequence	2660	0.4605263157894737	37d1065e4ee27507997f77e9032c5998	incomplete	-	-	-	-	-	-	-	-	-	-	-	-	-	-	-
GCA_977857845.1_GCA_977857845.1_R-IZA-041ESCO-YE	GCA_977857845.1_GCA_977857845.1_R-IZA-041ESCO-YE_uncompressed	chromosome	-	-	CDWHFB010000082.1 Escherichia coli isolate R-IZA-041ESCO-YE genome assembly, contig: NODE_82_covk_14.456346_covr_46.921_cutoff_35, whole genome shotgun sequence	2595	0.3764932562620424	8d5ce52ce409d6ecbc19a7852a7846d9	incomplete	-	-	-	-	-	-	-	-	-	-	-	-	-	-	-
GCA_977857845.1_GCA_977857845.1_R-IZA-041ESCO-YE	GCA_977857845.1_GCA_977857845.1_R-IZA-041ESCO-YE_uncompressed	chromosome	-	-	CDWHFB010000083.1 Escherichia coli isolate R-IZA-041ESCO-YE genome assembly, contig: NODE_83_covk_13.783476_covr_57.178_cutoff_35, whole genome shotgun sequence	2578	0.45151280062063615	4424d763ea917b8a7448e8a6ee14b278	incomplete	-	-	-	-	-	-	-	-	-	-	-	-	-	-	-
GCA_977857845.1_GCA_977857845.1_R-IZA-041ESCO-YE	GCA_977857845.1_GCA_977857845.1_R-IZA-041ESCO-YE_uncompressed	chromosome	-	-	CDWHFB010000084.1 Escherichia coli isolate R-IZA-041ESCO-YE genome assembly, contig: NODE_84_covk_13.083147_covr_52.331_cutoff_35, whole genome shotgun sequence	2358	0.46564885496183206	436dbc39893a664dee209f960be52d16	incomplete	-	-	-	-	-	-	-	-	-	-	-	-	-	-	-
GCA_977857845.1_GCA_977857845.1_R-IZA-041ESCO-YE	GCA_977857845.1_GCA_977857845.1_R-IZA-041ESCO-YE_uncompressed	plasmid	AG658	AQ709	CDWHFB010000085.1 Escherichia coli isolate R-IZA-041ESCO-YE genome assembly, contig: NODE_85_covk_12.863613_covr_55.461_cutoff_35, whole genome shotgun sequence	2042	0.6591576885406464	eeae81de80a3ae96e6660b95083a9f21	incomplete	-	-	-	-	-	-	-	-	-	KX434884	0.0143027	Klebsiella pneumoniae	KC543497,CP022426	ISPa40,TnAs1	repetitve element
GCA_977857845.1_GCA_977857845.1_R-IZA-041ESCO-YE	GCA_977857845.1_GCA_977857845.1_R-IZA-041ESCO-YE_uncompressed	chromosome	-	-	CDWHFB010000086.1 Escherichia coli isolate R-IZA-041ESCO-YE genome assembly, contig: NODE_86_covk_14.655531_covr_64.991_cutoff_35, whole genome shotgun sequence	1947	0.5398048279404212	adb29a011774e367685b58b26dba51cd	incomplete	-	-	-	-	-	-	-	-	-	-	-	-	CP016586.1	23s-rRNA	repetitve element
GCA_977857845.1_GCA_977857845.1_R-IZA-041ESCO-YE	GCA_977857845.1_GCA_977857845.1_R-IZA-041ESCO-YE_uncompressed	plasmid	AB237	AJ935	CDWHFB010000087.1 Escherichia coli isolate R-IZA-041ESCO-YE genome assembly, contig: NODE_87_covk_13.845538_covr_64.533_cutoff_35, whole genome shotgun sequence	1869	0.5762439807383628	64bad624e74090ecf10a51ce118c8aee	circular	ColpVC	JX133088	-	-	-	-	-	-	-	CP041121	0.00319852	Escherichia coli	-	-	-
GCA_977857845.1_GCA_977857845.1_R-IZA-041ESCO-YE	GCA_977857845.1_GCA_977857845.1_R-IZA-041ESCO-YE_uncompressed	chromosome	-	-	CDWHFB010000088.1 Escherichia coli isolate R-IZA-041ESCO-YE genome assembly, contig: NODE_88_covk_9.831333_covr_51.005_cutoff_35, whole genome shotgun sequence	1787	0.6066032456631225	f85735288de52405332389a61d8d5d1e	incomplete	-	-	-	-	-	-	-	-	-	-	-	-	-	-	-
GCA_977857845.1_GCA_977857845.1_R-IZA-041ESCO-YE	GCA_977857845.1_GCA_977857845.1_R-IZA-041ESCO-YE_uncompressed	chromosome	-	-	CDWHFB010000089.1 Escherichia coli isolate R-IZA-041ESCO-YE genome assembly, contig: NODE_89_covk_15.056403_covr_66.174_cutoff_35, whole genome shotgun sequence	1628	0.5343980343980343	f6614db25c1e459a4d48b35a84ba2b6a	incomplete	-	-	-	-	-	-	-	-	-	-	-	-	CP016586.1	16s-rRNA	repetitve element
GCA_977857845.1_GCA_977857845.1_R-IZA-041ESCO-YE	GCA_977857845.1_GCA_977857845.1_R-IZA-041ESCO-YE_uncompressed	plasmid	AA378	AI376	CDWHFB010000090.1 Escherichia coli isolate R-IZA-041ESCO-YE genome assembly, contig: NODE_90_covk_13.919212_covr_59.849_cutoff_35, whole genome shotgun sequence	1594	0.6587202007528231	be1c54614fb2e9e319c8c7c8c72d5ea4	incomplete	-	-	-	-	-	-	-	-	-	CP041922	0.00271444	Escherichia coli	MF805806,CP001182,JF274989,CP022426	IS1006,IS15,ISCsp2,TnAs1	repetitve element
GCA_977857845.1_GCA_977857845.1_R-IZA-041ESCO-YE	GCA_977857845.1_GCA_977857845.1_R-IZA-041ESCO-YE_uncompressed	plasmid	AA378	AI376	CDWHFB010000091.1 Escherichia coli isolate R-IZA-041ESCO-YE genome assembly, contig: NODE_91_covk_14.530387_covr_60.658_cutoff_35, whole genome shotgun sequence	1388	0.4409221902017291	2895713d10d2d8ba40a5bbc73c3561de	incomplete	-	-	-	-	-	-	-	-	-	CP041922	0.00271444	Escherichia coli	CP001509	IS103	repetitve element
GCA_977857845.1_GCA_977857845.1_R-IZA-041ESCO-YE	GCA_977857845.1_GCA_977857845.1_R-IZA-041ESCO-YE_uncompressed	chromosome	-	-	CDWHFB010000092.1 Escherichia coli isolate R-IZA-041ESCO-YE genome assembly, contig: NODE_92_covk_12.296903_covr_51.453_cutoff_35, whole genome shotgun sequence	1219	0.6185397867104184	f02808ccf8bf6076c7e00d28fbe731a5	incomplete	-	-	-	-	-	-	-	-	-	-	-	-	-	-	-
GCA_977857845.1_GCA_977857845.1_R-IZA-041ESCO-YE	GCA_977857845.1_GCA_977857845.1_R-IZA-041ESCO-YE_uncompressed	plasmid	AC305	AL439	CDWHFB010000093.1 Escherichia coli isolate R-IZA-041ESCO-YE genome assembly, contig: NODE_93_covk_14.507326_covr_62.131_cutoff_35, whole genome shotgun sequence	1213	0.5383347073371806	d7b5f1483cb881144f022cbaf4db69c0	incomplete	-	-	-	-	-	-	-	-	-	MH229869	0.00884936	Escherichia coli	KX242350	ISEc17	repetitve element
GCA_977857845.1_GCA_977857845.1_R-IZA-041ESCO-YE	GCA_977857845.1_GCA_977857845.1_R-IZA-041ESCO-YE_uncompressed	chromosome	-	-	CDWHFB010000094.1 Escherichia coli isolate R-IZA-041ESCO-YE genome assembly, contig: NODE_94_covk_14.511916_covr_54.762_cutoff_35, whole genome shotgun sequence	1170	0.5085470085470085	9ec5a8e2201f832a2c50974444423165	incomplete	-	-	-	-	-	-	-	-	-	-	-	-	-	-	-
GCA_977857845.1_GCA_977857845.1_R-IZA-041ESCO-YE	GCA_977857845.1_GCA_977857845.1_R-IZA-041ESCO-YE_uncompressed	chromosome	-	-	CDWHFB010000095.1 Escherichia coli isolate R-IZA-041ESCO-YE genome assembly, contig: NODE_95_covk_12.866738_covr_48.255_cutoff_35, whole genome shotgun sequence	1059	0.623229461756374	b35fbf59e3dd42d3e8461c3d95e4a386	incomplete	-	-	-	-	-	-	-	-	-	-	-	-	-	-	-
GCA_977857845.1_GCA_977857845.1_R-IZA-041ESCO-YE	GCA_977857845.1_GCA_977857845.1_R-IZA-041ESCO-YE_uncompressed	chromosome	-	-	CDWHFB010000096.1 Escherichia coli isolate R-IZA-041ESCO-YE genome assembly, contig: NODE_96_covk_15.304172_covr_62.331_cutoff_35, whole genome shotgun sequence	864	0.5162037037037037	e0aa2af69ef00ca76f4a6a0ba6f4465d	incomplete	-	-	-	-	-	-	-	-	-	-	-	-	-	-	-
GCA_977857845.1_GCA_977857845.1_R-IZA-041ESCO-YE	GCA_977857845.1_GCA_977857845.1_R-IZA-041ESCO-YE_uncompressed	chromosome	-	-	CDWHFB010000097.1 Escherichia coli isolate R-IZA-041ESCO-YE genome assembly, contig: NODE_97_covk_13.514019_covr_53.494_cutoff_35, whole genome shotgun sequence	763	0.6448230668414154	48e7bb73b17e5805f495177652ca2f9a	incomplete	-	-	-	-	-	-	-	-	-	-	-	-	-	-	-
GCA_977857845.1_GCA_977857845.1_R-IZA-041ESCO-YE	GCA_977857845.1_GCA_977857845.1_R-IZA-041ESCO-YE_uncompressed	chromosome	-	-	CDWHFB010000098.1 Escherichia coli isolate R-IZA-041ESCO-YE genome assembly, contig: NODE_98_covk_13.333874_covr_61.814_cutoff_35, whole genome shotgun sequence	738	0.6124661246612466	853fd0448d4de5ecb338862e104593d1	incomplete	-	-	-	-	-	-	-	-	-	-	-	-	-	-	-
GCA_977857845.1_GCA_977857845.1_R-IZA-041ESCO-YE	GCA_977857845.1_GCA_977857845.1_R-IZA-041ESCO-YE_uncompressed	chromosome	-	-	CDWHFB010000099.1 Escherichia coli isolate R-IZA-041ESCO-YE genome assembly, contig: NODE_99_covk_11.670989_covr_39.855_cutoff_35, whole genome shotgun sequence	738	0.510840108401084	81673797876383025b9bef6a1346edda	incomplete	-	-	-	-	-	-	-	-	-	-	-	-	-	-	-
GCA_977857845.1_GCA_977857845.1_R-IZA-041ESCO-YE	GCA_977857845.1_GCA_977857845.1_R-IZA-041ESCO-YE_uncompressed	chromosome	-	-	CDWHFB010000100.1 Escherichia coli isolate R-IZA-041ESCO-YE genome assembly, contig: NODE_100_covk_14.509868_covr_53.982_cutoff_35, whole genome shotgun sequence	729	0.5171467764060357	a3b0be2d1a85dfdefb162cf1abe29cf6	incomplete	-	-	-	-	-	-	-	-	-	-	-	-	-	-	-
GCA_977857845.1_GCA_977857845.1_R-IZA-041ESCO-YE	GCA_977857845.1_GCA_977857845.1_R-IZA-041ESCO-YE_uncompressed	chromosome	-	-	CDWHFB010000101.1 Escherichia coli isolate R-IZA-041ESCO-YE genome assembly, contig: NODE_101_covk_13.669065_covr_56.916_cutoff_35, whole genome shotgun sequence	677	0.5657311669128509	3519f0df1ca370a91c118fe58e8b0425	incomplete	-	-	-	-	-	-	-	-	-	-	-	-	-	-	-
GCA_977857845.1_GCA_977857845.1_R-IZA-041ESCO-YE	GCA_977857845.1_GCA_977857845.1_R-IZA-041ESCO-YE_uncompressed	chromosome	-	-	CDWHFB010000102.1 Escherichia coli isolate R-IZA-041ESCO-YE genome assembly, contig: NODE_102_covk_10.839623_covr_33.926_cutoff_35, whole genome shotgun sequence	651	0.6236559139784946	6c1b5bb2845266e6011903c68d68f31e	incomplete	-	-	-	-	-	-	-	-	-	-	-	-	-	-	-
GCA_977857845.1_GCA_977857845.1_R-IZA-041ESCO-YE	GCA_977857845.1_GCA_977857845.1_R-IZA-041ESCO-YE_uncompressed	chromosome	-	-	CDWHFB010000103.1 Escherichia coli isolate R-IZA-041ESCO-YE genome assembly, contig: NODE_103_covk_17.759924_covr_57.202_cutoff_35, whole genome shotgun sequence	650	0.5276923076923077	5210e0feeb41773259b6430a05025c51	incomplete	-	-	-	-	-	-	-	-	-	-	-	-	-	-	-
GCA_977857845.1_GCA_977857845.1_R-IZA-041ESCO-YE	GCA_977857845.1_GCA_977857845.1_R-IZA-041ESCO-YE_uncompressed	chromosome	-	-	CDWHFB010000104.1 Escherichia coli isolate R-IZA-041ESCO-YE genome assembly, contig: NODE_104_covk_12.700382_covr_51.777_cutoff_35, whole genome shotgun sequence	645	0.47131782945736433	f9c9e06a718ba4f74f86c6d19b40ae3c	incomplete	-	-	-	-	-	-	-	-	-	-	-	-	-	-	-
GCA_977857845.1_GCA_977857845.1_R-IZA-041ESCO-YE	GCA_977857845.1_GCA_977857845.1_R-IZA-041ESCO-YE_uncompressed	chromosome	-	-	CDWHFB010000105.1 Escherichia coli isolate R-IZA-041ESCO-YE genome assembly, contig: NODE_105_covk_14.292070_covr_56.600_cutoff_35, whole genome shotgun sequence	638	0.6692789968652038	56f0f7f9d9b035480721e5b700a8069e	incomplete	-	-	-	-	-	-	-	-	-	-	-	-	-	-	-
GCA_977857845.1_GCA_977857845.1_R-IZA-041ESCO-YE	GCA_977857845.1_GCA_977857845.1_R-IZA-041ESCO-YE_uncompressed	chromosome	-	-	CDWHFB010000106.1 Escherichia coli isolate R-IZA-041ESCO-YE genome assembly, contig: NODE_106_covk_5.574338_covr_20.343_cutoff_35, whole genome shotgun sequence	612	0.5882352941176471	62a5bbe9e766fb9901ce33fbe9ed5b08	incomplete	-	-	-	-	-	-	-	-	-	-	-	-	-	-	-
GCA_977857845.1_GCA_977857845.1_R-IZA-041ESCO-YE	GCA_977857845.1_GCA_977857845.1_R-IZA-041ESCO-YE_uncompressed	chromosome	-	-	CDWHFB010000107.1 Escherichia coli isolate R-IZA-041ESCO-YE genome assembly, contig: NODE_107_covk_13.779018_covr_51.202_cutoff_35, whole genome shotgun sequence	569	0.5325131810193322	65cda7949db0de52b44570ebc5c0f327	incomplete	-	-	-	-	-	-	-	-	-	-	-	-	-	-	-
GCA_977857845.1_GCA_977857845.1_R-IZA-041ESCO-YE	GCA_977857845.1_GCA_977857845.1_R-IZA-041ESCO-YE_uncompressed	chromosome	-	-	CDWHFB010000108.1 Escherichia coli isolate R-IZA-041ESCO-YE genome assembly, contig: NODE_108_covk_16.022676_covr_42.911_cutoff_35, whole genome shotgun sequence	562	0.3540925266903915	56ae54b637adff97f1ba01949773a65c	incomplete	-	-	-	-	-	-	-	-	-	-	-	-	-	-	-
GCA_977857845.1_GCA_977857845.1_R-IZA-041ESCO-YE	GCA_977857845.1_GCA_977857845.1_R-IZA-041ESCO-YE_uncompressed	chromosome	-	-	CDWHFB010000109.1 Escherichia coli isolate R-IZA-041ESCO-YE genome assembly, contig: NODE_109_covk_9.480726_covr_45.434_cutoff_35, whole genome shotgun sequence	562	0.4786476868327402	dde52eb49877f6ecc6f68a0b3b130a23	incomplete	-	-	-	-	-	-	-	-	-	-	-	-	-	-	-
GCA_977857845.1_GCA_977857845.1_R-IZA-041ESCO-YE	GCA_977857845.1_GCA_977857845.1_R-IZA-041ESCO-YE_uncompressed	chromosome	-	-	CDWHFB010000110.1 Escherichia coli isolate R-IZA-041ESCO-YE genome assembly, contig: NODE_110_covk_11.470862_covr_43.216_cutoff_35, whole genome shotgun sequence	550	0.6436363636363637	f015499a8d08f85bffcd6138c551d2d8	incomplete	-	-	-	-	-	-	-	-	-	-	-	-	-	-	-
GCA_977857845.1_GCA_977857845.1_R-IZA-041ESCO-YE	GCA_977857845.1_GCA_977857845.1_R-IZA-041ESCO-YE_uncompressed	chromosome	-	-	CDWHFB010000111.1 Escherichia coli isolate R-IZA-041ESCO-YE genome assembly, contig: NODE_111_covk_13.178378_covr_35.263_cutoff_35, whole genome shotgun sequence	491	0.49287169042769857	6a1f21a951698ed06aa1395389c9a3e3	incomplete	-	-	-	-	-	-	-	-	-	-	-	-	-	-	-
GCA_977857845.1_GCA_977857845.1_R-IZA-041ESCO-YE	GCA_977857845.1_GCA_977857845.1_R-IZA-041ESCO-YE_uncompressed	chromosome	-	-	CDWHFB010000112.1 Escherichia coli isolate R-IZA-041ESCO-YE genome assembly, contig: NODE_112_covk_12.985915_covr_46.055_cutoff_35, whole genome shotgun sequence	476	0.6491596638655462	b761cb1f65173ed403f226e85c734fda	incomplete	-	-	-	-	-	-	-	-	-	-	-	-	-	-	-
GCA_977857845.1_GCA_977857845.1_R-IZA-041ESCO-YE	GCA_977857845.1_GCA_977857845.1_R-IZA-041ESCO-YE_uncompressed	chromosome	-	-	CDWHFB010000113.1 Escherichia coli isolate R-IZA-041ESCO-YE genome assembly, contig: NODE_113_covk_15.710227_covr_50.228_cutoff_35, whole genome shotgun sequence	473	0.5581395348837209	836b9fafa5f79b382808ebaecc63f789	incomplete	-	-	-	-	-	-	-	-	-	-	-	-	-	-	-
GCA_977857845.1_GCA_977857845.1_R-IZA-041ESCO-YE	GCA_977857845.1_GCA_977857845.1_R-IZA-041ESCO-YE_uncompressed	chromosome	-	-	CDWHFB010000114.1 Escherichia coli isolate R-IZA-041ESCO-YE genome assembly, contig: NODE_114_covk_8.335505_covr_17.222_cutoff_35, whole genome shotgun sequence	428	0.5981308411214953	3f6d926a9de439df63593e1390f86f57	incomplete	-	-	-	-	-	-	-	-	-	-	-	-	-	-	-
GCA_977857845.1_GCA_977857845.1_R-IZA-041ESCO-YE	GCA_977857845.1_GCA_977857845.1_R-IZA-041ESCO-YE_uncompressed	chromosome	-	-	CDWHFB010000115.1 Escherichia coli isolate R-IZA-041ESCO-YE genome assembly, contig: NODE_115_covk_13.917763_covr_54.685_cutoff_35, whole genome shotgun sequence	425	0.5623529411764706	f07c086d9750142f3c00f3dd59875b16	incomplete	-	-	-	-	-	-	-	-	-	-	-	-	-	-	-
GCA_977857845.1_GCA_977857845.1_R-IZA-041ESCO-YE	GCA_977857845.1_GCA_977857845.1_R-IZA-041ESCO-YE_uncompressed	chromosome	-	-	CDWHFB010000116.1 Escherichia coli isolate R-IZA-041ESCO-YE genome assembly, contig: NODE_116_covk_9.913333_covr_47.943_cutoff_35, whole genome shotgun sequence	421	0.66270783847981	22078d1bc7352b9567adde9f5d8bf5b3	incomplete	-	-	-	-	-	-	-	-	-	-	-	-	-	-	-
GCA_977857845.1_GCA_977857845.1_R-IZA-041ESCO-YE	GCA_977857845.1_GCA_977857845.1_R-IZA-041ESCO-YE_uncompressed	chromosome	-	-	CDWHFB010000117.1 Escherichia coli isolate R-IZA-041ESCO-YE genome assembly, contig: NODE_117_covk_62.118056_covr_239.773_cutoff_35, whole genome shotgun sequence	409	0.5476772616136919	af22691d4cd5cb19b51d942e71a8b03f	incomplete	-	-	-	-	-	-	-	-	-	-	-	-	-	-	-
GCA_977857845.1_GCA_977857845.1_R-IZA-041ESCO-YE	GCA_977857845.1_GCA_977857845.1_R-IZA-041ESCO-YE_uncompressed	chromosome	-	-	CDWHFB010000118.1 Escherichia coli isolate R-IZA-041ESCO-YE genome assembly, contig: NODE_118_covk_6.449123_covr_16.106_cutoff_35, whole genome shotgun sequence	406	0.5123152709359606	70718eecfae398a8a4d6ada3df3c5e0e	incomplete	-	-	-	-	-	-	-	-	-	-	-	-	-	-	-
GCA_977857845.1_GCA_977857845.1_R-IZA-041ESCO-YE	GCA_977857845.1_GCA_977857845.1_R-IZA-041ESCO-YE_uncompressed	chromosome	-	-	CDWHFB010000119.1 Escherichia coli isolate R-IZA-041ESCO-YE genome assembly, contig: NODE_119_covk_14.474265_covr_47.659_cutoff_35, whole genome shotgun sequence	393	0.638676844783715	a118300c93fea3f3bc14a83acff567f1	incomplete	-	-	-	-	-	-	-	-	-	-	-	-	-	-	-
GCA_977857845.1_GCA_977857845.1_R-IZA-041ESCO-YE	GCA_977857845.1_GCA_977857845.1_R-IZA-041ESCO-YE_uncompressed	chromosome	-	-	CDWHFB010000120.1 Escherichia coli isolate R-IZA-041ESCO-YE genome assembly, contig: NODE_120_covk_7.315589_covr_17.555_cutoff_35, whole genome shotgun sequence	384	0.4427083333333333	159770417e754b2d36ca7e09462839ab	incomplete	-	-	-	-	-	-	-	-	-	-	-	-	-	-	-
GCA_977857845.1_GCA_977857845.1_R-IZA-041ESCO-YE	GCA_977857845.1_GCA_977857845.1_R-IZA-041ESCO-YE_uncompressed	chromosome	-	-	CDWHFB010000121.1 Escherichia coli isolate R-IZA-041ESCO-YE genome assembly, contig: NODE_121_covk_11.468750_covr_24.894_cutoff_35, whole genome shotgun sequence	377	0.46684350132625996	891bc845ba8796c7817e2a3268e3e300	incomplete	-	-	-	-	-	-	-	-	-	-	-	-	-	-	-
GCA_977857845.1_GCA_977857845.1_R-IZA-041ESCO-YE	GCA_977857845.1_GCA_977857845.1_R-IZA-041ESCO-YE_uncompressed	chromosome	-	-	CDWHFB010000122.1 Escherichia coli isolate R-IZA-041ESCO-YE genome assembly, contig: NODE_122_covk_10.955645_covr_36.198_cutoff_35, whole genome shotgun sequence	369	0.4905149051490515	54240b037e1689a4dda7eb75cb377d3c	incomplete	-	-	-	-	-	-	-	-	-	-	-	-	-	-	-
GCA_977857845.1_GCA_977857845.1_R-IZA-041ESCO-YE	GCA_977857845.1_GCA_977857845.1_R-IZA-041ESCO-YE_uncompressed	chromosome	-	-	CDWHFB010000123.1 Escherichia coli isolate R-IZA-041ESCO-YE genome assembly, contig: NODE_123_covk_8.834783_covr_22.399_cutoff_35, whole genome shotgun sequence	351	0.6153846153846154	2a34d2e8855cd37679dd60fc566ec47e	incomplete	-	-	-	-	-	-	-	-	-	-	-	-	-	-	-
GCA_977857845.1_GCA_977857845.1_R-IZA-041ESCO-YE	GCA_977857845.1_GCA_977857845.1_R-IZA-041ESCO-YE_uncompressed	chromosome	-	-	CDWHFB010000124.1 Escherichia coli isolate R-IZA-041ESCO-YE genome assembly, contig: NODE_124_covk_17.786730_covr_74.328_cutoff_35, whole genome shotgun sequence	332	0.5512048192771084	392221067ec7440814c6c91003ba779f	incomplete	-	-	-	-	-	-	-	-	-	-	-	-	-	-	-
GCA_977857845.1_GCA_977857845.1_R-IZA-041ESCO-YE	GCA_977857845.1_GCA_977857845.1_R-IZA-041ESCO-YE_uncompressed	chromosome	-	-	CDWHFB010000125.1 Escherichia coli isolate R-IZA-041ESCO-YE genome assembly, contig: NODE_125_covk_9.397059_covr_14.003_cutoff_35, whole genome shotgun sequence	325	0.5938461538461538	345f5bfc1c48a6b4c35d095d8a96ffd3	incomplete	-	-	-	-	-	-	-	-	-	-	-	-	-	-	-
GCA_977857845.1_GCA_977857845.1_R-IZA-041ESCO-YE	GCA_977857845.1_GCA_977857845.1_R-IZA-041ESCO-YE_uncompressed	chromosome	-	-	CDWHFB010000126.1 Escherichia coli isolate R-IZA-041ESCO-YE genome assembly, contig: NODE_126_covk_5.542714_covr_8.394_cutoff_35, whole genome shotgun sequence	320	0.66875	971c552f1d2f5787e28d98d486b85d34	incomplete	-	-	-	-	-	-	-	-	-	-	-	-	-	-	-
GCA_977857845.1_GCA_977857845.1_R-IZA-041ESCO-YE	GCA_977857845.1_GCA_977857845.1_R-IZA-041ESCO-YE_uncompressed	chromosome	-	-	CDWHFB010000127.1 Escherichia coli isolate R-IZA-041ESCO-YE genome assembly, contig: NODE_127_covk_7.413408_covr_10.987_cutoff_35, whole genome shotgun sequence	300	0.58	ec381e912788ce124ed8def4fcfe8b22	incomplete	-	-	-	-	-	-	-	-	-	-	-	-	-	-	-
GCA_977859995.1_GCA_977859995.1_R-IZA-047-YP	GCA_977859995.1_GCA_977859995.1_R-IZA-047-YP_uncompressed	chromosome	-	-	CDWHOZ010000001.1 Escherichia coli isolate R-IZA-047-YP genome assembly, contig: NODE_1_covk_21.269378_covr_61.839_cutoff_34, whole genome shotgun sequence	236971	0.5111680332192546	8a61e9324c4b6689a2afe8f862386db3	incomplete	-	-	-	-	-	-	-	-	-	-	-	-	-	-	-
GCA_977859995.1_GCA_977859995.1_R-IZA-047-YP	GCA_977859995.1_GCA_977859995.1_R-IZA-047-YP_uncompressed	chromosome	-	-	CDWHOZ010000002.1 Escherichia coli isolate R-IZA-047-YP genome assembly, contig: NODE_2_covk_20.806145_covr_60.677_cutoff_34, whole genome shotgun sequence	213062	0.5043977809276173	128484a61e7b6da6a15b0ab7753f0a93	incomplete	-	-	-	-	-	-	-	-	-	-	-	-	-	-	-
GCA_977859995.1_GCA_977859995.1_R-IZA-047-YP	GCA_977859995.1_GCA_977859995.1_R-IZA-047-YP_uncompressed	chromosome	-	-	CDWHOZ010000003.1 Escherichia coli isolate R-IZA-047-YP genome assembly, contig: NODE_3_covk_20.891343_covr_60.975_cutoff_34, whole genome shotgun sequence	203739	0.5201998635509156	68cfe6267c68d7929e563513222f786f	incomplete	-	-	-	-	-	-	-	-	-	-	-	-	-	-	-
GCA_977859995.1_GCA_977859995.1_R-IZA-047-YP	GCA_977859995.1_GCA_977859995.1_R-IZA-047-YP_uncompressed	chromosome	-	-	CDWHOZ010000004.1 Escherichia coli isolate R-IZA-047-YP genome assembly, contig: NODE_4_covk_21.368681_covr_62.136_cutoff_34, whole genome shotgun sequence	188072	0.5150527457569442	35054bf990a55071629c69c0e223ebc4	incomplete	-	-	-	-	-	-	-	-	-	-	-	-	-	-	-
GCA_977859995.1_GCA_977859995.1_R-IZA-047-YP	GCA_977859995.1_GCA_977859995.1_R-IZA-047-YP_uncompressed	chromosome	-	-	CDWHOZ010000005.1 Escherichia coli isolate R-IZA-047-YP genome assembly, contig: NODE_5_covk_21.192185_covr_61.634_cutoff_34, whole genome shotgun sequence	166225	0.5096826590464731	5ae17ae13b2f54323dbec1d12cf671cb	incomplete	-	-	-	-	-	-	-	-	-	-	-	-	-	-	-
GCA_977859995.1_GCA_977859995.1_R-IZA-047-YP	GCA_977859995.1_GCA_977859995.1_R-IZA-047-YP_uncompressed	chromosome	-	-	CDWHOZ010000006.1 Escherichia coli isolate R-IZA-047-YP genome assembly, contig: NODE_6_covk_21.034546_covr_61.356_cutoff_34, whole genome shotgun sequence	154214	0.5081899179062861	9b7a41058bde8c92c7244eb64e2780bd	incomplete	-	-	-	-	-	-	-	-	-	-	-	-	-	-	-
GCA_977859995.1_GCA_977859995.1_R-IZA-047-YP	GCA_977859995.1_GCA_977859995.1_R-IZA-047-YP_uncompressed	chromosome	-	-	CDWHOZ010000007.1 Escherichia coli isolate R-IZA-047-YP genome assembly, contig: NODE_7_covk_21.353740_covr_62.164_cutoff_34, whole genome shotgun sequence	151357	0.5246800610477216	1aaf138def43f49cd37110320f8be318	incomplete	-	-	-	-	-	-	-	-	-	-	-	-	-	-	-
GCA_977859995.1_GCA_977859995.1_R-IZA-047-YP	GCA_977859995.1_GCA_977859995.1_R-IZA-047-YP_uncompressed	chromosome	-	-	CDWHOZ010000008.1 Escherichia coli isolate R-IZA-047-YP genome assembly, contig: NODE_8_covk_21.433243_covr_62.237_cutoff_34, whole genome shotgun sequence	120655	0.503228212672496	990752982faf4382b8728762d22a7f60	incomplete	-	-	-	-	-	-	-	-	-	-	-	-	-	-	-
GCA_977859995.1_GCA_977859995.1_R-IZA-047-YP	GCA_977859995.1_GCA_977859995.1_R-IZA-047-YP_uncompressed	chromosome	-	-	CDWHOZ010000009.1 Escherichia coli isolate R-IZA-047-YP genome assembly, contig: NODE_9_covk_21.255660_covr_61.917_cutoff_34, whole genome shotgun sequence	115197	0.5139630372318723	7262000a9125d662baca548bbfd99110	incomplete	-	-	-	-	-	-	-	-	-	-	-	-	-	-	-
GCA_977859995.1_GCA_977859995.1_R-IZA-047-YP	GCA_977859995.1_GCA_977859995.1_R-IZA-047-YP_uncompressed	chromosome	-	-	CDWHOZ010000010.1 Escherichia coli isolate R-IZA-047-YP genome assembly, contig: NODE_10_covk_21.034922_covr_61.138_cutoff_34, whole genome shotgun sequence	110917	0.4979579325080916	01352a28d53d4437ac195649cb3e03df	incomplete	-	-	-	-	-	-	-	-	-	-	-	-	-	-	-
GCA_977859995.1_GCA_977859995.1_R-IZA-047-YP	GCA_977859995.1_GCA_977859995.1_R-IZA-047-YP_uncompressed	chromosome	-	-	CDWHOZ010000011.1 Escherichia coli isolate R-IZA-047-YP genome assembly, contig: NODE_11_covk_21.250610_covr_61.795_cutoff_34, whole genome shotgun sequence	106631	0.5106301169453537	724ffcf0a6911fd6b8dc35547f28729c	incomplete	-	-	-	-	-	-	-	-	-	-	-	-	-	-	-
GCA_977859995.1_GCA_977859995.1_R-IZA-047-YP	GCA_977859995.1_GCA_977859995.1_R-IZA-047-YP_uncompressed	chromosome	-	-	CDWHOZ010000012.1 Escherichia coli isolate R-IZA-047-YP genome assembly, contig: NODE_12_covk_21.475273_covr_62.289_cutoff_34, whole genome shotgun sequence	97058	0.5064600548125863	560c38dc0881665ec69a123aaba50e35	incomplete	-	-	-	-	-	-	-	-	-	-	-	-	-	-	-
GCA_977859995.1_GCA_977859995.1_R-IZA-047-YP	GCA_977859995.1_GCA_977859995.1_R-IZA-047-YP_uncompressed	chromosome	-	-	CDWHOZ010000013.1 Escherichia coli isolate R-IZA-047-YP genome assembly, contig: NODE_13_covk_20.965054_covr_60.973_cutoff_34, whole genome shotgun sequence	94445	0.5051193816506961	111997a1bccf74dae98409bc3aa69c14	incomplete	-	-	-	-	-	-	-	-	-	-	-	-	-	-	-
GCA_977859995.1_GCA_977859995.1_R-IZA-047-YP	GCA_977859995.1_GCA_977859995.1_R-IZA-047-YP_uncompressed	chromosome	-	-	CDWHOZ010000014.1 Escherichia coli isolate R-IZA-047-YP genome assembly, contig: NODE_14_covk_21.560179_covr_62.549_cutoff_34, whole genome shotgun sequence	90720	0.51576278659612	769aec3e15450c93739564cdfb3a65a0	incomplete	-	-	-	-	-	-	-	-	-	-	-	-	-	-	-
GCA_977859995.1_GCA_977859995.1_R-IZA-047-YP	GCA_977859995.1_GCA_977859995.1_R-IZA-047-YP_uncompressed	chromosome	-	-	CDWHOZ010000015.1 Escherichia coli isolate R-IZA-047-YP genome assembly, contig: NODE_15_covk_21.273188_covr_61.740_cutoff_34, whole genome shotgun sequence	89272	0.497098754368671	1774e4f3923141119740c825c5dc2bf3	incomplete	-	-	-	-	-	-	-	-	-	-	-	-	-	-	-
GCA_977859995.1_GCA_977859995.1_R-IZA-047-YP	GCA_977859995.1_GCA_977859995.1_R-IZA-047-YP_uncompressed	chromosome	-	-	CDWHOZ010000016.1 Escherichia coli isolate R-IZA-047-YP genome assembly, contig: NODE_16_covk_21.173834_covr_61.700_cutoff_34, whole genome shotgun sequence	89184	0.5141551793812581	06f20402f0f4ae542b1a24018a5c5519	incomplete	-	-	-	-	-	-	-	-	-	-	-	-	-	-	-
GCA_977859995.1_GCA_977859995.1_R-IZA-047-YP	GCA_977859995.1_GCA_977859995.1_R-IZA-047-YP_uncompressed	chromosome	-	-	CDWHOZ010000017.1 Escherichia coli isolate R-IZA-047-YP genome assembly, contig: NODE_17_covk_21.507691_covr_62.398_cutoff_34, whole genome shotgun sequence	88450	0.5257772752967779	28ef8ca8dd0d49886812df00f6509a20	incomplete	-	-	-	-	-	-	-	-	-	-	-	-	-	-	-
GCA_977859995.1_GCA_977859995.1_R-IZA-047-YP	GCA_977859995.1_GCA_977859995.1_R-IZA-047-YP_uncompressed	chromosome	-	-	CDWHOZ010000018.1 Escherichia coli isolate R-IZA-047-YP genome assembly, contig: NODE_18_covk_21.357156_covr_61.924_cutoff_34, whole genome shotgun sequence	88251	0.5101358624831447	6d666751e0c63f98d9b69bbe5ed2089e	incomplete	-	-	-	-	-	-	-	-	-	-	-	-	-	-	-
GCA_977859995.1_GCA_977859995.1_R-IZA-047-YP	GCA_977859995.1_GCA_977859995.1_R-IZA-047-YP_uncompressed	chromosome	-	-	CDWHOZ010000019.1 Escherichia coli isolate R-IZA-047-YP genome assembly, contig: NODE_19_covk_21.112064_covr_61.426_cutoff_34, whole genome shotgun sequence	85586	0.4974879069006613	fe80f9e2b3d2893d2fa40123f398fa65	incomplete	-	-	-	-	-	-	-	-	-	-	-	-	-	-	-
GCA_977859995.1_GCA_977859995.1_R-IZA-047-YP	GCA_977859995.1_GCA_977859995.1_R-IZA-047-YP_uncompressed	chromosome	-	-	CDWHOZ010000020.1 Escherichia coli isolate R-IZA-047-YP genome assembly, contig: NODE_20_covk_21.391426_covr_62.177_cutoff_34, whole genome shotgun sequence	84585	0.5061890406100372	7bd967bd9a4a976100a67cbdad5ac4bf	incomplete	-	-	-	-	-	-	-	-	-	-	-	-	-	-	-
GCA_977859995.1_GCA_977859995.1_R-IZA-047-YP	GCA_977859995.1_GCA_977859995.1_R-IZA-047-YP_uncompressed	chromosome	-	-	CDWHOZ010000021.1 Escherichia coli isolate R-IZA-047-YP genome assembly, contig: NODE_21_covk_21.609422_covr_62.736_cutoff_34, whole genome shotgun sequence	81381	0.5230704955702191	ea5168f6d668ecb874fc5e1cba02e6ec	incomplete	-	-	-	-	-	-	-	-	-	-	-	-	-	-	-
GCA_977859995.1_GCA_977859995.1_R-IZA-047-YP	GCA_977859995.1_GCA_977859995.1_R-IZA-047-YP_uncompressed	chromosome	-	-	CDWHOZ010000022.1 Escherichia coli isolate R-IZA-047-YP genome assembly, contig: NODE_22_covk_21.352780_covr_62.328_cutoff_34, whole genome shotgun sequence	72555	0.5170422438150368	b7ab4dd032a072616ffdac030a68e0f0	incomplete	-	-	-	-	-	-	-	-	-	-	-	-	-	-	-
GCA_977859995.1_GCA_977859995.1_R-IZA-047-YP	GCA_977859995.1_GCA_977859995.1_R-IZA-047-YP_uncompressed	chromosome	-	-	CDWHOZ010000023.1 Escherichia coli isolate R-IZA-047-YP genome assembly, contig: NODE_23_covk_20.960818_covr_60.990_cutoff_34, whole genome shotgun sequence	72378	0.5003730415319573	f51c90287b397765c36fb0f86aff3eb9	incomplete	-	-	-	-	-	-	-	-	-	-	-	-	-	-	-
GCA_977859995.1_GCA_977859995.1_R-IZA-047-YP	GCA_977859995.1_GCA_977859995.1_R-IZA-047-YP_uncompressed	chromosome	-	-	CDWHOZ010000024.1 Escherichia coli isolate R-IZA-047-YP genome assembly, contig: NODE_24_covk_21.340727_covr_62.179_cutoff_34, whole genome shotgun sequence	71687	0.5084743398384645	fb99326f80e57a2b7e46e54d39449400	incomplete	-	-	-	-	-	-	-	-	-	-	-	-	-	-	-
GCA_977859995.1_GCA_977859995.1_R-IZA-047-YP	GCA_977859995.1_GCA_977859995.1_R-IZA-047-YP_uncompressed	chromosome	-	-	CDWHOZ010000025.1 Escherichia coli isolate R-IZA-047-YP genome assembly, contig: NODE_25_covk_20.328739_covr_59.404_cutoff_34, whole genome shotgun sequence	68372	0.4913268589481074	846aaa1f08a926115e72d1f401eca660	incomplete	-	-	-	-	-	-	-	-	-	-	-	-	-	-	-
GCA_977859995.1_GCA_977859995.1_R-IZA-047-YP	GCA_977859995.1_GCA_977859995.1_R-IZA-047-YP_uncompressed	chromosome	-	-	CDWHOZ010000026.1 Escherichia coli isolate R-IZA-047-YP genome assembly, contig: NODE_26_covk_20.803381_covr_60.617_cutoff_34, whole genome shotgun sequence	68236	0.5288850460167653	d472cf17b13ecd626f5200892651ae0f	incomplete	-	-	-	-	-	-	-	-	-	-	-	-	-	-	-
GCA_977859995.1_GCA_977859995.1_R-IZA-047-YP	GCA_977859995.1_GCA_977859995.1_R-IZA-047-YP_uncompressed	plasmid	AA378	AI376	CDWHOZ010000027.1 Escherichia coli isolate R-IZA-047-YP genome assembly, contig: NODE_27_covk_20.174348_covr_58.410_cutoff_34, whole genome shotgun sequence	67057	0.4848859925138315	3695653e40f09f8661f9794c2b4b7bcb	incomplete	-	-	-	-	-	-	-	-	-	CP041922	0.00296902	Escherichia coli	-	-	-
GCA_977859995.1_GCA_977859995.1_R-IZA-047-YP	GCA_977859995.1_GCA_977859995.1_R-IZA-047-YP_uncompressed	chromosome	-	-	CDWHOZ010000028.1 Escherichia coli isolate R-IZA-047-YP genome assembly, contig: NODE_28_covk_21.297950_covr_61.735_cutoff_34, whole genome shotgun sequence	57357	0.4871245009327545	cc85261e0908942384ce8bc41d080cd9	incomplete	-	-	-	-	-	-	-	-	-	-	-	-	-	-	-
GCA_977859995.1_GCA_977859995.1_R-IZA-047-YP	GCA_977859995.1_GCA_977859995.1_R-IZA-047-YP_uncompressed	chromosome	-	-	CDWHOZ010000029.1 Escherichia coli isolate R-IZA-047-YP genome assembly, contig: NODE_29_covk_21.616040_covr_62.665_cutoff_34, whole genome shotgun sequence	53029	0.5171132776405363	6c348f9e553ff3d28b90b7d58e2f2205	incomplete	-	-	-	-	-	-	-	-	-	-	-	-	-	-	-
GCA_977859995.1_GCA_977859995.1_R-IZA-047-YP	GCA_977859995.1_GCA_977859995.1_R-IZA-047-YP_uncompressed	chromosome	-	-	CDWHOZ010000030.1 Escherichia coli isolate R-IZA-047-YP genome assembly, contig: NODE_30_covk_20.970649_covr_60.861_cutoff_34, whole genome shotgun sequence	49331	0.5172406803024467	d5d1191d15d432bad9c39955731886b3	incomplete	-	-	-	-	-	-	-	-	-	-	-	-	-	-	-
GCA_977859995.1_GCA_977859995.1_R-IZA-047-YP	GCA_977859995.1_GCA_977859995.1_R-IZA-047-YP_uncompressed	chromosome	-	-	CDWHOZ010000031.1 Escherichia coli isolate R-IZA-047-YP genome assembly, contig: NODE_31_covk_21.487918_covr_62.272_cutoff_34, whole genome shotgun sequence	48644	0.5092097689334759	e964e1bc294fcff5ff12b0173bac7b18	incomplete	-	-	-	-	-	-	-	-	-	-	-	-	-	-	-
GCA_977859995.1_GCA_977859995.1_R-IZA-047-YP	GCA_977859995.1_GCA_977859995.1_R-IZA-047-YP_uncompressed	chromosome	-	-	CDWHOZ010000032.1 Escherichia coli isolate R-IZA-047-YP genome assembly, contig: NODE_32_covk_20.966141_covr_60.809_cutoff_34, whole genome shotgun sequence	48240	0.49910862354892205	f107110a913ab37d5dc8ea641d14181a	incomplete	-	-	-	-	-	-	-	-	-	-	-	-	-	-	-
GCA_977859995.1_GCA_977859995.1_R-IZA-047-YP	GCA_977859995.1_GCA_977859995.1_R-IZA-047-YP_uncompressed	chromosome	-	-	CDWHOZ010000033.1 Escherichia coli isolate R-IZA-047-YP genome assembly, contig: NODE_33_covk_21.186472_covr_61.576_cutoff_34, whole genome shotgun sequence	47763	0.5137030756024538	9712cdc18b6fe327a79a5a0c47c999a0	incomplete	-	-	-	-	-	-	-	-	-	-	-	-	-	-	-
GCA_977859995.1_GCA_977859995.1_R-IZA-047-YP	GCA_977859995.1_GCA_977859995.1_R-IZA-047-YP_uncompressed	chromosome	-	-	CDWHOZ010000034.1 Escherichia coli isolate R-IZA-047-YP genome assembly, contig: NODE_34_covk_21.651145_covr_62.898_cutoff_34, whole genome shotgun sequence	47322	0.5178352563289802	26adc8e36a1360488149a339293e2eee	incomplete	-	-	-	-	-	-	-	-	-	-	-	-	-	-	-
GCA_977859995.1_GCA_977859995.1_R-IZA-047-YP	GCA_977859995.1_GCA_977859995.1_R-IZA-047-YP_uncompressed	chromosome	-	-	CDWHOZ010000035.1 Escherichia coli isolate R-IZA-047-YP genome assembly, contig: NODE_35_covk_19.212412_covr_56.236_cutoff_34, whole genome shotgun sequence	46024	0.49930471058578135	8e8fc3fce00da9aeee1ce5987ebaa8c5	incomplete	-	-	-	-	-	-	-	-	-	-	-	-	-	-	-
GCA_977859995.1_GCA_977859995.1_R-IZA-047-YP	GCA_977859995.1_GCA_977859995.1_R-IZA-047-YP_uncompressed	chromosome	-	-	CDWHOZ010000036.1 Escherichia coli isolate R-IZA-047-YP genome assembly, contig: NODE_36_covk_21.422173_covr_62.024_cutoff_34, whole genome shotgun sequence	45090	0.5013084941228654	d12d553cdcd7f0908c36d72174d3de7b	incomplete	-	-	-	-	-	-	-	-	-	-	-	-	-	-	-
GCA_977859995.1_GCA_977859995.1_R-IZA-047-YP	GCA_977859995.1_GCA_977859995.1_R-IZA-047-YP_uncompressed	chromosome	-	-	CDWHOZ010000037.1 Escherichia coli isolate R-IZA-047-YP genome assembly, contig: NODE_37_covk_20.472728_covr_59.596_cutoff_34, whole genome shotgun sequence	44723	0.48411331976835187	21b3d8f909150c8fafe236781430a668	incomplete	-	-	-	-	-	-	-	-	-	-	-	-	-	-	-
GCA_977859995.1_GCA_977859995.1_R-IZA-047-YP	GCA_977859995.1_GCA_977859995.1_R-IZA-047-YP_uncompressed	chromosome	-	-	CDWHOZ010000038.1 Escherichia coli isolate R-IZA-047-YP genome assembly, contig: NODE_38_covk_19.220017_covr_56.156_cutoff_34, whole genome shotgun sequence	42832	0.5321722076951811	d2adb0f737799885a52b4faa7ad89f09	incomplete	-	-	-	-	-	-	-	-	-	-	-	-	-	-	-
GCA_977859995.1_GCA_977859995.1_R-IZA-047-YP	GCA_977859995.1_GCA_977859995.1_R-IZA-047-YP_uncompressed	chromosome	-	-	CDWHOZ010000039.1 Escherichia coli isolate R-IZA-047-YP genome assembly, contig: NODE_39_covk_19.196027_covr_56.293_cutoff_34, whole genome shotgun sequence	41828	0.47939179496987666	0811e74111bce7dfcabbae3ed142a2c8	incomplete	-	-	-	-	-	-	-	-	-	-	-	-	-	-	-
GCA_977859995.1_GCA_977859995.1_R-IZA-047-YP	GCA_977859995.1_GCA_977859995.1_R-IZA-047-YP_uncompressed	chromosome	-	-	CDWHOZ010000040.1 Escherichia coli isolate R-IZA-047-YP genome assembly, contig: NODE_40_covk_21.216027_covr_61.391_cutoff_34, whole genome shotgun sequence	41367	0.4948147073754442	e7e36b4b9134ecb43a15d7277e1f50e3	incomplete	-	-	-	-	-	-	-	-	-	-	-	-	-	-	-
GCA_977859995.1_GCA_977859995.1_R-IZA-047-YP	GCA_977859995.1_GCA_977859995.1_R-IZA-047-YP_uncompressed	chromosome	-	-	CDWHOZ010000041.1 Escherichia coli isolate R-IZA-047-YP genome assembly, contig: NODE_41_covk_21.099380_covr_61.536_cutoff_34, whole genome shotgun sequence	41093	0.5111819531307036	2417d97120f05d63ff6af07f480d3964	incomplete	-	-	-	-	-	-	-	-	-	-	-	-	-	-	-
GCA_977859995.1_GCA_977859995.1_R-IZA-047-YP	GCA_977859995.1_GCA_977859995.1_R-IZA-047-YP_uncompressed	chromosome	-	-	CDWHOZ010000042.1 Escherichia coli isolate R-IZA-047-YP genome assembly, contig: NODE_42_covk_21.449595_covr_62.448_cutoff_34, whole genome shotgun sequence	38825	0.4979781068898905	b17f20c107765beea91584fb80cb5483	incomplete	-	-	-	-	-	-	-	-	-	-	-	-	-	-	-
GCA_977859995.1_GCA_977859995.1_R-IZA-047-YP	GCA_977859995.1_GCA_977859995.1_R-IZA-047-YP_uncompressed	chromosome	-	-	CDWHOZ010000043.1 Escherichia coli isolate R-IZA-047-YP genome assembly, contig: NODE_43_covk_20.828392_covr_60.642_cutoff_34, whole genome shotgun sequence	37772	0.5027268876416393	5a49a8b2aecad7fe825cf0f7ba197f57	incomplete	-	-	-	-	-	-	-	-	-	-	-	-	-	-	-
GCA_977859995.1_GCA_977859995.1_R-IZA-047-YP	GCA_977859995.1_GCA_977859995.1_R-IZA-047-YP_uncompressed	chromosome	-	-	CDWHOZ010000044.1 Escherichia coli isolate R-IZA-047-YP genome assembly, contig: NODE_44_covk_8.655769_covr_27.434_cutoff_34, whole genome shotgun sequence	35244	0.5033764612416298	9525abe81b56a2f939873df156cbb220	incomplete	-	-	-	-	-	-	-	-	-	-	-	-	-	-	-
GCA_977859995.1_GCA_977859995.1_R-IZA-047-YP	GCA_977859995.1_GCA_977859995.1_R-IZA-047-YP_uncompressed	chromosome	-	-	CDWHOZ010000045.1 Escherichia coli isolate R-IZA-047-YP genome assembly, contig: NODE_45_covk_20.266058_covr_59.257_cutoff_34, whole genome shotgun sequence	35129	0.503287881807054	fb11260c2b6c1eb73cf39c0b310f7bdd	incomplete	-	-	-	-	-	-	-	-	-	-	-	-	-	-	-
GCA_977859995.1_GCA_977859995.1_R-IZA-047-YP	GCA_977859995.1_GCA_977859995.1_R-IZA-047-YP_uncompressed	chromosome	-	-	CDWHOZ010000046.1 Escherichia coli isolate R-IZA-047-YP genome assembly, contig: NODE_46_covk_20.657195_covr_60.024_cutoff_34, whole genome shotgun sequence	34941	0.49243009644829855	28751068511f007fd371be3212fa0175	incomplete	-	-	-	-	-	-	-	-	-	-	-	-	-	-	-
GCA_977859995.1_GCA_977859995.1_R-IZA-047-YP	GCA_977859995.1_GCA_977859995.1_R-IZA-047-YP_uncompressed	chromosome	-	-	CDWHOZ010000047.1 Escherichia coli isolate R-IZA-047-YP genome assembly, contig: NODE_47_covk_21.107836_covr_61.285_cutoff_34, whole genome shotgun sequence	33446	0.5092088740058602	5206cdb3b8d13a3404498ecadc0a4760	incomplete	-	-	-	-	-	-	-	-	-	-	-	-	-	-	-
GCA_977859995.1_GCA_977859995.1_R-IZA-047-YP	GCA_977859995.1_GCA_977859995.1_R-IZA-047-YP_uncompressed	plasmid	AA619	AI859	CDWHOZ010000048.1 Escherichia coli isolate R-IZA-047-YP genome assembly, contig: NODE_48_covk_21.754258_covr_62.148_cutoff_34, whole genome shotgun sequence	32686	0.4161414672948663	3086ccf4f39ab06746d58262467bcb9d	incomplete	IncX4	000224__NC_022105_00002	MOBP	NC_013718_00057	MPF_T,MPF_T,MPF_T,MPF_T	NC_013718_00041,NC_013718_00044,NC_013718_00045,NC_021079_00038	-	-	-	KX772777	0.00060662	Escherichia coli	-	-	-
GCA_977859995.1_GCA_977859995.1_R-IZA-047-YP	GCA_977859995.1_GCA_977859995.1_R-IZA-047-YP_uncompressed	chromosome	-	-	CDWHOZ010000049.1 Escherichia coli isolate R-IZA-047-YP genome assembly, contig: NODE_49_covk_21.627378_covr_62.664_cutoff_34, whole genome shotgun sequence	30905	0.5324704740333279	599b747405b89d1eb5828611a5122a67	incomplete	-	-	-	-	-	-	-	-	-	-	-	-	-	-	-
GCA_977859995.1_GCA_977859995.1_R-IZA-047-YP	GCA_977859995.1_GCA_977859995.1_R-IZA-047-YP_uncompressed	chromosome	-	-	CDWHOZ010000050.1 Escherichia coli isolate R-IZA-047-YP genome assembly, contig: NODE_50_covk_20.089626_covr_58.255_cutoff_34, whole genome shotgun sequence	30838	0.4998054348531033	8ccf385887be88e33525a0318c041d70	incomplete	-	-	-	-	-	-	-	-	-	-	-	-	-	-	-
GCA_977859995.1_GCA_977859995.1_R-IZA-047-YP	GCA_977859995.1_GCA_977859995.1_R-IZA-047-YP_uncompressed	plasmid	AA378	AI376	CDWHOZ010000051.1 Escherichia coli isolate R-IZA-047-YP genome assembly, contig: NODE_51_covk_19.587138_covr_56.619_cutoff_34, whole genome shotgun sequence	30562	0.4592304168575355	938dcd4214672b951affd0086bb7d858	incomplete	IncHI1B	000138__CP021336_00001	-	-	-	-	-	-	-	CP041922	0.00296902	Escherichia coli	-	-	-
GCA_977859995.1_GCA_977859995.1_R-IZA-047-YP	GCA_977859995.1_GCA_977859995.1_R-IZA-047-YP_uncompressed	chromosome	-	-	CDWHOZ010000052.1 Escherichia coli isolate R-IZA-047-YP genome assembly, contig: NODE_52_covk_8.424776_covr_26.773_cutoff_34, whole genome shotgun sequence	30395	0.5835170258266162	443b6051cf8c985ca8a0aeca45c429e9	incomplete	-	-	-	-	-	-	-	-	-	-	-	-	KY454634,KY454627	IS1351,ISEcB1	repetitve element
GCA_977859995.1_GCA_977859995.1_R-IZA-047-YP	GCA_977859995.1_GCA_977859995.1_R-IZA-047-YP_uncompressed	chromosome	-	-	CDWHOZ010000053.1 Escherichia coli isolate R-IZA-047-YP genome assembly, contig: NODE_53_covk_20.650608_covr_60.362_cutoff_34, whole genome shotgun sequence	30383	0.47026297600631933	f279c2809b38bbbd029f5fd16a4cf645	incomplete	-	-	-	-	-	-	-	-	-	-	-	-	-	-	-
GCA_977859995.1_GCA_977859995.1_R-IZA-047-YP	GCA_977859995.1_GCA_977859995.1_R-IZA-047-YP_uncompressed	chromosome	-	-	CDWHOZ010000054.1 Escherichia coli isolate R-IZA-047-YP genome assembly, contig: NODE_54_covk_21.287136_covr_61.980_cutoff_34, whole genome shotgun sequence	29646	0.5350468865951562	5bdf41602a7e41d5f6b34c694f1b2ec7	incomplete	-	-	-	-	-	-	-	-	-	-	-	-	-	-	-
GCA_977859995.1_GCA_977859995.1_R-IZA-047-YP	GCA_977859995.1_GCA_977859995.1_R-IZA-047-YP_uncompressed	chromosome	-	-	CDWHOZ010000055.1 Escherichia coli isolate R-IZA-047-YP genome assembly, contig: NODE_55_covk_21.623188_covr_62.589_cutoff_34, whole genome shotgun sequence	29286	0.5282387488902547	5d961a376e5917853c6111f27848223c	incomplete	-	-	-	-	-	-	-	-	-	-	-	-	-	-	-
GCA_977859995.1_GCA_977859995.1_R-IZA-047-YP	GCA_977859995.1_GCA_977859995.1_R-IZA-047-YP_uncompressed	plasmid	AC305	AL438	CDWHOZ010000056.1 Escherichia coli isolate R-IZA-047-YP genome assembly, contig: NODE_56_covk_21.385785_covr_61.837_cutoff_34, whole genome shotgun sequence	27534	0.42220527348006104	00a5f646f1756894761fd1d84af337d6	incomplete	IncX1	000215__KC853434_00019	MOBP	NC_019047_00022	MPF_T,MPF_T,MPF_T,MPF_T,MPF_T	NC_023277_00163,NC_019047_00030,NC_019047_00031,NC_019047_00032,NC_019047_00035	-	-	-	KU254580	0.0110444	Escherichia coli	-	-	-
GCA_977859995.1_GCA_977859995.1_R-IZA-047-YP	GCA_977859995.1_GCA_977859995.1_R-IZA-047-YP_uncompressed	chromosome	-	-	CDWHOZ010000057.1 Escherichia coli isolate R-IZA-047-YP genome assembly, contig: NODE_57_covk_8.696124_covr_28.340_cutoff_34, whole genome shotgun sequence	27472	0.495885223217537	418741f2bbe17c29d8476d90ba299b3f	incomplete	-	-	-	-	-	-	-	-	-	-	-	-	-	-	-
GCA_977859995.1_GCA_977859995.1_R-IZA-047-YP	GCA_977859995.1_GCA_977859995.1_R-IZA-047-YP_uncompressed	chromosome	-	-	CDWHOZ010000058.1 Escherichia coli isolate R-IZA-047-YP genome assembly, contig: NODE_58_covk_21.601207_covr_62.516_cutoff_34, whole genome shotgun sequence	26120	0.4976263399693721	aa65c8daffc2eeed8d0cf182eea791cd	incomplete	-	-	-	-	-	-	-	-	-	-	-	-	-	-	-
GCA_977859995.1_GCA_977859995.1_R-IZA-047-YP	GCA_977859995.1_GCA_977859995.1_R-IZA-047-YP_uncompressed	chromosome	-	-	CDWHOZ010000059.1 Escherichia coli isolate R-IZA-047-YP genome assembly, contig: NODE_59_covk_9.109696_covr_29.073_cutoff_34, whole genome shotgun sequence	25141	0.5205441311005926	5b992086eb9cdb9ac71eff9ad047ecd5	incomplete	-	-	-	-	-	-	-	-	-	-	-	-	-	-	-
GCA_977859995.1_GCA_977859995.1_R-IZA-047-YP	GCA_977859995.1_GCA_977859995.1_R-IZA-047-YP_uncompressed	chromosome	-	-	CDWHOZ010000060.1 Escherichia coli isolate R-IZA-047-YP genome assembly, contig: NODE_60_covk_21.284496_covr_61.758_cutoff_34, whole genome shotgun sequence	24718	0.49732988105833803	cbdc8dd0e0d71b2d2ba99be11009d4b2	incomplete	-	-	-	-	-	-	-	-	-	-	-	-	-	-	-
GCA_977859995.1_GCA_977859995.1_R-IZA-047-YP	GCA_977859995.1_GCA_977859995.1_R-IZA-047-YP_uncompressed	chromosome	-	-	CDWHOZ010000061.1 Escherichia coli isolate R-IZA-047-YP genome assembly, contig: NODE_61_covk_20.883325_covr_60.577_cutoff_34, whole genome shotgun sequence	23523	0.49534498150746076	949cb1a3655f5db2eb66cf5c720a8551	incomplete	-	-	-	-	-	-	-	-	-	-	-	-	-	-	-
GCA_977859995.1_GCA_977859995.1_R-IZA-047-YP	GCA_977859995.1_GCA_977859995.1_R-IZA-047-YP_uncompressed	chromosome	-	-	CDWHOZ010000062.1 Escherichia coli isolate R-IZA-047-YP genome assembly, contig: NODE_62_covk_21.080743_covr_61.647_cutoff_34, whole genome shotgun sequence	23395	0.5123316948065826	825d6f2442d41107da0f0b583f8dff12	incomplete	-	-	-	-	-	-	-	-	-	-	-	-	-	-	-
GCA_977859995.1_GCA_977859995.1_R-IZA-047-YP	GCA_977859995.1_GCA_977859995.1_R-IZA-047-YP_uncompressed	chromosome	-	-	CDWHOZ010000063.1 Escherichia coli isolate R-IZA-047-YP genome assembly, contig: NODE_63_covk_8.743764_covr_27.721_cutoff_34, whole genome shotgun sequence	22188	0.5082477014602488	29fee286bde3dc9d3b392c71913f0313	incomplete	-	-	-	-	-	-	-	-	-	-	-	-	-	-	-
GCA_977859995.1_GCA_977859995.1_R-IZA-047-YP	GCA_977859995.1_GCA_977859995.1_R-IZA-047-YP_uncompressed	chromosome	-	-	CDWHOZ010000064.1 Escherichia coli isolate R-IZA-047-YP genome assembly, contig: NODE_64_covk_7.379478_covr_23.449_cutoff_34, whole genome shotgun sequence	22153	0.5082833024872477	6401d42ec9207cd933c04ef547e3462c	incomplete	-	-	-	-	-	-	-	-	-	-	-	-	-	-	-
GCA_977859995.1_GCA_977859995.1_R-IZA-047-YP	GCA_977859995.1_GCA_977859995.1_R-IZA-047-YP_uncompressed	chromosome	-	-	CDWHOZ010000065.1 Escherichia coli isolate R-IZA-047-YP genome assembly, contig: NODE_65_covk_19.292682_covr_56.306_cutoff_34, whole genome shotgun sequence	21689	0.47766148738992115	5e8d6cf295d16b3a134339d9d3cbee42	incomplete	-	-	-	-	-	-	-	-	-	-	-	-	-	-	-
GCA_977859995.1_GCA_977859995.1_R-IZA-047-YP	GCA_977859995.1_GCA_977859995.1_R-IZA-047-YP_uncompressed	chromosome	-	-	CDWHOZ010000066.1 Escherichia coli isolate R-IZA-047-YP genome assembly, contig: NODE_66_covk_21.423316_covr_61.853_cutoff_34, whole genome shotgun sequence	20729	0.5263157894736842	2a04c31453766afbdae05ba07d3d833a	incomplete	-	-	-	-	-	-	-	-	-	-	-	-	-	-	-
GCA_977859995.1_GCA_977859995.1_R-IZA-047-YP	GCA_977859995.1_GCA_977859995.1_R-IZA-047-YP_uncompressed	chromosome	-	-	CDWHOZ010000067.1 Escherichia coli isolate R-IZA-047-YP genome assembly, contig: NODE_67_covk_19.851416_covr_58.720_cutoff_34, whole genome shotgun sequence	20579	0.47135429321152633	99c01bac5792c92860e651b2c1592c4f	incomplete	-	-	-	-	-	-	-	-	-	-	-	-	-	-	-
GCA_977859995.1_GCA_977859995.1_R-IZA-047-YP	GCA_977859995.1_GCA_977859995.1_R-IZA-047-YP_uncompressed	chromosome	-	-	CDWHOZ010000068.1 Escherichia coli isolate R-IZA-047-YP genome assembly, contig: NODE_68_covk_21.307662_covr_61.880_cutoff_34, whole genome shotgun sequence	20511	0.5072400175515577	044ddf4fb01d9fbe7aec3138788d3968	incomplete	-	-	-	-	-	-	-	-	-	-	-	-	-	-	-
GCA_977859995.1_GCA_977859995.1_R-IZA-047-YP	GCA_977859995.1_GCA_977859995.1_R-IZA-047-YP_uncompressed	plasmid	AA326	-	CDWHOZ010000069.1 Escherichia coli isolate R-IZA-047-YP genome assembly, contig: NODE_69_covk_21.479067_covr_63.111_cutoff_34, whole genome shotgun sequence	20211	0.5283675600417682	3995eb955365458a3e032b4b4b644b34	incomplete	-	-	MOBF	NC_017627_00068	MPF_F,MPF_F,MPF_F,MPF_Unknown	NC_018966_00040,NC_019094_00068,NC_009837_00049,08-5333_00200	-	-	-	CP035337	0.0287714	Escherichia coli	-	-	-
GCA_977859995.1_GCA_977859995.1_R-IZA-047-YP	GCA_977859995.1_GCA_977859995.1_R-IZA-047-YP_uncompressed	chromosome	-	-	CDWHOZ010000070.1 Escherichia coli isolate R-IZA-047-YP genome assembly, contig: NODE_70_covk_21.302220_covr_61.724_cutoff_34, whole genome shotgun sequence	19962	0.5113716060514979	9b7602e2122f1bb38d3797c174ac03af	incomplete	-	-	-	-	-	-	-	-	-	-	-	-	-	-	-
GCA_977859995.1_GCA_977859995.1_R-IZA-047-YP	GCA_977859995.1_GCA_977859995.1_R-IZA-047-YP_uncompressed	chromosome	-	-	CDWHOZ010000071.1 Escherichia coli isolate R-IZA-047-YP genome assembly, contig: NODE_71_covk_8.755289_covr_27.823_cutoff_34, whole genome shotgun sequence	19906	0.515975082889581	45e86a38aaf4d4f60eb4644c8251c061	incomplete	-	-	-	-	-	-	-	-	-	-	-	-	-	-	-
GCA_977859995.1_GCA_977859995.1_R-IZA-047-YP	GCA_977859995.1_GCA_977859995.1_R-IZA-047-YP_uncompressed	chromosome	-	-	CDWHOZ010000072.1 Escherichia coli isolate R-IZA-047-YP genome assembly, contig: NODE_72_covk_19.552339_covr_58.293_cutoff_34, whole genome shotgun sequence	17266	0.4746901424765435	25e4bcbb7cc574e3e28e0180f324295c	incomplete	-	-	-	-	-	-	-	-	-	-	-	-	-	-	-
GCA_977859995.1_GCA_977859995.1_R-IZA-047-YP	GCA_977859995.1_GCA_977859995.1_R-IZA-047-YP_uncompressed	chromosome	-	-	CDWHOZ010000073.1 Escherichia coli isolate R-IZA-047-YP genome assembly, contig: NODE_73_covk_13.548048_covr_40.980_cutoff_34, whole genome shotgun sequence	16926	0.49007444168734493	221cb2f7225830cdff09d3b35e2069ef	incomplete	-	-	-	-	-	-	-	-	-	-	-	-	-	-	-
GCA_977859995.1_GCA_977859995.1_R-IZA-047-YP	GCA_977859995.1_GCA_977859995.1_R-IZA-047-YP_uncompressed	chromosome	-	-	CDWHOZ010000074.1 Escherichia coli isolate R-IZA-047-YP genome assembly, contig: NODE_74_covk_20.672467_covr_60.481_cutoff_34, whole genome shotgun sequence	15731	0.48223253448604664	12110c1f2d5b0a236043da079687b413	incomplete	-	-	-	-	-	-	-	-	-	-	-	-	-	-	-
GCA_977859995.1_GCA_977859995.1_R-IZA-047-YP	GCA_977859995.1_GCA_977859995.1_R-IZA-047-YP_uncompressed	chromosome	-	-	CDWHOZ010000075.1 Escherichia coli isolate R-IZA-047-YP genome assembly, contig: NODE_75_covk_9.122298_covr_28.738_cutoff_34, whole genome shotgun sequence	15504	0.5514705882352942	4fb18f873d9e93558f7cdb433cbfcc63	incomplete	-	-	-	-	-	-	-	-	-	-	-	-	-	-	-
GCA_977859995.1_GCA_977859995.1_R-IZA-047-YP	GCA_977859995.1_GCA_977859995.1_R-IZA-047-YP_uncompressed	chromosome	-	-	CDWHOZ010000076.1 Escherichia coli isolate R-IZA-047-YP genome assembly, contig: NODE_76_covk_19.425710_covr_56.487_cutoff_34, whole genome shotgun sequence	15377	0.4372764518436626	448554f2a8d4326fb978aa16306dbaaa	incomplete	-	-	-	-	-	-	-	-	-	-	-	-	-	-	-
GCA_977859995.1_GCA_977859995.1_R-IZA-047-YP	GCA_977859995.1_GCA_977859995.1_R-IZA-047-YP_uncompressed	plasmid	AA326	-	CDWHOZ010000077.1 Escherichia coli isolate R-IZA-047-YP genome assembly, contig: NODE_77_covk_21.300952_covr_62.595_cutoff_34, whole genome shotgun sequence	15334	0.5395200208686579	5df28f8c3c4db29daf7519ca45a0727b	incomplete	-	-	-	-	-	-	-	-	-	CP035337	0.0287714	Escherichia coli	-	-	-
GCA_977859995.1_GCA_977859995.1_R-IZA-047-YP	GCA_977859995.1_GCA_977859995.1_R-IZA-047-YP_uncompressed	chromosome	-	-	CDWHOZ010000078.1 Escherichia coli isolate R-IZA-047-YP genome assembly, contig: NODE_78_covk_9.631179_covr_31.621_cutoff_34, whole genome shotgun sequence	15109	0.5388179230921967	55aa406e7beb6da8610116e395ba07de	incomplete	-	-	-	-	-	-	-	-	-	-	-	-	-	-	-
GCA_977859995.1_GCA_977859995.1_R-IZA-047-YP	GCA_977859995.1_GCA_977859995.1_R-IZA-047-YP_uncompressed	plasmid	AA326	-	CDWHOZ010000079.1 Escherichia coli isolate R-IZA-047-YP genome assembly, contig: NODE_79_covk_20.803265_covr_60.648_cutoff_34, whole genome shotgun sequence	14860	0.489300134589502	b1965b8587f1a8f8191716d27349f734	incomplete	-	-	-	-	MPF_F,MPF_F,MPF_F,MPF_F,MPF_F,MPF_F,MPF_T	NC_022651_00077,NC_010409_00124,NC_019094_00090,NC_017639_00094,NC_007675_00027,NC_017639_00100,NC_013437_00116	MOBF	KT754162	-	CP035337	0.0287714	Escherichia coli	-	-	-
GCA_977859995.1_GCA_977859995.1_R-IZA-047-YP	GCA_977859995.1_GCA_977859995.1_R-IZA-047-YP_uncompressed	chromosome	-	-	CDWHOZ010000080.1 Escherichia coli isolate R-IZA-047-YP genome assembly, contig: NODE_80_covk_21.558544_covr_62.540_cutoff_34, whole genome shotgun sequence	14524	0.518176810795924	ed2601898df1c9c07ad62907e6b91b39	incomplete	-	-	-	-	-	-	-	-	-	-	-	-	-	-	-
GCA_977859995.1_GCA_977859995.1_R-IZA-047-YP	GCA_977859995.1_GCA_977859995.1_R-IZA-047-YP_uncompressed	chromosome	-	-	CDWHOZ010000081.1 Escherichia coli isolate R-IZA-047-YP genome assembly, contig: NODE_81_covk_21.049347_covr_60.995_cutoff_34, whole genome shotgun sequence	14183	0.5271099203271522	878a575579966cd618c26e21809b6073	incomplete	-	-	-	-	-	-	-	-	-	-	-	-	-	-	-
GCA_977859995.1_GCA_977859995.1_R-IZA-047-YP	GCA_977859995.1_GCA_977859995.1_R-IZA-047-YP_uncompressed	chromosome	-	-	CDWHOZ010000082.1 Escherichia coli isolate R-IZA-047-YP genome assembly, contig: NODE_82_covk_6.583825_covr_21.301_cutoff_34, whole genome shotgun sequence	13651	0.4653138964178448	ef62d85df18d2cb08e2abd6d3970b9ae	incomplete	-	-	-	-	-	-	-	-	-	-	-	-	-	-	-
GCA_977859995.1_GCA_977859995.1_R-IZA-047-YP	GCA_977859995.1_GCA_977859995.1_R-IZA-047-YP_uncompressed	plasmid	novel_3c68837dfe720bc64e8fb01e0f467e87	-	CDWHOZ010000083.1 Escherichia coli isolate R-IZA-047-YP genome assembly, contig: NODE_83_covk_9.857143_covr_30.670_cutoff_34, whole genome shotgun sequence	13546	0.4917318765687288	1aa77353d97f525567f1c0aa5067ad09	incomplete	-	-	-	-	-	-	-	-	-	CP021937	0.0600659	Escherichia coli	-	-	-
GCA_977859995.1_GCA_977859995.1_R-IZA-047-YP	GCA_977859995.1_GCA_977859995.1_R-IZA-047-YP_uncompressed	chromosome	-	-	CDWHOZ010000084.1 Escherichia coli isolate R-IZA-047-YP genome assembly, contig: NODE_84_covk_20.891367_covr_66.140_cutoff_34, whole genome shotgun sequence	13373	0.5002617213788978	9f9f5872d5e4b5b70e9bfebffa275f72	incomplete	-	-	-	-	-	-	-	-	-	-	-	-	-	-	-
GCA_977859995.1_GCA_977859995.1_R-IZA-047-YP	GCA_977859995.1_GCA_977859995.1_R-IZA-047-YP_uncompressed	chromosome	-	-	CDWHOZ010000085.1 Escherichia coli isolate R-IZA-047-YP genome assembly, contig: NODE_85_covk_9.885895_covr_30.695_cutoff_34, whole genome shotgun sequence	13201	0.5252632376335126	7a6745456ff28c1cf605fdef471f4e39	incomplete	-	-	-	-	-	-	-	-	-	-	-	-	-	-	-
GCA_977859995.1_GCA_977859995.1_R-IZA-047-YP	GCA_977859995.1_GCA_977859995.1_R-IZA-047-YP_uncompressed	chromosome	-	-	CDWHOZ010000086.1 Escherichia coli isolate R-IZA-047-YP genome assembly, contig: NODE_86_covk_8.203066_covr_26.000_cutoff_34, whole genome shotgun sequence	12622	0.5284424021549675	d3a45540498f800d670c1976d9d53919	incomplete	-	-	-	-	-	-	-	-	-	-	-	-	-	-	-
GCA_977859995.1_GCA_977859995.1_R-IZA-047-YP	GCA_977859995.1_GCA_977859995.1_R-IZA-047-YP_uncompressed	chromosome	-	-	CDWHOZ010000087.1 Escherichia coli isolate R-IZA-047-YP genome assembly, contig: NODE_87_covk_19.954190_covr_57.613_cutoff_34, whole genome shotgun sequence	12520	0.4500798722044728	ec8169a8e26d44cab3bf2271f03ad4d0	incomplete	-	-	-	-	-	-	-	-	-	-	-	-	-	-	-
GCA_977859995.1_GCA_977859995.1_R-IZA-047-YP	GCA_977859995.1_GCA_977859995.1_R-IZA-047-YP_uncompressed	plasmid	novel_3c68837dfe720bc64e8fb01e0f467e87	-	CDWHOZ010000088.1 Escherichia coli isolate R-IZA-047-YP genome assembly, contig: NODE_88_covk_5.639812_covr_17.616_cutoff_34, whole genome shotgun sequence	12251	0.539384540037548	2355fe35186a3c2717dc00e95d81589e	incomplete	-	-	-	-	-	-	-	-	-	CP021937	0.0600659	Escherichia coli	-	-	-
GCA_977859995.1_GCA_977859995.1_R-IZA-047-YP	GCA_977859995.1_GCA_977859995.1_R-IZA-047-YP_uncompressed	chromosome	-	-	CDWHOZ010000089.1 Escherichia coli isolate R-IZA-047-YP genome assembly, contig: NODE_89_covk_20.638801_covr_60.268_cutoff_34, whole genome shotgun sequence	12145	0.48275010292301357	046192b511ef8043578be4bd5432ac7b	incomplete	-	-	-	-	-	-	-	-	-	-	-	-	-	-	-
GCA_977859995.1_GCA_977859995.1_R-IZA-047-YP	GCA_977859995.1_GCA_977859995.1_R-IZA-047-YP_uncompressed	chromosome	-	-	CDWHOZ010000090.1 Escherichia coli isolate R-IZA-047-YP genome assembly, contig: NODE_90_covk_20.110053_covr_60.088_cutoff_34, whole genome shotgun sequence	12075	0.4955693581780538	1ead339e112d81927b00a08c3aed8921	incomplete	-	-	-	-	-	-	-	-	-	-	-	-	-	-	-
GCA_977859995.1_GCA_977859995.1_R-IZA-047-YP	GCA_977859995.1_GCA_977859995.1_R-IZA-047-YP_uncompressed	chromosome	-	-	CDWHOZ010000091.1 Escherichia coli isolate R-IZA-047-YP genome assembly, contig: NODE_91_covk_20.614981_covr_64.606_cutoff_34, whole genome shotgun sequence	11901	0.5721549021269384	24f4ab71364903801cdd7d3ce76d57e2	incomplete	-	-	-	-	-	-	-	-	-	-	-	-	-	-	-
GCA_977859995.1_GCA_977859995.1_R-IZA-047-YP	GCA_977859995.1_GCA_977859995.1_R-IZA-047-YP_uncompressed	chromosome	-	-	CDWHOZ010000092.1 Escherichia coli isolate R-IZA-047-YP genome assembly, contig: NODE_92_covk_21.212916_covr_61.383_cutoff_34, whole genome shotgun sequence	11620	0.4919104991394148	dc3aa92450e2939f2b0e6672c1f5d7e8	incomplete	-	-	-	-	-	-	-	-	-	-	-	-	-	-	-
GCA_977859995.1_GCA_977859995.1_R-IZA-047-YP	GCA_977859995.1_GCA_977859995.1_R-IZA-047-YP_uncompressed	chromosome	-	-	CDWHOZ010000093.1 Escherichia coli isolate R-IZA-047-YP genome assembly, contig: NODE_93_covk_9.128222_covr_29.904_cutoff_34, whole genome shotgun sequence	10612	0.4958537504711647	d8d8ac30df5ca3779f5d69cc73044acf	incomplete	-	-	-	-	-	-	-	-	-	-	-	-	-	-	-
GCA_977859995.1_GCA_977859995.1_R-IZA-047-YP	GCA_977859995.1_GCA_977859995.1_R-IZA-047-YP_uncompressed	plasmid	AA326	-	CDWHOZ010000094.1 Escherichia coli isolate R-IZA-047-YP genome assembly, contig: NODE_94_covk_6.604179_covr_22.084_cutoff_34, whole genome shotgun sequence	9957	0.5476549161393994	f2bde7c1c50c4f2da2665acdb2e3f810	incomplete	-	-	-	-	-	-	-	-	-	CP035337	0.0287714	Escherichia coli	-	-	-
GCA_977859995.1_GCA_977859995.1_R-IZA-047-YP	GCA_977859995.1_GCA_977859995.1_R-IZA-047-YP_uncompressed	chromosome	-	-	CDWHOZ010000095.1 Escherichia coli isolate R-IZA-047-YP genome assembly, contig: NODE_95_covk_10.508457_covr_31.814_cutoff_34, whole genome shotgun sequence	9736	0.35497124075595726	75e990bf87230217aa4397e5058d6583	incomplete	-	-	-	-	-	-	-	-	-	-	-	-	-	-	-
GCA_977859995.1_GCA_977859995.1_R-IZA-047-YP	GCA_977859995.1_GCA_977859995.1_R-IZA-047-YP_uncompressed	chromosome	-	-	CDWHOZ010000096.1 Escherichia coli isolate R-IZA-047-YP genome assembly, contig: NODE_96_covk_7.715595_covr_24.661_cutoff_34, whole genome shotgun sequence	9698	0.48896679727778924	27bdcbdef9b0e6e1fbc60362ee7515d4	incomplete	-	-	-	-	-	-	-	-	-	-	-	-	-	-	-
GCA_977859995.1_GCA_977859995.1_R-IZA-047-YP	GCA_977859995.1_GCA_977859995.1_R-IZA-047-YP_uncompressed	plasmid	AA326	-	CDWHOZ010000097.1 Escherichia coli isolate R-IZA-047-YP genome assembly, contig: NODE_97_covk_8.815876_covr_26.780_cutoff_34, whole genome shotgun sequence	9560	0.5821129707112971	825134de54f6da4d7a36dcf450702113	incomplete	-	-	-	-	-	-	-	-	-	CP035337	0.0287714	Escherichia coli	-	-	-
GCA_977859995.1_GCA_977859995.1_R-IZA-047-YP	GCA_977859995.1_GCA_977859995.1_R-IZA-047-YP_uncompressed	chromosome	-	-	CDWHOZ010000098.1 Escherichia coli isolate R-IZA-047-YP genome assembly, contig: NODE_98_covk_19.828428_covr_58.232_cutoff_34, whole genome shotgun sequence	9442	0.44143190002118193	195788b57b6676e20b5b3c6fd26b33f2	incomplete	-	-	-	-	-	-	-	-	-	-	-	-	-	-	-
GCA_977859995.1_GCA_977859995.1_R-IZA-047-YP	GCA_977859995.1_GCA_977859995.1_R-IZA-047-YP_uncompressed	chromosome	-	-	CDWHOZ010000099.1 Escherichia coli isolate R-IZA-047-YP genome assembly, contig: NODE_99_covk_8.354120_covr_26.474_cutoff_34, whole genome shotgun sequence	8935	0.46782316731952994	973383a93d04147a5480d8a02f507ea8	incomplete	-	-	-	-	-	-	-	-	-	-	-	-	-	-	-
GCA_977859995.1_GCA_977859995.1_R-IZA-047-YP	GCA_977859995.1_GCA_977859995.1_R-IZA-047-YP_uncompressed	chromosome	-	-	CDWHOZ010000100.1 Escherichia coli isolate R-IZA-047-YP genome assembly, contig: NODE_100_covk_21.413009_covr_61.715_cutoff_34, whole genome shotgun sequence	8893	0.5182727988305409	f360adf23a2de65534cf9de0138024b9	incomplete	-	-	-	-	-	-	-	-	-	-	-	-	-	-	-
GCA_977859995.1_GCA_977859995.1_R-IZA-047-YP	GCA_977859995.1_GCA_977859995.1_R-IZA-047-YP_uncompressed	chromosome	-	-	CDWHOZ010000101.1 Escherichia coli isolate R-IZA-047-YP genome assembly, contig: NODE_101_covk_11.654531_covr_35.991_cutoff_34, whole genome shotgun sequence	8751	0.49925722774540054	ef410f8efe7c6753caedf19cf00b8014	incomplete	-	-	-	-	-	-	-	-	-	-	-	-	-	-	-
GCA_977859995.1_GCA_977859995.1_R-IZA-047-YP	GCA_977859995.1_GCA_977859995.1_R-IZA-047-YP_uncompressed	chromosome	-	-	CDWHOZ010000102.1 Escherichia coli isolate R-IZA-047-YP genome assembly, contig: NODE_102_covk_14.488003_covr_42.922_cutoff_34, whole genome shotgun sequence	8476	0.38933459178857954	3711229f59aa9aa97e135d9e0940c238	incomplete	-	-	-	-	-	-	-	-	-	-	-	-	-	-	-
GCA_977859995.1_GCA_977859995.1_R-IZA-047-YP	GCA_977859995.1_GCA_977859995.1_R-IZA-047-YP_uncompressed	chromosome	-	-	CDWHOZ010000103.1 Escherichia coli isolate R-IZA-047-YP genome assembly, contig: NODE_103_covk_7.669041_covr_24.172_cutoff_34, whole genome shotgun sequence	8100	0.5037037037037037	1553853a05328427ce74882f020be855	incomplete	-	-	-	-	-	-	-	-	-	-	-	-	-	-	-
GCA_977859995.1_GCA_977859995.1_R-IZA-047-YP	GCA_977859995.1_GCA_977859995.1_R-IZA-047-YP_uncompressed	chromosome	-	-	CDWHOZ010000104.1 Escherichia coli isolate R-IZA-047-YP genome assembly, contig: NODE_104_covk_20.120010_covr_58.572_cutoff_34, whole genome shotgun sequence	7965	0.459008160703076	6e7d2974947adeb0209fde2edd638dba	incomplete	-	-	-	-	-	-	-	-	-	-	-	-	-	-	-
GCA_977859995.1_GCA_977859995.1_R-IZA-047-YP	GCA_977859995.1_GCA_977859995.1_R-IZA-047-YP_uncompressed	chromosome	-	-	CDWHOZ010000105.1 Escherichia coli isolate R-IZA-047-YP genome assembly, contig: NODE_105_covk_7.822119_covr_26.927_cutoff_34, whole genome shotgun sequence	7812	0.5236815156169995	85513510bf17c1164a6bd4218a724b63	incomplete	-	-	-	-	-	-	-	-	-	-	-	-	-	-	-
GCA_977859995.1_GCA_977859995.1_R-IZA-047-YP	GCA_977859995.1_GCA_977859995.1_R-IZA-047-YP_uncompressed	chromosome	-	-	CDWHOZ010000106.1 Escherichia coli isolate R-IZA-047-YP genome assembly, contig: NODE_106_covk_21.350742_covr_61.590_cutoff_34, whole genome shotgun sequence	7777	0.5160087437315161	e9f09180d2edfa71a1c4cbf469d15515	incomplete	-	-	-	-	-	-	-	-	-	-	-	-	-	-	-
GCA_977859995.1_GCA_977859995.1_R-IZA-047-YP	GCA_977859995.1_GCA_977859995.1_R-IZA-047-YP_uncompressed	chromosome	-	-	CDWHOZ010000107.1 Escherichia coli isolate R-IZA-047-YP genome assembly, contig: NODE_107_covk_15.683595_covr_46.680_cutoff_34, whole genome shotgun sequence	7542	0.5270485282418457	04a6f21b6a45e5db9288d4430903fb29	incomplete	-	-	-	-	-	-	-	-	-	-	-	-	-	-	-
GCA_977859995.1_GCA_977859995.1_R-IZA-047-YP	GCA_977859995.1_GCA_977859995.1_R-IZA-047-YP_uncompressed	chromosome	-	-	CDWHOZ010000108.1 Escherichia coli isolate R-IZA-047-YP genome assembly, contig: NODE_108_covk_20.258091_covr_58.720_cutoff_34, whole genome shotgun sequence	7329	0.5133033155955792	d2d1c19ee19441a28b541e91113e45f6	incomplete	-	-	-	-	-	-	-	-	-	-	-	-	-	-	-
GCA_977859995.1_GCA_977859995.1_R-IZA-047-YP	GCA_977859995.1_GCA_977859995.1_R-IZA-047-YP_uncompressed	chromosome	-	-	CDWHOZ010000109.1 Escherichia coli isolate R-IZA-047-YP genome assembly, contig: NODE_109_covk_5.535790_covr_17.288_cutoff_34, whole genome shotgun sequence	7182	0.43845725424672793	80e5b0835fe8d85cea1bc55da569e526	incomplete	-	-	-	-	-	-	-	-	-	-	-	-	-	-	-
GCA_977859995.1_GCA_977859995.1_R-IZA-047-YP	GCA_977859995.1_GCA_977859995.1_R-IZA-047-YP_uncompressed	chromosome	-	-	CDWHOZ010000110.1 Escherichia coli isolate R-IZA-047-YP genome assembly, contig: NODE_110_covk_3.769616_covr_11.880_cutoff_34, whole genome shotgun sequence	7083	0.37512353522518704	a47b4a6498f0e052379726c9bdf17d5d	incomplete	-	-	-	-	-	-	-	-	-	-	-	-	-	-	-
GCA_977859995.1_GCA_977859995.1_R-IZA-047-YP	GCA_977859995.1_GCA_977859995.1_R-IZA-047-YP_uncompressed	plasmid	AC305	AL438	CDWHOZ010000111.1 Escherichia coli isolate R-IZA-047-YP genome assembly, contig: NODE_111_covk_21.689437_covr_62.196_cutoff_34, whole genome shotgun sequence	7038	0.4722932651321398	1a75ee4154af5fb9a976506fbb71362a	incomplete	-	-	-	-	-	-	-	-	-	KU254580	0.0110444	Escherichia coli	-	-	-
GCA_977859995.1_GCA_977859995.1_R-IZA-047-YP	GCA_977859995.1_GCA_977859995.1_R-IZA-047-YP_uncompressed	plasmid	AA326	-	CDWHOZ010000112.1 Escherichia coli isolate R-IZA-047-YP genome assembly, contig: NODE_112_covk_6.437310_covr_19.965_cutoff_34, whole genome shotgun sequence	6998	0.44855673049442696	2901f488dd48b103c11bacb8873bc187	incomplete	-	-	-	-	-	-	-	-	-	CP035337	0.0287714	Escherichia coli	-	-	-
GCA_977859995.1_GCA_977859995.1_R-IZA-047-YP	GCA_977859995.1_GCA_977859995.1_R-IZA-047-YP_uncompressed	plasmid	AA326	-	CDWHOZ010000113.1 Escherichia coli isolate R-IZA-047-YP genome assembly, contig: NODE_113_covk_17.449106_covr_51.558_cutoff_34, whole genome shotgun sequence	6868	0.5018928363424577	593c064174bb7742b7fb3230af115b94	incomplete	IncFIA	000136__AP014877_00014	-	-	-	-	-	-	-	CP035337	0.0287714	Escherichia coli	-	-	-
GCA_977859995.1_GCA_977859995.1_R-IZA-047-YP	GCA_977859995.1_GCA_977859995.1_R-IZA-047-YP_uncompressed	chromosome	-	-	CDWHOZ010000114.1 Escherichia coli isolate R-IZA-047-YP genome assembly, contig: NODE_114_covk_7.091445_covr_22.181_cutoff_34, whole genome shotgun sequence	6540	0.4577981651376147	bc3eda59de34d156e9f0edfbec5967c1	incomplete	-	-	-	-	-	-	-	-	-	-	-	-	-	-	-
GCA_977859995.1_GCA_977859995.1_R-IZA-047-YP	GCA_977859995.1_GCA_977859995.1_R-IZA-047-YP_uncompressed	chromosome	-	-	CDWHOZ010000115.1 Escherichia coli isolate R-IZA-047-YP genome assembly, contig: NODE_115_covk_7.882381_covr_24.596_cutoff_34, whole genome shotgun sequence	6348	0.46959672337744174	70beb1c01d73c94601c26bc8a7247f75	incomplete	-	-	-	-	-	-	-	-	-	-	-	-	-	-	-
GCA_977859995.1_GCA_977859995.1_R-IZA-047-YP	GCA_977859995.1_GCA_977859995.1_R-IZA-047-YP_uncompressed	plasmid	novel_3c68837dfe720bc64e8fb01e0f467e87	-	CDWHOZ010000116.1 Escherichia coli isolate R-IZA-047-YP genome assembly, contig: NODE_116_covk_5.208401_covr_16.359_cutoff_34, whole genome shotgun sequence	6217	0.47611388129322824	626bac1808214051b34d8c5d13f4951d	incomplete	IncFIA	AF250878	-	-	-	-	-	-	-	CP021937	0.0600659	Escherichia coli	-	-	-
GCA_977859995.1_GCA_977859995.1_R-IZA-047-YP	GCA_977859995.1_GCA_977859995.1_R-IZA-047-YP_uncompressed	chromosome	-	-	CDWHOZ010000117.1 Escherichia coli isolate R-IZA-047-YP genome assembly, contig: NODE_117_covk_7.587778_covr_23.601_cutoff_34, whole genome shotgun sequence	5761	0.4815136261065787	be036d47bcbcc0e569c521fbba5e2638	incomplete	-	-	-	-	-	-	-	-	-	-	-	-	-	-	-
GCA_977859995.1_GCA_977859995.1_R-IZA-047-YP	GCA_977859995.1_GCA_977859995.1_R-IZA-047-YP_uncompressed	plasmid	AC305	AL438	CDWHOZ010000118.1 Escherichia coli isolate R-IZA-047-YP genome assembly, contig: NODE_118_covk_21.676237_covr_61.898_cutoff_34, whole genome shotgun sequence	5637	0.5038140855064751	076f82a68b8406f1d9b930837e9789b3	incomplete	-	-	-	-	-	-	-	-	-	KU254580	0.0110444	Escherichia coli	KX711879	ISEc51	repetitve element
GCA_977859995.1_GCA_977859995.1_R-IZA-047-YP	GCA_977859995.1_GCA_977859995.1_R-IZA-047-YP_uncompressed	chromosome	-	-	CDWHOZ010000119.1 Escherichia coli isolate R-IZA-047-YP genome assembly, contig: NODE_119_covk_7.995243_covr_24.496_cutoff_34, whole genome shotgun sequence	5565	0.5353099730458221	ba5b133ac9ca5863ae935ecf639e36b2	incomplete	-	-	-	-	-	-	-	-	-	-	-	-	-	-	-
GCA_977859995.1_GCA_977859995.1_R-IZA-047-YP	GCA_977859995.1_GCA_977859995.1_R-IZA-047-YP_uncompressed	chromosome	-	-	CDWHOZ010000120.1 Escherichia coli isolate R-IZA-047-YP genome assembly, contig: NODE_120_covk_7.476886_covr_23.979_cutoff_34, whole genome shotgun sequence	5507	0.47702923551843107	89bf7ec02550ca5762ef2f2590cf337d	incomplete	-	-	-	-	-	-	-	-	-	-	-	-	-	-	-
GCA_977859995.1_GCA_977859995.1_R-IZA-047-YP	GCA_977859995.1_GCA_977859995.1_R-IZA-047-YP_uncompressed	chromosome	-	-	CDWHOZ010000121.1 Escherichia coli isolate R-IZA-047-YP genome assembly, contig: NODE_121_covk_9.493657_covr_31.098_cutoff_34, whole genome shotgun sequence	5459	0.5508334859864444	e8ddff13bc1c89198119153244521153	incomplete	-	-	-	-	-	-	-	-	-	-	-	-	-	-	-
GCA_977859995.1_GCA_977859995.1_R-IZA-047-YP	GCA_977859995.1_GCA_977859995.1_R-IZA-047-YP_uncompressed	plasmid	AB595	AK439	CDWHOZ010000122.1 Escherichia coli isolate R-IZA-047-YP genome assembly, contig: NODE_122_covk_22.251261_covr_63.285_cutoff_34, whole genome shotgun sequence	5452	0.5297138664710198	7d5ee734427ef27861830a21fd079bc1	incomplete	rep_cluster_2358	CP000974_00005	-	-	-	-	-	-	-	LT985314	0.00357808	Escherichia coli	-	-	-
GCA_977859995.1_GCA_977859995.1_R-IZA-047-YP	GCA_977859995.1_GCA_977859995.1_R-IZA-047-YP_uncompressed	chromosome	-	-	CDWHOZ010000123.1 Escherichia coli isolate R-IZA-047-YP genome assembly, contig: NODE_123_covk_6.680120_covr_21.311_cutoff_34, whole genome shotgun sequence	5426	0.537596756358275	fa01908bfbad003a820959e8a74688f5	incomplete	-	-	-	-	-	-	-	-	-	-	-	-	-	-	-
GCA_977859995.1_GCA_977859995.1_R-IZA-047-YP	GCA_977859995.1_GCA_977859995.1_R-IZA-047-YP_uncompressed	plasmid	AA326	-	CDWHOZ010000124.1 Escherichia coli isolate R-IZA-047-YP genome assembly, contig: NODE_124_covk_9.275268_covr_28.741_cutoff_34, whole genome shotgun sequence	5323	0.5044148036821341	4d0da8a0d86e93a4359151efedd0ae9d	incomplete	-	-	-	-	-	-	-	-	-	CP035337	0.0287714	Escherichia coli	-	-	-
GCA_977859995.1_GCA_977859995.1_R-IZA-047-YP	GCA_977859995.1_GCA_977859995.1_R-IZA-047-YP_uncompressed	chromosome	-	-	CDWHOZ010000125.1 Escherichia coli isolate R-IZA-047-YP genome assembly, contig: NODE_125_covk_7.527592_covr_25.078_cutoff_34, whole genome shotgun sequence	5173	0.4929441329982602	35f4c7518e32969fd95e76a31f8a6568	incomplete	-	-	-	-	-	-	-	-	-	-	-	-	-	-	-
GCA_977859995.1_GCA_977859995.1_R-IZA-047-YP	GCA_977859995.1_GCA_977859995.1_R-IZA-047-YP_uncompressed	plasmid	AA326	-	CDWHOZ010000126.1 Escherichia coli isolate R-IZA-047-YP genome assembly, contig: NODE_126_covk_21.427482_covr_61.813_cutoff_34, whole genome shotgun sequence	5084	0.573170731707317	5fd654aa1efb6001770e99de025f573f	incomplete	-	-	-	-	-	-	-	-	-	CP035337	0.0287714	Escherichia coli	-	-	-
GCA_977859995.1_GCA_977859995.1_R-IZA-047-YP	GCA_977859995.1_GCA_977859995.1_R-IZA-047-YP_uncompressed	chromosome	-	-	CDWHOZ010000127.1 Escherichia coli isolate R-IZA-047-YP genome assembly, contig: NODE_127_covk_20.215980_covr_58.919_cutoff_34, whole genome shotgun sequence	4905	0.4764525993883792	4ecba2c6e9178c9ec6ab67e6436d8c5f	incomplete	-	-	-	-	-	-	-	-	-	-	-	-	-	-	-
GCA_977859995.1_GCA_977859995.1_R-IZA-047-YP	GCA_977859995.1_GCA_977859995.1_R-IZA-047-YP_uncompressed	chromosome	-	-	CDWHOZ010000128.1 Escherichia coli isolate R-IZA-047-YP genome assembly, contig: NODE_128_covk_18.194808_covr_52.535_cutoff_34, whole genome shotgun sequence	4837	0.40520984081041966	90e93d08dbc60719d59b90edf8090a5b	incomplete	-	-	-	-	-	-	-	-	-	-	-	-	-	-	-
GCA_977859995.1_GCA_977859995.1_R-IZA-047-YP	GCA_977859995.1_GCA_977859995.1_R-IZA-047-YP_uncompressed	plasmid	AA326	-	CDWHOZ010000129.1 Escherichia coli isolate R-IZA-047-YP genome assembly, contig: NODE_129_covk_8.295997_covr_26.495_cutoff_34, whole genome shotgun sequence	4795	0.47904066736183526	362ec84381bbc0298c7c710446fa2b04	incomplete	-	-	-	-	-	-	-	-	-	CP035337	0.0287714	Escherichia coli	-	-	-
GCA_977859995.1_GCA_977859995.1_R-IZA-047-YP	GCA_977859995.1_GCA_977859995.1_R-IZA-047-YP_uncompressed	plasmid	AD167	AM623	CDWHOZ010000130.1 Escherichia coli isolate R-IZA-047-YP genome assembly, contig: NODE_130_covk_21.048108_covr_60.193_cutoff_34, whole genome shotgun sequence	4776	0.43299832495812396	809bfc3d6bfd2a4d298963ba9c5cfd95	incomplete	-	-	-	-	-	-	-	-	-	CP042340	0.0037263	Escherichia coli	-	-	-
GCA_977859995.1_GCA_977859995.1_R-IZA-047-YP	GCA_977859995.1_GCA_977859995.1_R-IZA-047-YP_uncompressed	chromosome	-	-	CDWHOZ010000131.1 Escherichia coli isolate R-IZA-047-YP genome assembly, contig: NODE_131_covk_20.160937_covr_57.231_cutoff_34, whole genome shotgun sequence	4753	0.4289922154428782	14c55e0ba9392a75bac3e2cb63e4401b	incomplete	-	-	-	-	-	-	-	-	-	-	-	-	-	-	-
GCA_977859995.1_GCA_977859995.1_R-IZA-047-YP	GCA_977859995.1_GCA_977859995.1_R-IZA-047-YP_uncompressed	chromosome	-	-	CDWHOZ010000132.1 Escherichia coli isolate R-IZA-047-YP genome assembly, contig: NODE_132_covk_18.080256_covr_52.092_cutoff_34, whole genome shotgun sequence	4622	0.44136737343141497	78c764e1e17cd17f22fdd1ed4028f96e	incomplete	-	-	-	-	-	-	-	-	-	-	-	-	-	-	-
GCA_977859995.1_GCA_977859995.1_R-IZA-047-YP	GCA_977859995.1_GCA_977859995.1_R-IZA-047-YP_uncompressed	chromosome	-	-	CDWHOZ010000133.1 Escherichia coli isolate R-IZA-047-YP genome assembly, contig: NODE_133_covk_5.507986_covr_16.791_cutoff_34, whole genome shotgun sequence	4607	0.48209246798350336	15797588a9662e698257ddc2a0d7def9	incomplete	-	-	-	-	-	-	-	-	-	-	-	-	-	-	-
GCA_977859995.1_GCA_977859995.1_R-IZA-047-YP	GCA_977859995.1_GCA_977859995.1_R-IZA-047-YP_uncompressed	chromosome	-	-	CDWHOZ010000134.1 Escherichia coli isolate R-IZA-047-YP genome assembly, contig: NODE_134_covk_20.193703_covr_58.152_cutoff_34, whole genome shotgun sequence	4482	0.4857206604194556	44e7bf9bfa94e5c4b76ef3ddbdabeef4	incomplete	-	-	-	-	-	-	-	-	-	-	-	-	-	-	-
GCA_977859995.1_GCA_977859995.1_R-IZA-047-YP	GCA_977859995.1_GCA_977859995.1_R-IZA-047-YP_uncompressed	chromosome	-	-	CDWHOZ010000135.1 Escherichia coli isolate R-IZA-047-YP genome assembly, contig: NODE_135_covk_7.911294_covr_24.725_cutoff_34, whole genome shotgun sequence	4473	0.47149564050972503	5dc1f84ea4e6b539990d9849abf2be79	incomplete	-	-	-	-	-	-	-	-	-	-	-	-	-	-	-
GCA_977859995.1_GCA_977859995.1_R-IZA-047-YP	GCA_977859995.1_GCA_977859995.1_R-IZA-047-YP_uncompressed	chromosome	-	-	CDWHOZ010000136.1 Escherichia coli isolate R-IZA-047-YP genome assembly, contig: NODE_136_covk_7.552024_covr_23.811_cutoff_34, whole genome shotgun sequence	4472	0.49038461538461536	5927f6dc2e913b83ebe4219fcdc0fbe3	incomplete	-	-	-	-	-	-	-	-	-	-	-	-	-	-	-
GCA_977859995.1_GCA_977859995.1_R-IZA-047-YP	GCA_977859995.1_GCA_977859995.1_R-IZA-047-YP_uncompressed	chromosome	-	-	CDWHOZ010000137.1 Escherichia coli isolate R-IZA-047-YP genome assembly, contig: NODE_137_covk_7.204483_covr_23.272_cutoff_34, whole genome shotgun sequence	4471	0.5092820398121226	bb1fad84b0bdc9f857bffd108236223b	incomplete	-	-	-	-	-	-	-	-	-	-	-	-	-	-	-
GCA_977859995.1_GCA_977859995.1_R-IZA-047-YP	GCA_977859995.1_GCA_977859995.1_R-IZA-047-YP_uncompressed	chromosome	-	-	CDWHOZ010000138.1 Escherichia coli isolate R-IZA-047-YP genome assembly, contig: NODE_138_covk_12.918292_covr_38.831_cutoff_34, whole genome shotgun sequence	4407	0.39278420694349897	571c52db826a38645634fbbd8874145d	incomplete	-	-	-	-	-	-	-	-	-	-	-	-	-	-	-
GCA_977859995.1_GCA_977859995.1_R-IZA-047-YP	GCA_977859995.1_GCA_977859995.1_R-IZA-047-YP_uncompressed	chromosome	-	-	CDWHOZ010000139.1 Escherichia coli isolate R-IZA-047-YP genome assembly, contig: NODE_139_covk_15.913986_covr_45.820_cutoff_34, whole genome shotgun sequence	4389	0.4910002278423331	c4793027b5f6b4bb8826ce307660baab	incomplete	-	-	-	-	-	-	-	-	-	-	-	-	-	-	-
GCA_977859995.1_GCA_977859995.1_R-IZA-047-YP	GCA_977859995.1_GCA_977859995.1_R-IZA-047-YP_uncompressed	chromosome	-	-	CDWHOZ010000140.1 Escherichia coli isolate R-IZA-047-YP genome assembly, contig: NODE_140_covk_17.470368_covr_50.538_cutoff_34, whole genome shotgun sequence	4368	0.4336080586080586	00dc312817943ee90b13a0053d1ca3ab	incomplete	-	-	-	-	-	-	-	-	-	-	-	-	-	-	-
GCA_977859995.1_GCA_977859995.1_R-IZA-047-YP	GCA_977859995.1_GCA_977859995.1_R-IZA-047-YP_uncompressed	chromosome	-	-	CDWHOZ010000141.1 Escherichia coli isolate R-IZA-047-YP genome assembly, contig: NODE_141_covk_5.514973_covr_17.425_cutoff_34, whole genome shotgun sequence	4340	0.39493087557603684	35f2533dc89a9f398f2b9c720b1fbc35	incomplete	-	-	-	-	-	-	-	-	-	-	-	-	-	-	-
GCA_977859995.1_GCA_977859995.1_R-IZA-047-YP	GCA_977859995.1_GCA_977859995.1_R-IZA-047-YP_uncompressed	chromosome	-	-	CDWHOZ010000142.1 Escherichia coli isolate R-IZA-047-YP genome assembly, contig: NODE_142_covk_21.574569_covr_61.216_cutoff_34, whole genome shotgun sequence	4330	0.4741339491916859	f694dd1a85392cc0f0bd5ada83691280	incomplete	-	-	-	-	-	-	-	-	-	-	-	-	-	-	-
GCA_977859995.1_GCA_977859995.1_R-IZA-047-YP	GCA_977859995.1_GCA_977859995.1_R-IZA-047-YP_uncompressed	chromosome	-	-	CDWHOZ010000143.1 Escherichia coli isolate R-IZA-047-YP genome assembly, contig: NODE_143_covk_7.347281_covr_23.546_cutoff_34, whole genome shotgun sequence	4329	0.5513975513975514	c24f86cf36e9ea926c98f53158e1c632	incomplete	-	-	-	-	-	-	-	-	-	-	-	-	-	-	-
GCA_977859995.1_GCA_977859995.1_R-IZA-047-YP	GCA_977859995.1_GCA_977859995.1_R-IZA-047-YP_uncompressed	chromosome	-	-	CDWHOZ010000144.1 Escherichia coli isolate R-IZA-047-YP genome assembly, contig: NODE_144_covk_7.505353_covr_24.407_cutoff_34, whole genome shotgun sequence	4302	0.5957694095769409	8de60d90c4018e23c4aa531f0ae59123	incomplete	-	-	-	-	-	-	-	-	-	-	-	-	-	-	-
GCA_977859995.1_GCA_977859995.1_R-IZA-047-YP	GCA_977859995.1_GCA_977859995.1_R-IZA-047-YP_uncompressed	plasmid	AB443	AK225	CDWHOZ010000145.1 Escherichia coli isolate R-IZA-047-YP genome assembly, contig: NODE_145_covk_23.179176_covr_65.663_cutoff_34, whole genome shotgun sequence	4296	0.42621042830540035	47a9d7ca06c774031293fdb1c64d61d4	circular	rep_cluster_2350	CP041342_00001	-	-	-	-	MOBP,MOB_unknown	NC_019299,NC_019986	-	NC_017649	0.000780658	Escherichia coli O7:K1 str. CE10	-	-	-
GCA_977859995.1_GCA_977859995.1_R-IZA-047-YP	GCA_977859995.1_GCA_977859995.1_R-IZA-047-YP_uncompressed	chromosome	-	-	CDWHOZ010000146.1 Escherichia coli isolate R-IZA-047-YP genome assembly, contig: NODE_146_covk_8.367037_covr_26.131_cutoff_34, whole genome shotgun sequence	4243	0.5137874145651662	9d7cfe3268c95354962c09ba9d4839df	incomplete	-	-	-	-	-	-	-	-	-	-	-	-	-	-	-
GCA_977859995.1_GCA_977859995.1_R-IZA-047-YP	GCA_977859995.1_GCA_977859995.1_R-IZA-047-YP_uncompressed	plasmid	AD167	AM623	CDWHOZ010000147.1 Escherichia coli isolate R-IZA-047-YP genome assembly, contig: NODE_147_covk_20.755625_covr_58.637_cutoff_34, whole genome shotgun sequence	4232	0.486531190926276	dfa9548996db3827197347a27c89a536	incomplete	rep_cluster_2335,rep_cluster_2373	EF088686_00008,LT985313_00005	-	-	-	-	MOBP	CP008720	-	CP042340	0.0037263	Escherichia coli	-	-	-
GCA_977859995.1_GCA_977859995.1_R-IZA-047-YP	GCA_977859995.1_GCA_977859995.1_R-IZA-047-YP_uncompressed	plasmid	AB944	-	CDWHOZ010000148.1 Escherichia coli isolate R-IZA-047-YP genome assembly, contig: NODE_148_covk_20.988851_covr_59.135_cutoff_34, whole genome shotgun sequence	4225	0.48048484848484846	edd76575d49afad83daac3329486ae02	incomplete	-	-	-	-	-	-	MOBP	AJ001708	-	NC_019054	0.0511448	Escherichia coli	-	-	-
GCA_977859995.1_GCA_977859995.1_R-IZA-047-YP	GCA_977859995.1_GCA_977859995.1_R-IZA-047-YP_uncompressed	chromosome	-	-	CDWHOZ010000149.1 Escherichia coli isolate R-IZA-047-YP genome assembly, contig: NODE_149_covk_13.440633_covr_40.921_cutoff_34, whole genome shotgun sequence	4209	0.42836778332145403	8d002ebf0b9f1dcb14fb4d0f3dc07dcd	incomplete	-	-	-	-	-	-	-	-	-	-	-	-	-	-	-
GCA_977859995.1_GCA_977859995.1_R-IZA-047-YP	GCA_977859995.1_GCA_977859995.1_R-IZA-047-YP_uncompressed	chromosome	-	-	CDWHOZ010000150.1 Escherichia coli isolate R-IZA-047-YP genome assembly, contig: NODE_150_covk_7.870700_covr_24.315_cutoff_34, whole genome shotgun sequence	4198	0.44997617913292043	3facdfebeb4c40ffda9e40aa04f5d22f	incomplete	-	-	-	-	-	-	-	-	-	-	-	-	-	-	-
GCA_977859995.1_GCA_977859995.1_R-IZA-047-YP	GCA_977859995.1_GCA_977859995.1_R-IZA-047-YP_uncompressed	chromosome	-	-	CDWHOZ010000151.1 Escherichia coli isolate R-IZA-047-YP genome assembly, contig: NODE_151_covk_20.566406_covr_60.073_cutoff_34, whole genome shotgun sequence	4195	0.5367521367521367	1214e3fcdc1de6588f3757420b628892	incomplete	-	-	-	-	-	-	-	-	-	-	-	-	-	-	-
GCA_977859995.1_GCA_977859995.1_R-IZA-047-YP	GCA_977859995.1_GCA_977859995.1_R-IZA-047-YP_uncompressed	plasmid	AA326	-	CDWHOZ010000152.1 Escherichia coli isolate R-IZA-047-YP genome assembly, contig: NODE_152_covk_5.441017_covr_16.590_cutoff_34, whole genome shotgun sequence	4151	0.4936159961455071	64128ccc20deed68eec345f78d332fa7	incomplete	IncFIB	000096__NC_019117_00097	-	-	-	-	-	-	-	CP035337	0.0287714	Escherichia coli	-	-	-
GCA_977859995.1_GCA_977859995.1_R-IZA-047-YP	GCA_977859995.1_GCA_977859995.1_R-IZA-047-YP_uncompressed	chromosome	-	-	CDWHOZ010000153.1 Escherichia coli isolate R-IZA-047-YP genome assembly, contig: NODE_153_covk_8.458050_covr_26.699_cutoff_34, whole genome shotgun sequence	4068	0.48131760078662733	ceabf476aa11c8a56b498a324b7756ce	incomplete	-	-	-	-	-	-	-	-	-	-	-	-	-	-	-
GCA_977859995.1_GCA_977859995.1_R-IZA-047-YP	GCA_977859995.1_GCA_977859995.1_R-IZA-047-YP_uncompressed	chromosome	-	-	CDWHOZ010000154.1 Escherichia coli isolate R-IZA-047-YP genome assembly, contig: NODE_154_covk_6.660883_covr_20.275_cutoff_34, whole genome shotgun sequence	4018	0.4171229467396715	3c7b03b5f648a5e3a19a73e821ed593a	incomplete	-	-	-	-	-	-	-	-	-	-	-	-	-	-	-
GCA_977859995.1_GCA_977859995.1_R-IZA-047-YP	GCA_977859995.1_GCA_977859995.1_R-IZA-047-YP_uncompressed	chromosome	-	-	CDWHOZ010000155.1 Escherichia coli isolate R-IZA-047-YP genome assembly, contig: NODE_155_covk_5.618201_covr_17.720_cutoff_34, whole genome shotgun sequence	3923	0.42900841192964567	067c6f10b1c03af666cc4f967d91a9e5	incomplete	-	-	-	-	-	-	-	-	-	-	-	-	-	-	-
GCA_977859995.1_GCA_977859995.1_R-IZA-047-YP	GCA_977859995.1_GCA_977859995.1_R-IZA-047-YP_uncompressed	chromosome	-	-	CDWHOZ010000156.1 Escherichia coli isolate R-IZA-047-YP genome assembly, contig: NODE_156_covk_6.224934_covr_19.828_cutoff_34, whole genome shotgun sequence	3909	0.4888432931520903	07a9a06562cdfcb49072c14bf38b7d33	incomplete	-	-	-	-	-	-	-	-	-	-	-	-	-	-	-
GCA_977859995.1_GCA_977859995.1_R-IZA-047-YP	GCA_977859995.1_GCA_977859995.1_R-IZA-047-YP_uncompressed	chromosome	-	-	CDWHOZ010000157.1 Escherichia coli isolate R-IZA-047-YP genome assembly, contig: NODE_157_covk_6.041383_covr_18.463_cutoff_34, whole genome shotgun sequence	3772	0.5031813361611877	a503d89e783ef39d2fb202cc4b343ad5	incomplete	-	-	-	-	-	-	-	-	-	-	-	-	-	-	-
GCA_977859995.1_GCA_977859995.1_R-IZA-047-YP	GCA_977859995.1_GCA_977859995.1_R-IZA-047-YP_uncompressed	chromosome	-	-	CDWHOZ010000158.1 Escherichia coli isolate R-IZA-047-YP genome assembly, contig: NODE_158_covk_9.058043_covr_28.597_cutoff_34, whole genome shotgun sequence	3717	0.5803066989507667	099bb7b658cd147335fdcd0ad82af14e	incomplete	-	-	-	-	-	-	-	-	-	-	-	-	-	-	-
GCA_977859995.1_GCA_977859995.1_R-IZA-047-YP	GCA_977859995.1_GCA_977859995.1_R-IZA-047-YP_uncompressed	chromosome	-	-	CDWHOZ010000159.1 Escherichia coli isolate R-IZA-047-YP genome assembly, contig: NODE_159_covk_3.718506_covr_11.699_cutoff_34, whole genome shotgun sequence	3687	0.4141578519121237	4ee65d8f4fdfc65c150a1c37e309cdaa	incomplete	-	-	-	-	-	-	-	-	-	-	-	-	-	-	-
GCA_977859995.1_GCA_977859995.1_R-IZA-047-YP	GCA_977859995.1_GCA_977859995.1_R-IZA-047-YP_uncompressed	chromosome	-	-	CDWHOZ010000160.1 Escherichia coli isolate R-IZA-047-YP genome assembly, contig: NODE_160_covk_15.228355_covr_43.700_cutoff_34, whole genome shotgun sequence	3668	0.411123227917121	5278d36c7c2c0174e47282046b7d0f2d	incomplete	-	-	-	-	-	-	-	-	-	-	-	-	-	-	-
GCA_977859995.1_GCA_977859995.1_R-IZA-047-YP	GCA_977859995.1_GCA_977859995.1_R-IZA-047-YP_uncompressed	chromosome	-	-	CDWHOZ010000161.1 Escherichia coli isolate R-IZA-047-YP genome assembly, contig: NODE_161_covk_18.873243_covr_69.830_cutoff_34, whole genome shotgun sequence	3657	0.5929153781276356	724e4d90ca70aa773c0643aa5f0980e1	incomplete	-	-	-	-	-	-	-	-	-	-	-	-	-	-	-
GCA_977859995.1_GCA_977859995.1_R-IZA-047-YP	GCA_977859995.1_GCA_977859995.1_R-IZA-047-YP_uncompressed	chromosome	-	-	CDWHOZ010000162.1 Escherichia coli isolate R-IZA-047-YP genome assembly, contig: NODE_162_covk_6.597210_covr_20.699_cutoff_34, whole genome shotgun sequence	3612	0.42386489479512734	b83134ad58acb990075a4433246aec36	incomplete	-	-	-	-	-	-	-	-	-	-	-	-	-	-	-
GCA_977859995.1_GCA_977859995.1_R-IZA-047-YP	GCA_977859995.1_GCA_977859995.1_R-IZA-047-YP_uncompressed	chromosome	-	-	CDWHOZ010000163.1 Escherichia coli isolate R-IZA-047-YP genome assembly, contig: NODE_163_covk_8.683101_covr_26.668_cutoff_34, whole genome shotgun sequence	3608	0.4659090909090909	889940968efdb8c860c144b8fd95efc0	incomplete	-	-	-	-	-	-	-	-	-	-	-	-	-	-	-
GCA_977859995.1_GCA_977859995.1_R-IZA-047-YP	GCA_977859995.1_GCA_977859995.1_R-IZA-047-YP_uncompressed	chromosome	-	-	CDWHOZ010000164.1 Escherichia coli isolate R-IZA-047-YP genome assembly, contig: NODE_164_covk_21.137180_covr_62.669_cutoff_34, whole genome shotgun sequence	3496	0.6189931350114416	fb6f57b532cdcf4211784b3980ba1cd7	incomplete	-	-	-	-	-	-	-	-	-	-	-	-	CP001182,KC964606	IS15,ISCARN103	repetitve element
GCA_977859995.1_GCA_977859995.1_R-IZA-047-YP	GCA_977859995.1_GCA_977859995.1_R-IZA-047-YP_uncompressed	chromosome	-	-	CDWHOZ010000165.1 Escherichia coli isolate R-IZA-047-YP genome assembly, contig: NODE_165_covk_4.030585_covr_12.719_cutoff_34, whole genome shotgun sequence	3434	0.43564356435643564	9fe209eddcbf80d97928c43c62a211bc	incomplete	-	-	-	-	-	-	-	-	-	-	-	-	-	-	-
GCA_977859995.1_GCA_977859995.1_R-IZA-047-YP	GCA_977859995.1_GCA_977859995.1_R-IZA-047-YP_uncompressed	chromosome	-	-	CDWHOZ010000166.1 Escherichia coli isolate R-IZA-047-YP genome assembly, contig: NODE_166_covk_8.213080_covr_29.213_cutoff_34, whole genome shotgun sequence	3356	0.4627532777115614	afc2aa808afcf5e3bc81731a72b59fd2	incomplete	-	-	-	-	-	-	-	-	-	-	-	-	-	-	-
GCA_977859995.1_GCA_977859995.1_R-IZA-047-YP	GCA_977859995.1_GCA_977859995.1_R-IZA-047-YP_uncompressed	plasmid	AA326	-	CDWHOZ010000167.1 Escherichia coli isolate R-IZA-047-YP genome assembly, contig: NODE_167_covk_5.038708_covr_15.517_cutoff_34, whole genome shotgun sequence	3225	0.3916279069767442	ec0a09fda7d72f5da3ea723668fc259b	incomplete	-	-	-	-	-	-	-	-	-	CP035337	0.0287714	Escherichia coli	KU551336,KT777642	IS10L,ISShdy2	repetitve element
GCA_977859995.1_GCA_977859995.1_R-IZA-047-YP	GCA_977859995.1_GCA_977859995.1_R-IZA-047-YP_uncompressed	chromosome	-	-	CDWHOZ010000168.1 Escherichia coli isolate R-IZA-047-YP genome assembly, contig: NODE_168_covk_12.996777_covr_39.628_cutoff_34, whole genome shotgun sequence	3202	0.40068707058088693	bc34c5ab0dccefe3da7635469f67e737	incomplete	-	-	-	-	-	-	-	-	-	-	-	-	-	-	-
GCA_977859995.1_GCA_977859995.1_R-IZA-047-YP	GCA_977859995.1_GCA_977859995.1_R-IZA-047-YP_uncompressed	plasmid	AD097	-	CDWHOZ010000169.1 Escherichia coli isolate R-IZA-047-YP genome assembly, contig: NODE_169_covk_19.403556_covr_54.674_cutoff_34, whole genome shotgun sequence	3080	0.3847402597402597	2200cc80baf56ad9b0972b999d3b1986	incomplete	-	-	-	-	-	-	-	-	-	MF422120	0.0552118	Escherichia coli	-	-	-
GCA_977859995.1_GCA_977859995.1_R-IZA-047-YP	GCA_977859995.1_GCA_977859995.1_R-IZA-047-YP_uncompressed	plasmid	AA326	-	CDWHOZ010000170.1 Escherichia coli isolate R-IZA-047-YP genome assembly, contig: NODE_170_covk_8.966959_covr_28.087_cutoff_34, whole genome shotgun sequence	3065	0.48874388254486134	000e154c739814feb71853007d494588	incomplete	-	-	-	-	-	-	-	-	-	CP035337	0.0287714	Escherichia coli	-	-	-
GCA_977859995.1_GCA_977859995.1_R-IZA-047-YP	GCA_977859995.1_GCA_977859995.1_R-IZA-047-YP_uncompressed	chromosome	-	-	CDWHOZ010000171.1 Escherichia coli isolate R-IZA-047-YP genome assembly, contig: NODE_171_covk_6.962239_covr_21.314_cutoff_34, whole genome shotgun sequence	3065	0.42185970636215336	1dda8c546d7821bc1c46ef7300b69457	incomplete	-	-	-	-	-	-	-	-	-	-	-	-	-	-	-
GCA_977859995.1_GCA_977859995.1_R-IZA-047-YP	GCA_977859995.1_GCA_977859995.1_R-IZA-047-YP_uncompressed	chromosome	-	-	CDWHOZ010000172.1 Escherichia coli isolate R-IZA-047-YP genome assembly, contig: NODE_172_covk_6.226644_covr_19.234_cutoff_34, whole genome shotgun sequence	3064	0.47845953002610964	ce2b57b9d0fcaa2a9e55e133d472635b	incomplete	-	-	-	-	-	-	-	-	-	-	-	-	-	-	-
GCA_977859995.1_GCA_977859995.1_R-IZA-047-YP	GCA_977859995.1_GCA_977859995.1_R-IZA-047-YP_uncompressed	chromosome	-	-	CDWHOZ010000173.1 Escherichia coli isolate R-IZA-047-YP genome assembly, contig: NODE_173_covk_21.510392_covr_63.487_cutoff_34, whole genome shotgun sequence	3034	0.47066578773895845	1248de83f0fe7f02be7da18edbc8b748	incomplete	-	-	-	-	-	-	-	-	-	-	-	-	-	-	-
GCA_977859995.1_GCA_977859995.1_R-IZA-047-YP	GCA_977859995.1_GCA_977859995.1_R-IZA-047-YP_uncompressed	chromosome	-	-	CDWHOZ010000174.1 Escherichia coli isolate R-IZA-047-YP genome assembly, contig: NODE_174_covk_6.128030_covr_18.542_cutoff_34, whole genome shotgun sequence	3028	0.4494715984147952	f1ca5f2f677c5448084c3678b804c7d9	incomplete	-	-	-	-	-	-	-	-	-	-	-	-	-	-	-
GCA_977859995.1_GCA_977859995.1_R-IZA-047-YP	GCA_977859995.1_GCA_977859995.1_R-IZA-047-YP_uncompressed	chromosome	-	-	CDWHOZ010000175.1 Escherichia coli isolate R-IZA-047-YP genome assembly, contig: NODE_175_covk_21.306959_covr_58.284_cutoff_34, whole genome shotgun sequence	2930	0.49146757679180886	3199984311654ad7d348c9a01d04f683	incomplete	-	-	-	-	-	-	-	-	-	-	-	-	-	-	-
GCA_977859995.1_GCA_977859995.1_R-IZA-047-YP	GCA_977859995.1_GCA_977859995.1_R-IZA-047-YP_uncompressed	chromosome	-	-	CDWHOZ010000176.1 Escherichia coli isolate R-IZA-047-YP genome assembly, contig: NODE_176_covk_6.349325_covr_19.782_cutoff_34, whole genome shotgun sequence	2767	0.5294542826165523	0e401bb88fa971b84c1a8f7e31316a9c	incomplete	-	-	-	-	-	-	-	-	-	-	-	-	-	-	-
GCA_977859995.1_GCA_977859995.1_R-IZA-047-YP	GCA_977859995.1_GCA_977859995.1_R-IZA-047-YP_uncompressed	chromosome	-	-	CDWHOZ010000177.1 Escherichia coli isolate R-IZA-047-YP genome assembly, contig: NODE_177_covk_4.915038_covr_14.647_cutoff_34, whole genome shotgun sequence	2759	0.4034070315331642	c5d2c5ba8d7d596b41fd7c5ea937d0da	incomplete	-	-	-	-	-	-	-	-	-	-	-	-	-	-	-
GCA_977859995.1_GCA_977859995.1_R-IZA-047-YP	GCA_977859995.1_GCA_977859995.1_R-IZA-047-YP_uncompressed	chromosome	-	-	CDWHOZ010000178.1 Escherichia coli isolate R-IZA-047-YP genome assembly, contig: NODE_178_covk_3.608052_covr_11.141_cutoff_34, whole genome shotgun sequence	2732	0.3528550512445095	b2933218db1749a181aae6ebe101050c	incomplete	-	-	-	-	-	-	-	-	-	-	-	-	-	-	-
GCA_977859995.1_GCA_977859995.1_R-IZA-047-YP	GCA_977859995.1_GCA_977859995.1_R-IZA-047-YP_uncompressed	plasmid	AC305	AL438	CDWHOZ010000179.1 Escherichia coli isolate R-IZA-047-YP genome assembly, contig: NODE_179_covk_21.943208_covr_61.810_cutoff_34, whole genome shotgun sequence	2705	0.6502772643253235	d3032e76814a422518b2c80e6dc119ba	incomplete	-	-	-	-	-	-	-	-	-	KU254580	0.0110444	Escherichia coli	KC543497	ISPa40	repetitve element
GCA_977859995.1_GCA_977859995.1_R-IZA-047-YP	GCA_977859995.1_GCA_977859995.1_R-IZA-047-YP_uncompressed	chromosome	-	-	CDWHOZ010000180.1 Escherichia coli isolate R-IZA-047-YP genome assembly, contig: NODE_180_covk_20.254863_covr_57.100_cutoff_34, whole genome shotgun sequence	2618	0.45989304812834225	a07eb78cf888bbb72799f2467fb97ae8	incomplete	-	-	-	-	-	-	-	-	-	-	-	-	-	-	-
GCA_977859995.1_GCA_977859995.1_R-IZA-047-YP	GCA_977859995.1_GCA_977859995.1_R-IZA-047-YP_uncompressed	plasmid	AA378	AI376	CDWHOZ010000181.1 Escherichia coli isolate R-IZA-047-YP genome assembly, contig: NODE_181_covk_7.950965_covr_24.670_cutoff_34, whole genome shotgun sequence	2587	0.4530344027831465	1ee9d1e56f74135ebe9bdf4f7d506be8	incomplete	-	-	-	-	-	-	-	-	-	CP041922	0.00296902	Escherichia coli	-	-	-
GCA_977859995.1_GCA_977859995.1_R-IZA-047-YP	GCA_977859995.1_GCA_977859995.1_R-IZA-047-YP_uncompressed	chromosome	-	-	CDWHOZ010000182.1 Escherichia coli isolate R-IZA-047-YP genome assembly, contig: NODE_182_covk_14.881212_covr_45.245_cutoff_34, whole genome shotgun sequence	2574	0.41297591297591296	acf69742b875fc96d17d2cc757e767e0	incomplete	-	-	-	-	-	-	-	-	-	-	-	-	-	-	-
GCA_977859995.1_GCA_977859995.1_R-IZA-047-YP	GCA_977859995.1_GCA_977859995.1_R-IZA-047-YP_uncompressed	chromosome	-	-	CDWHOZ010000183.1 Escherichia coli isolate R-IZA-047-YP genome assembly, contig: NODE_183_covk_7.360783_covr_22.704_cutoff_34, whole genome shotgun sequence	2552	0.4815830721003135	3ea9b80552d117c4476f12a4ab2bdda6	incomplete	-	-	-	-	-	-	-	-	-	-	-	-	-	-	-
GCA_977859995.1_GCA_977859995.1_R-IZA-047-YP	GCA_977859995.1_GCA_977859995.1_R-IZA-047-YP_uncompressed	chromosome	-	-	CDWHOZ010000184.1 Escherichia coli isolate R-IZA-047-YP genome assembly, contig: NODE_184_covk_2.140351_covr_6.355_cutoff_34, whole genome shotgun sequence	2550	0.3380392156862745	a9ec6edaad2d250524a47a23fec78fd1	incomplete	-	-	-	-	-	-	-	-	-	-	-	-	-	-	-
GCA_977859995.1_GCA_977859995.1_R-IZA-047-YP	GCA_977859995.1_GCA_977859995.1_R-IZA-047-YP_uncompressed	chromosome	-	-	CDWHOZ010000185.1 Escherichia coli isolate R-IZA-047-YP genome assembly, contig: NODE_185_covk_14.316440_covr_40.782_cutoff_34, whole genome shotgun sequence	2526	0.3756927949326999	9f21f5a59481f83d4eaf0a3290ea8081	incomplete	-	-	-	-	-	-	-	-	-	-	-	-	-	-	-
GCA_977859995.1_GCA_977859995.1_R-IZA-047-YP	GCA_977859995.1_GCA_977859995.1_R-IZA-047-YP_uncompressed	chromosome	-	-	CDWHOZ010000186.1 Escherichia coli isolate R-IZA-047-YP genome assembly, contig: NODE_186_covk_17.262652_covr_48.193_cutoff_34, whole genome shotgun sequence	2490	0.42730923694779116	5ae604d5b5a51457ad9a88f73970b7eb	incomplete	-	-	-	-	-	-	-	-	-	-	-	-	-	-	-
GCA_977859995.1_GCA_977859995.1_R-IZA-047-YP	GCA_977859995.1_GCA_977859995.1_R-IZA-047-YP_uncompressed	chromosome	-	-	CDWHOZ010000187.1 Escherichia coli isolate R-IZA-047-YP genome assembly, contig: NODE_187_covk_6.237744_covr_19.071_cutoff_34, whole genome shotgun sequence	2404	0.46713810316139764	15cab60fbb3a9173a27a48b1bf469df7	incomplete	-	-	-	-	-	-	-	-	-	-	-	-	-	-	-
GCA_977859995.1_GCA_977859995.1_R-IZA-047-YP	GCA_977859995.1_GCA_977859995.1_R-IZA-047-YP_uncompressed	plasmid	AC305	AL438	CDWHOZ010000188.1 Escherichia coli isolate R-IZA-047-YP genome assembly, contig: NODE_188_covk_22.169678_covr_62.041_cutoff_34, whole genome shotgun sequence	2368	0.44003378378378377	f8939a2a54b892a723703272fcdacf7c	incomplete	-	-	-	-	-	-	-	-	-	KU254580	0.0110444	Escherichia coli	-	-	-
GCA_977859995.1_GCA_977859995.1_R-IZA-047-YP	GCA_977859995.1_GCA_977859995.1_R-IZA-047-YP_uncompressed	chromosome	-	-	CDWHOZ010000189.1 Escherichia coli isolate R-IZA-047-YP genome assembly, contig: NODE_189_covk_7.445252_covr_22.930_cutoff_34, whole genome shotgun sequence	2300	0.4852173913043478	04ef7b16827e25d0b52d82bf8a89108c	incomplete	-	-	-	-	-	-	-	-	-	-	-	-	-	-	-
GCA_977859995.1_GCA_977859995.1_R-IZA-047-YP	GCA_977859995.1_GCA_977859995.1_R-IZA-047-YP_uncompressed	chromosome	-	-	CDWHOZ010000190.1 Escherichia coli isolate R-IZA-047-YP genome assembly, contig: NODE_190_covk_1.845625_covr_5.681_cutoff_34, whole genome shotgun sequence	2282	0.34574934268185803	af0fac12a4ed02f2c04618e6c51c647e	incomplete	-	-	-	-	-	-	-	-	-	-	-	-	-	-	-
GCA_977859995.1_GCA_977859995.1_R-IZA-047-YP	GCA_977859995.1_GCA_977859995.1_R-IZA-047-YP_uncompressed	plasmid	novel_3c68837dfe720bc64e8fb01e0f467e87	-	CDWHOZ010000191.1 Escherichia coli isolate R-IZA-047-YP genome assembly, contig: NODE_191_covk_4.203875_covr_13.367_cutoff_34, whole genome shotgun sequence	2267	0.6462284958094398	456bfaacf0a141a81540cd4bac719698	incomplete	-	-	-	-	-	-	-	-	-	CP021937	0.0600659	Escherichia coli	KX646543,LT630458	ISAba43,ISVch4	repetitve element
GCA_977859995.1_GCA_977859995.1_R-IZA-047-YP	GCA_977859995.1_GCA_977859995.1_R-IZA-047-YP_uncompressed	chromosome	-	-	CDWHOZ010000192.1 Escherichia coli isolate R-IZA-047-YP genome assembly, contig: NODE_192_covk_6.003709_covr_18.044_cutoff_34, whole genome shotgun sequence	2256	0.4587765957446808	96d1b71e27300950b530cec1d4c868c7	incomplete	-	-	-	-	-	-	-	-	-	-	-	-	-	-	-
GCA_977859995.1_GCA_977859995.1_R-IZA-047-YP	GCA_977859995.1_GCA_977859995.1_R-IZA-047-YP_uncompressed	plasmid	AC748	AM073	CDWHOZ010000193.1 Escherichia coli isolate R-IZA-047-YP genome assembly, contig: NODE_193_covk_22.172253_covr_61.288_cutoff_34, whole genome shotgun sequence	2247	0.46239430351579885	e902485ed214db6e858aecac59a3463c	circular	Col(BS512)	NC_010656	-	-	-	-	-	-	-	CP030115	0.000409992	Escherichia coli	-	-	-
GCA_977859995.1_GCA_977859995.1_R-IZA-047-YP	GCA_977859995.1_GCA_977859995.1_R-IZA-047-YP_uncompressed	chromosome	-	-	CDWHOZ010000194.1 Escherichia coli isolate R-IZA-047-YP genome assembly, contig: NODE_194_covk_8.537098_covr_25.355_cutoff_34, whole genome shotgun sequence	2242	0.5254237288135594	74b113bf7a3fb65d761a00ce2acadd6a	incomplete	-	-	-	-	-	-	-	-	-	-	-	-	-	-	-
GCA_977859995.1_GCA_977859995.1_R-IZA-047-YP	GCA_977859995.1_GCA_977859995.1_R-IZA-047-YP_uncompressed	plasmid	AA378	AI376	CDWHOZ010000195.1 Escherichia coli isolate R-IZA-047-YP genome assembly, contig: NODE_195_covk_9.662417_covr_27.722_cutoff_34, whole genome shotgun sequence	2217	0.38836265223274696	a483c8be2452cd321c9165aa4f7d2708	incomplete	-	-	-	-	-	-	-	-	-	CP041922	0.00296902	Escherichia coli	-	-	-
GCA_977859995.1_GCA_977859995.1_R-IZA-047-YP	GCA_977859995.1_GCA_977859995.1_R-IZA-047-YP_uncompressed	chromosome	-	-	CDWHOZ010000196.1 Escherichia coli isolate R-IZA-047-YP genome assembly, contig: NODE_196_covk_7.858463_covr_23.951_cutoff_34, whole genome shotgun sequence	2155	0.47703016241299306	84de44d1db493b198979e1cf45a7ac2f	incomplete	-	-	-	-	-	-	-	-	-	-	-	-	-	-	-
GCA_977859995.1_GCA_977859995.1_R-IZA-047-YP	GCA_977859995.1_GCA_977859995.1_R-IZA-047-YP_uncompressed	plasmid	AD167	AM623	CDWHOZ010000197.1 Escherichia coli isolate R-IZA-047-YP genome assembly, contig: NODE_197_covk_20.151378_covr_56.309_cutoff_34, whole genome shotgun sequence	2094	0.3729703915950334	2b55d6487dbbfd0ca81ad581da517688	incomplete	-	-	-	-	-	-	-	-	-	CP042340	0.0037263	Escherichia coli	-	-	-
GCA_977859995.1_GCA_977859995.1_R-IZA-047-YP	GCA_977859995.1_GCA_977859995.1_R-IZA-047-YP_uncompressed	chromosome	-	-	CDWHOZ010000198.1 Escherichia coli isolate R-IZA-047-YP genome assembly, contig: NODE_198_covk_5.049271_covr_14.815_cutoff_34, whole genome shotgun sequence	2088	0.3654214559386973	740ae772f0566180f2294681e7efc1ec	incomplete	-	-	-	-	-	-	-	-	-	-	-	-	-	-	-
GCA_977859995.1_GCA_977859995.1_R-IZA-047-YP	GCA_977859995.1_GCA_977859995.1_R-IZA-047-YP_uncompressed	chromosome	-	-	CDWHOZ010000199.1 Escherichia coli isolate R-IZA-047-YP genome assembly, contig: NODE_199_covk_12.549622_covr_37.444_cutoff_34, whole genome shotgun sequence	2084	0.41794625719769674	07fd246b89ecadab88b922ba05c55704	incomplete	-	-	-	-	-	-	-	-	-	-	-	-	-	-	-
GCA_977859995.1_GCA_977859995.1_R-IZA-047-YP	GCA_977859995.1_GCA_977859995.1_R-IZA-047-YP_uncompressed	chromosome	-	-	CDWHOZ010000200.1 Escherichia coli isolate R-IZA-047-YP genome assembly, contig: NODE_200_covk_6.750635_covr_19.676_cutoff_34, whole genome shotgun sequence	2068	0.3829787234042553	fbb797df2757291608f08d0c2df06ab5	incomplete	-	-	-	-	-	-	-	-	-	-	-	-	-	-	-
GCA_977859995.1_GCA_977859995.1_R-IZA-047-YP	GCA_977859995.1_GCA_977859995.1_R-IZA-047-YP_uncompressed	plasmid	AA326	-	CDWHOZ010000201.1 Escherichia coli isolate R-IZA-047-YP genome assembly, contig: NODE_201_covk_21.710295_covr_60.404_cutoff_34, whole genome shotgun sequence	2032	0.5654527559055118	0b003e471d912119287ada9cc38cf7c6	incomplete	-	-	-	-	-	-	-	-	-	CP035337	0.0287714	Escherichia coli	AP010953	ISCro1	repetitve element
GCA_977859995.1_GCA_977859995.1_R-IZA-047-YP	GCA_977859995.1_GCA_977859995.1_R-IZA-047-YP_uncompressed	chromosome	-	-	CDWHOZ010000202.1 Escherichia coli isolate R-IZA-047-YP genome assembly, contig: NODE_202_covk_17.618210_covr_58.328_cutoff_34, whole genome shotgun sequence	2032	0.5231299212598425	aff964778fee80b3ca623151ee69dbc8	incomplete	-	-	-	-	-	-	-	-	-	-	-	-	-	-	-
GCA_977859995.1_GCA_977859995.1_R-IZA-047-YP	GCA_977859995.1_GCA_977859995.1_R-IZA-047-YP_uncompressed	chromosome	-	-	CDWHOZ010000203.1 Escherichia coli isolate R-IZA-047-YP genome assembly, contig: NODE_203_covk_22.195312_covr_65.181_cutoff_34, whole genome shotgun sequence	2019	0.5146111936602278	1bcd723a9fbfe871eb7188bfe456455d	incomplete	-	-	-	-	-	-	-	-	-	-	-	-	-	-	-
GCA_977859995.1_GCA_977859995.1_R-IZA-047-YP	GCA_977859995.1_GCA_977859995.1_R-IZA-047-YP_uncompressed	chromosome	-	-	CDWHOZ010000204.1 Escherichia coli isolate R-IZA-047-YP genome assembly, contig: NODE_204_covk_16.087774_covr_45.964_cutoff_34, whole genome shotgun sequence	2013	0.4868355688027819	daa18f8466f63082ce03af416973c6fc	incomplete	-	-	-	-	-	-	-	-	-	-	-	-	-	-	-
GCA_977859995.1_GCA_977859995.1_R-IZA-047-YP	GCA_977859995.1_GCA_977859995.1_R-IZA-047-YP_uncompressed	chromosome	-	-	CDWHOZ010000205.1 Escherichia coli isolate R-IZA-047-YP genome assembly, contig: NODE_205_covk_18.821653_covr_56.587_cutoff_34, whole genome shotgun sequence	2011	0.5256091496767777	a217298b0f0c9b517afe2bf06a08e207	incomplete	-	-	-	-	-	-	-	-	-	-	-	-	-	-	-
GCA_977859995.1_GCA_977859995.1_R-IZA-047-YP	GCA_977859995.1_GCA_977859995.1_R-IZA-047-YP_uncompressed	chromosome	-	-	CDWHOZ010000206.1 Escherichia coli isolate R-IZA-047-YP genome assembly, contig: NODE_206_covk_4.895197_covr_17.336_cutoff_34, whole genome shotgun sequence	1931	0.476954945624029	91d7f4696b68b5f40d24aad64e71b16f	incomplete	-	-	-	-	-	-	-	-	-	-	-	-	-	-	-
GCA_977859995.1_GCA_977859995.1_R-IZA-047-YP	GCA_977859995.1_GCA_977859995.1_R-IZA-047-YP_uncompressed	chromosome	-	-	CDWHOZ010000207.1 Escherichia coli isolate R-IZA-047-YP genome assembly, contig: NODE_207_covk_5.568542_covr_16.852_cutoff_34, whole genome shotgun sequence	1930	0.4274611398963731	37e308fee1ab7bca121ba3b3f1840aab	incomplete	-	-	-	-	-	-	-	-	-	-	-	-	-	-	-
GCA_977859995.1_GCA_977859995.1_R-IZA-047-YP	GCA_977859995.1_GCA_977859995.1_R-IZA-047-YP_uncompressed	plasmid	AD097	-	CDWHOZ010000208.1 Escherichia coli isolate R-IZA-047-YP genome assembly, contig: NODE_208_covk_14.023090_covr_53.551_cutoff_34, whole genome shotgun sequence	1918	0.5495307612095933	11d140138d439f81bcc804d8bb9c0305	incomplete	-	-	-	-	-	-	-	-	-	MF422120	0.0552118	Escherichia coli	-	-	-
GCA_977859995.1_GCA_977859995.1_R-IZA-047-YP	GCA_977859995.1_GCA_977859995.1_R-IZA-047-YP_uncompressed	chromosome	-	-	CDWHOZ010000209.1 Escherichia coli isolate R-IZA-047-YP genome assembly, contig: NODE_209_covk_7.857536_covr_23.764_cutoff_34, whole genome shotgun sequence	1917	0.45748565466875324	03983a98fb27d33f2651fa38a7bc9af3	incomplete	-	-	-	-	-	-	-	-	-	-	-	-	-	-	-
GCA_977859995.1_GCA_977859995.1_R-IZA-047-YP	GCA_977859995.1_GCA_977859995.1_R-IZA-047-YP_uncompressed	chromosome	-	-	CDWHOZ010000210.1 Escherichia coli isolate R-IZA-047-YP genome assembly, contig: NODE_210_covk_10.241918_covr_47.705_cutoff_34, whole genome shotgun sequence	1893	0.5330163761225568	bc8b3cf46365e8ad726678df0e4efed1	incomplete	-	-	-	-	-	-	-	-	-	-	-	-	-	-	-
GCA_977859995.1_GCA_977859995.1_R-IZA-047-YP	GCA_977859995.1_GCA_977859995.1_R-IZA-047-YP_uncompressed	chromosome	-	-	CDWHOZ010000211.1 Escherichia coli isolate R-IZA-047-YP genome assembly, contig: NODE_211_covk_3.123879_covr_10.791_cutoff_34, whole genome shotgun sequence	1883	0.3712161444503452	ba3f0b8f1d64308c14f9803eaa274205	incomplete	-	-	-	-	-	-	-	-	-	-	-	-	-	-	-
GCA_977859995.1_GCA_977859995.1_R-IZA-047-YP	GCA_977859995.1_GCA_977859995.1_R-IZA-047-YP_uncompressed	chromosome	-	-	CDWHOZ010000212.1 Escherichia coli isolate R-IZA-047-YP genome assembly, contig: NODE_212_covk_8.072391_covr_25.650_cutoff_34, whole genome shotgun sequence	1881	0.5013290802764487	3f1638d330aec97dc5dfb1ebbf3fbe10	incomplete	-	-	-	-	-	-	-	-	-	-	-	-	-	-	-
GCA_977859995.1_GCA_977859995.1_R-IZA-047-YP	GCA_977859995.1_GCA_977859995.1_R-IZA-047-YP_uncompressed	chromosome	-	-	CDWHOZ010000213.1 Escherichia coli isolate R-IZA-047-YP genome assembly, contig: NODE_213_covk_3.470085_covr_12.719_cutoff_34, whole genome shotgun sequence	1854	0.4174757281553398	fbb9c0c85c5ed1c015d5a8914fdd6aa8	incomplete	-	-	-	-	-	-	-	-	-	-	-	-	-	-	-
GCA_977859995.1_GCA_977859995.1_R-IZA-047-YP	GCA_977859995.1_GCA_977859995.1_R-IZA-047-YP_uncompressed	plasmid	AB237	AJ935	CDWHOZ010000214.1 Escherichia coli isolate R-IZA-047-YP genome assembly, contig: NODE_214_covk_22.431350_covr_61.641_cutoff_34, whole genome shotgun sequence	1847	0.5739036275040607	68b2b21218eb1b711e9b9c8f014ff6e1	circular	ColpVC	JX133088	-	-	-	-	-	-	-	CP041121	0.00319852	Escherichia coli	-	-	-
GCA_977859995.1_GCA_977859995.1_R-IZA-047-YP	GCA_977859995.1_GCA_977859995.1_R-IZA-047-YP_uncompressed	chromosome	-	-	CDWHOZ010000215.1 Escherichia coli isolate R-IZA-047-YP genome assembly, contig: NODE_215_covk_18.912371_covr_64.227_cutoff_34, whole genome shotgun sequence	1845	0.5734417344173441	cc9064c79c76c91f0a615f5d8a638120	incomplete	-	-	-	-	-	-	-	-	-	-	-	-	-	-	-
GCA_977859995.1_GCA_977859995.1_R-IZA-047-YP	GCA_977859995.1_GCA_977859995.1_R-IZA-047-YP_uncompressed	chromosome	-	-	CDWHOZ010000216.1 Escherichia coli isolate R-IZA-047-YP genome assembly, contig: NODE_216_covk_2.920235_covr_8.494_cutoff_34, whole genome shotgun sequence	1804	0.34146341463414637	79dab6e9d20e5b77f9a97c2a277a225b	incomplete	-	-	-	-	-	-	-	-	-	-	-	-	-	-	-
GCA_977859995.1_GCA_977859995.1_R-IZA-047-YP	GCA_977859995.1_GCA_977859995.1_R-IZA-047-YP_uncompressed	plasmid	AA326	-	CDWHOZ010000217.1 Escherichia coli isolate R-IZA-047-YP genome assembly, contig: NODE_217_covk_23.639597_covr_65.511_cutoff_34, whole genome shotgun sequence	1786	0.6539753639417694	7f07ba3bfa832de51047b97bc83e3994	incomplete	-	-	-	-	-	-	-	-	-	CP035337	0.0287714	Escherichia coli	MF805806,CP001182,JF274989,MF168946,KC543497,JQ899055,CP022426	IS1006,IS15,ISCsp2,ISMca2,ISPa40,Tn3,TnAs1	repetitve element
GCA_977859995.1_GCA_977859995.1_R-IZA-047-YP	GCA_977859995.1_GCA_977859995.1_R-IZA-047-YP_uncompressed	chromosome	-	-	CDWHOZ010000218.1 Escherichia coli isolate R-IZA-047-YP genome assembly, contig: NODE_218_covk_14.487923_covr_38.037_cutoff_34, whole genome shotgun sequence	1755	0.5566951566951567	00bb6512c30d26d0584f6a910c0b2313	incomplete	-	-	-	-	-	-	-	-	-	-	-	-	-	-	-
GCA_977859995.1_GCA_977859995.1_R-IZA-047-YP	GCA_977859995.1_GCA_977859995.1_R-IZA-047-YP_uncompressed	chromosome	-	-	CDWHOZ010000219.1 Escherichia coli isolate R-IZA-047-YP genome assembly, contig: NODE_219_covk_8.078134_covr_26.100_cutoff_34, whole genome shotgun sequence	1750	0.468	3717dfb294e7728fe9f2b27a417a2886	incomplete	-	-	-	-	-	-	-	-	-	-	-	-	-	-	-
GCA_977859995.1_GCA_977859995.1_R-IZA-047-YP	GCA_977859995.1_GCA_977859995.1_R-IZA-047-YP_uncompressed	chromosome	-	-	CDWHOZ010000220.1 Escherichia coli isolate R-IZA-047-YP genome assembly, contig: NODE_220_covk_8.642462_covr_24.270_cutoff_34, whole genome shotgun sequence	1724	0.5104408352668214	be03e669acf0bec1f519aa620dea6655	incomplete	-	-	-	-	-	-	-	-	-	-	-	-	-	-	-
GCA_977859995.1_GCA_977859995.1_R-IZA-047-YP	GCA_977859995.1_GCA_977859995.1_R-IZA-047-YP_uncompressed	chromosome	-	-	CDWHOZ010000221.1 Escherichia coli isolate R-IZA-047-YP genome assembly, contig: NODE_221_covk_4.766626_covr_14.586_cutoff_34, whole genome shotgun sequence	1723	0.4497968659315148	256a5399110c9326aa99cdb27cf807cc	incomplete	-	-	-	-	-	-	-	-	-	-	-	-	-	-	-
GCA_977859995.1_GCA_977859995.1_R-IZA-047-YP	GCA_977859995.1_GCA_977859995.1_R-IZA-047-YP_uncompressed	chromosome	-	-	CDWHOZ010000222.1 Escherichia coli isolate R-IZA-047-YP genome assembly, contig: NODE_222_covk_5.878294_covr_18.615_cutoff_34, whole genome shotgun sequence	1693	0.4400472533963379	ee2be308baa0422ca954f8ea4d338724	incomplete	-	-	-	-	-	-	-	-	-	-	-	-	-	-	-
GCA_977859995.1_GCA_977859995.1_R-IZA-047-YP	GCA_977859995.1_GCA_977859995.1_R-IZA-047-YP_uncompressed	chromosome	-	-	CDWHOZ010000223.1 Escherichia coli isolate R-IZA-047-YP genome assembly, contig: NODE_223_covk_21.220542_covr_58.001_cutoff_34, whole genome shotgun sequence	1686	0.4679715302491103	67baac472e38e24815df9e804efe2fb1	incomplete	-	-	-	-	-	-	-	-	-	-	-	-	-	-	-
GCA_977859995.1_GCA_977859995.1_R-IZA-047-YP	GCA_977859995.1_GCA_977859995.1_R-IZA-047-YP_uncompressed	chromosome	-	-	CDWHOZ010000224.1 Escherichia coli isolate R-IZA-047-YP genome assembly, contig: NODE_224_covk_18.350542_covr_49.906_cutoff_34, whole genome shotgun sequence	1668	0.45323741007194246	44e16760aca8ea9cc1022b8172523350	incomplete	-	-	-	-	-	-	-	-	-	-	-	-	-	-	-
GCA_977859995.1_GCA_977859995.1_R-IZA-047-YP	GCA_977859995.1_GCA_977859995.1_R-IZA-047-YP_uncompressed	chromosome	-	-	CDWHOZ010000225.1 Escherichia coli isolate R-IZA-047-YP genome assembly, contig: NODE_225_covk_5.893427_covr_18.007_cutoff_34, whole genome shotgun sequence	1666	0.4297719087635054	152df2b75e341debe47f0af227dd3ec0	incomplete	-	-	-	-	-	-	-	-	-	-	-	-	-	-	-
GCA_977859995.1_GCA_977859995.1_R-IZA-047-YP	GCA_977859995.1_GCA_977859995.1_R-IZA-047-YP_uncompressed	chromosome	-	-	CDWHOZ010000226.1 Escherichia coli isolate R-IZA-047-YP genome assembly, contig: NODE_226_covk_4.060858_covr_12.176_cutoff_34, whole genome shotgun sequence	1660	0.38734939759036147	5bff694782cc9c0e2da5ca2d7682436f	incomplete	-	-	-	-	-	-	-	-	-	-	-	-	-	-	-
GCA_977859995.1_GCA_977859995.1_R-IZA-047-YP	GCA_977859995.1_GCA_977859995.1_R-IZA-047-YP_uncompressed	plasmid	novel_3c68837dfe720bc64e8fb01e0f467e87	-	CDWHOZ010000227.1 Escherichia coli isolate R-IZA-047-YP genome assembly, contig: NODE_227_covk_1.735825_covr_5.196_cutoff_34, whole genome shotgun sequence	1651	0.3319200484554815	dc104630cde0968eba6cb4ad260cee72	incomplete	-	-	-	-	-	-	-	-	-	CP021937	0.0600659	Escherichia coli	KX646543	ISAba43	repetitve element
GCA_977859995.1_GCA_977859995.1_R-IZA-047-YP	GCA_977859995.1_GCA_977859995.1_R-IZA-047-YP_uncompressed	plasmid	AB685	AK562	CDWHOZ010000228.1 Escherichia coli isolate R-IZA-047-YP genome assembly, contig: NODE_228_covk_23.096191_covr_62.480_cutoff_34, whole genome shotgun sequence	1648	0.5169902912621359	378a75861e656ecfc9a9beda77d1647e	circular	Col(MG828)	NC_008486	-	-	-	-	MOBP,MOB_unknown	CP001386,GQ900404	-	CP003038	0.00157453	Escherichia coli O7:K1 str. CE10	-	-	-
GCA_977859995.1_GCA_977859995.1_R-IZA-047-YP	GCA_977859995.1_GCA_977859995.1_R-IZA-047-YP_uncompressed	chromosome	-	-	CDWHOZ010000229.1 Escherichia coli isolate R-IZA-047-YP genome assembly, contig: NODE_229_covk_9.293351_covr_28.389_cutoff_34, whole genome shotgun sequence	1633	0.5248009797917943	37c809ad6ab0b3b5c35151a5c3401fba	incomplete	-	-	-	-	-	-	-	-	-	-	-	-	-	-	-
GCA_977859995.1_GCA_977859995.1_R-IZA-047-YP	GCA_977859995.1_GCA_977859995.1_R-IZA-047-YP_uncompressed	chromosome	-	-	CDWHOZ010000230.1 Escherichia coli isolate R-IZA-047-YP genome assembly, contig: NODE_230_covk_20.224490_covr_56.324_cutoff_34, whole genome shotgun sequence	1618	0.45859085290482077	ae73abf271b867aca0104f67745be14d	incomplete	-	-	-	-	-	-	-	-	-	-	-	-	-	-	-
GCA_977859995.1_GCA_977859995.1_R-IZA-047-YP	GCA_977859995.1_GCA_977859995.1_R-IZA-047-YP_uncompressed	chromosome	-	-	CDWHOZ010000231.1 Escherichia coli isolate R-IZA-047-YP genome assembly, contig: NODE_231_covk_5.872510_covr_17.644_cutoff_34, whole genome shotgun sequence	1605	0.45981308411214955	0b7b0b0af20d96a88f1b915e5fc56ab8	incomplete	-	-	-	-	-	-	-	-	-	-	-	-	-	-	-
GCA_977859995.1_GCA_977859995.1_R-IZA-047-YP	GCA_977859995.1_GCA_977859995.1_R-IZA-047-YP_uncompressed	plasmid	novel_3c68837dfe720bc64e8fb01e0f467e87	-	CDWHOZ010000232.1 Escherichia coli isolate R-IZA-047-YP genome assembly, contig: NODE_232_covk_3.693029_covr_11.675_cutoff_34, whole genome shotgun sequence	1591	0.4286612193588938	7fe1eba8585b52ba73ba6b27197770a3	incomplete	-	-	-	-	-	-	-	-	-	CP021937	0.0600659	Escherichia coli	-	-	-
GCA_977859995.1_GCA_977859995.1_R-IZA-047-YP	GCA_977859995.1_GCA_977859995.1_R-IZA-047-YP_uncompressed	chromosome	-	-	CDWHOZ010000233.1 Escherichia coli isolate R-IZA-047-YP genome assembly, contig: NODE_233_covk_11.434605_covr_32.622_cutoff_34, whole genome shotgun sequence	1567	0.37332482450542437	873fba6f56d1bb3998f1eb7e6b56a92b	incomplete	-	-	-	-	-	-	-	-	-	-	-	-	-	-	-
GCA_977859995.1_GCA_977859995.1_R-IZA-047-YP	GCA_977859995.1_GCA_977859995.1_R-IZA-047-YP_uncompressed	plasmid	AA326	-	CDWHOZ010000234.1 Escherichia coli isolate R-IZA-047-YP genome assembly, contig: NODE_234_covk_18.645936_covr_51.339_cutoff_34, whole genome shotgun sequence	1514	0.5198150594451784	e2ff453ea50bbb2730b05505f632abd6	incomplete	-	-	-	-	-	-	-	-	-	CP035337	0.0287714	Escherichia coli	MF458176	ISKox3	repetitve element
GCA_977859995.1_GCA_977859995.1_R-IZA-047-YP	GCA_977859995.1_GCA_977859995.1_R-IZA-047-YP_uncompressed	chromosome	-	-	CDWHOZ010000235.1 Escherichia coli isolate R-IZA-047-YP genome assembly, contig: NODE_235_covk_5.205674_covr_16.030_cutoff_34, whole genome shotgun sequence	1509	0.46587143803843606	07df413154dc63ef8d7775a091654b68	incomplete	-	-	-	-	-	-	-	-	-	-	-	-	-	-	-
GCA_977859995.1_GCA_977859995.1_R-IZA-047-YP	GCA_977859995.1_GCA_977859995.1_R-IZA-047-YP_uncompressed	chromosome	-	-	CDWHOZ010000236.1 Escherichia coli isolate R-IZA-047-YP genome assembly, contig: NODE_236_covk_3.428881_covr_9.904_cutoff_34, whole genome shotgun sequence	1484	0.33557951482479786	99250115d746c11ddd8dc6e24a14a6c6	incomplete	-	-	-	-	-	-	-	-	-	-	-	-	-	-	-
GCA_977859995.1_GCA_977859995.1_R-IZA-047-YP	GCA_977859995.1_GCA_977859995.1_R-IZA-047-YP_uncompressed	chromosome	-	-	CDWHOZ010000237.1 Escherichia coli isolate R-IZA-047-YP genome assembly, contig: NODE_237_covk_3.264095_covr_9.648_cutoff_34, whole genome shotgun sequence	1447	0.44713199723566	a9924ee85b84dc338173580423ea520f	incomplete	-	-	-	-	-	-	-	-	-	-	-	-	-	-	-
GCA_977859995.1_GCA_977859995.1_R-IZA-047-YP	GCA_977859995.1_GCA_977859995.1_R-IZA-047-YP_uncompressed	plasmid	novel_3c68837dfe720bc64e8fb01e0f467e87	-	CDWHOZ010000238.1 Escherichia coli isolate R-IZA-047-YP genome assembly, contig: NODE_238_covk_22.626067_covr_61.009_cutoff_34, whole genome shotgun sequence	1388	0.4409221902017291	2895713d10d2d8ba40a5bbc73c3561de	incomplete	-	-	-	-	-	-	-	-	-	CP021937	0.0600659	Escherichia coli	CP001509	IS103	repetitve element
GCA_977859995.1_GCA_977859995.1_R-IZA-047-YP	GCA_977859995.1_GCA_977859995.1_R-IZA-047-YP_uncompressed	chromosome	-	-	CDWHOZ010000239.1 Escherichia coli isolate R-IZA-047-YP genome assembly, contig: NODE_239_covk_20.396403_covr_63.619_cutoff_34, whole genome shotgun sequence	1378	0.5072568940493469	95f2c1a3e1df8339a7091c08bb8c56fb	incomplete	-	-	-	-	-	-	-	-	-	-	-	-	-	-	-
GCA_977859995.1_GCA_977859995.1_R-IZA-047-YP	GCA_977859995.1_GCA_977859995.1_R-IZA-047-YP_uncompressed	chromosome	-	-	CDWHOZ010000240.1 Escherichia coli isolate R-IZA-047-YP genome assembly, contig: NODE_240_covk_10.244139_covr_30.243_cutoff_34, whole genome shotgun sequence	1336	0.44236526946107785	a7afeb49c25e8c108a35a0c3f8ac8b99	incomplete	-	-	-	-	-	-	-	-	-	-	-	-	-	-	-
GCA_977859995.1_GCA_977859995.1_R-IZA-047-YP	GCA_977859995.1_GCA_977859995.1_R-IZA-047-YP_uncompressed	plasmid	AA378	AI376	CDWHOZ010000241.1 Escherichia coli isolate R-IZA-047-YP genome assembly, contig: NODE_241_covk_23.942809_covr_69.886_cutoff_34, whole genome shotgun sequence	1288	0.5364906832298136	06e4317bed13d37d6b3bc0395dd2b5d7	incomplete	-	-	-	-	-	-	-	-	-	CP041922	0.00296902	Escherichia coli	CP006262,KX786187	IS629,ISEc25	repetitve element
GCA_977859995.1_GCA_977859995.1_R-IZA-047-YP	GCA_977859995.1_GCA_977859995.1_R-IZA-047-YP_uncompressed	plasmid	AA326	-	CDWHOZ010000242.1 Escherichia coli isolate R-IZA-047-YP genome assembly, contig: NODE_242_covk_12.994093_covr_49.241_cutoff_34, whole genome shotgun sequence	1284	0.5771028037383178	88159dcf49ac253671d918b282df2197	incomplete	-	-	-	-	-	-	-	-	-	CP035337	0.0287714	Escherichia coli	-	-	-
GCA_977859995.1_GCA_977859995.1_R-IZA-047-YP	GCA_977859995.1_GCA_977859995.1_R-IZA-047-YP_uncompressed	chromosome	-	-	CDWHOZ010000243.1 Escherichia coli isolate R-IZA-047-YP genome assembly, contig: NODE_243_covk_16.965136_covr_54.224_cutoff_34, whole genome shotgun sequence	1275	0.4807843137254902	4941aba030626ac3e8394b78b52e1976	incomplete	-	-	-	-	-	-	-	-	-	-	-	-	-	-	-
GCA_977859995.1_GCA_977859995.1_R-IZA-047-YP	GCA_977859995.1_GCA_977859995.1_R-IZA-047-YP_uncompressed	chromosome	-	-	CDWHOZ010000244.1 Escherichia coli isolate R-IZA-047-YP genome assembly, contig: NODE_244_covk_1.660637_covr_4.860_cutoff_34, whole genome shotgun sequence	1260	0.3238095238095238	832c96afd539e98c4bb6749a5ac7cb02	incomplete	-	-	-	-	-	-	-	-	-	-	-	-	-	-	-
GCA_977859995.1_GCA_977859995.1_R-IZA-047-YP	GCA_977859995.1_GCA_977859995.1_R-IZA-047-YP_uncompressed	chromosome	-	-	CDWHOZ010000245.1 Escherichia coli isolate R-IZA-047-YP genome assembly, contig: NODE_245_covk_19.984252_covr_53.897_cutoff_34, whole genome shotgun sequence	1242	0.46296296296296297	597ba3db05b2b37cd3a20936d37a28b8	incomplete	-	-	-	-	-	-	-	-	-	-	-	-	-	-	-
GCA_977859995.1_GCA_977859995.1_R-IZA-047-YP	GCA_977859995.1_GCA_977859995.1_R-IZA-047-YP_uncompressed	chromosome	-	-	CDWHOZ010000246.1 Escherichia coli isolate R-IZA-047-YP genome assembly, contig: NODE_246_covk_6.920775_covr_20.437_cutoff_34, whole genome shotgun sequence	1235	0.48502024291497975	03bc9ddaa3aae39d345cb4a7beb1fecb	incomplete	-	-	-	-	-	-	-	-	-	-	-	-	-	-	-
GCA_977859995.1_GCA_977859995.1_R-IZA-047-YP	GCA_977859995.1_GCA_977859995.1_R-IZA-047-YP_uncompressed	plasmid	AA326	-	CDWHOZ010000247.1 Escherichia coli isolate R-IZA-047-YP genome assembly, contig: NODE_247_covk_26.088869_covr_71.650_cutoff_34, whole genome shotgun sequence	1213	0.5383347073371806	d7b5f1483cb881144f022cbaf4db69c0	incomplete	-	-	-	-	-	-	-	-	-	CP035337	0.0287714	Escherichia coli	KX242350	ISEc17	repetitve element
GCA_977859995.1_GCA_977859995.1_R-IZA-047-YP	GCA_977859995.1_GCA_977859995.1_R-IZA-047-YP_uncompressed	plasmid	AA326	-	CDWHOZ010000248.1 Escherichia coli isolate R-IZA-047-YP genome assembly, contig: NODE_248_covk_3.188849_covr_9.387_cutoff_34, whole genome shotgun sequence	1211	0.4475639966969447	461a785aa71fe6e33174cd244490ea1a	incomplete	-	-	-	-	-	-	-	-	-	CP035337	0.0287714	Escherichia coli	-	-	-
GCA_977859995.1_GCA_977859995.1_R-IZA-047-YP	GCA_977859995.1_GCA_977859995.1_R-IZA-047-YP_uncompressed	chromosome	-	-	CDWHOZ010000249.1 Escherichia coli isolate R-IZA-047-YP genome assembly, contig: NODE_249_covk_2.897645_covr_8.297_cutoff_34, whole genome shotgun sequence	1203	0.4305901911886949	2067225908ab4c2aeced4b2b4e3ddd68	incomplete	-	-	-	-	-	-	-	-	-	-	-	-	-	-	-
GCA_977859995.1_GCA_977859995.1_R-IZA-047-YP	GCA_977859995.1_GCA_977859995.1_R-IZA-047-YP_uncompressed	chromosome	-	-	CDWHOZ010000250.1 Escherichia coli isolate R-IZA-047-YP genome assembly, contig: NODE_250_covk_5.042357_covr_14.427_cutoff_34, whole genome shotgun sequence	1185	0.42447257383966247	cc37a67445ac35a381755fefd2141ac2	incomplete	-	-	-	-	-	-	-	-	-	-	-	-	-	-	-
GCA_977859995.1_GCA_977859995.1_R-IZA-047-YP	GCA_977859995.1_GCA_977859995.1_R-IZA-047-YP_uncompressed	chromosome	-	-	CDWHOZ010000251.1 Escherichia coli isolate R-IZA-047-YP genome assembly, contig: NODE_251_covk_1.572744_covr_4.885_cutoff_34, whole genome shotgun sequence	1185	0.32742616033755273	ffdefa0617d64dcf06e00516a72168b3	incomplete	-	-	-	-	-	-	-	-	-	-	-	-	-	-	-
GCA_977859995.1_GCA_977859995.1_R-IZA-047-YP	GCA_977859995.1_GCA_977859995.1_R-IZA-047-YP_uncompressed	chromosome	-	-	CDWHOZ010000252.1 Escherichia coli isolate R-IZA-047-YP genome assembly, contig: NODE_252_covk_20.769668_covr_68.395_cutoff_34, whole genome shotgun sequence	1154	0.6135181975736569	ef355ce9813cadac41f4de45a2e6b48f	incomplete	-	-	-	-	-	-	-	-	-	-	-	-	-	-	-
GCA_977859995.1_GCA_977859995.1_R-IZA-047-YP	GCA_977859995.1_GCA_977859995.1_R-IZA-047-YP_uncompressed	chromosome	-	-	CDWHOZ010000253.1 Escherichia coli isolate R-IZA-047-YP genome assembly, contig: NODE_253_covk_20.782732_covr_62.629_cutoff_34, whole genome shotgun sequence	1153	0.5091066782307025	39965dbeca4ed371fa4ccf9c43df8db4	incomplete	-	-	-	-	-	-	-	-	-	-	-	-	-	-	-
GCA_977859995.1_GCA_977859995.1_R-IZA-047-YP	GCA_977859995.1_GCA_977859995.1_R-IZA-047-YP_uncompressed	chromosome	-	-	CDWHOZ010000254.1 Escherichia coli isolate R-IZA-047-YP genome assembly, contig: NODE_254_covk_12.988604_covr_53.249_cutoff_34, whole genome shotgun sequence	1152	0.6163194444444444	9e6d9b3d3168d7a9f711e7ad7bc7f15b	incomplete	-	-	-	-	-	-	-	-	-	-	-	-	-	-	-
GCA_977859995.1_GCA_977859995.1_R-IZA-047-YP	GCA_977859995.1_GCA_977859995.1_R-IZA-047-YP_uncompressed	chromosome	-	-	CDWHOZ010000255.1 Escherichia coli isolate R-IZA-047-YP genome assembly, contig: NODE_255_covk_23.163443_covr_65.652_cutoff_34, whole genome shotgun sequence	1133	0.559576345984113	5aca270143a1d651f6c931142b253081	incomplete	-	-	-	-	-	-	-	-	-	-	-	-	-	-	-
GCA_977859995.1_GCA_977859995.1_R-IZA-047-YP	GCA_977859995.1_GCA_977859995.1_R-IZA-047-YP_uncompressed	chromosome	-	-	CDWHOZ010000256.1 Escherichia coli isolate R-IZA-047-YP genome assembly, contig: NODE_256_covk_2.881489_covr_9.062_cutoff_34, whole genome shotgun sequence	1120	0.36607142857142855	85574d2feb0e6da9ec2fcd0e2e0a96ca	incomplete	-	-	-	-	-	-	-	-	-	-	-	-	-	-	-
GCA_977859995.1_GCA_977859995.1_R-IZA-047-YP	GCA_977859995.1_GCA_977859995.1_R-IZA-047-YP_uncompressed	chromosome	-	-	CDWHOZ010000257.1 Escherichia coli isolate R-IZA-047-YP genome assembly, contig: NODE_257_covk_20.849505_covr_58.480_cutoff_34, whole genome shotgun sequence	1109	0.4220018034265104	2b944a9cf30ac8270e9ce1b65e3e29ea	incomplete	-	-	-	-	-	-	-	-	-	-	-	-	-	-	-
GCA_977859995.1_GCA_977859995.1_R-IZA-047-YP	GCA_977859995.1_GCA_977859995.1_R-IZA-047-YP_uncompressed	chromosome	-	-	CDWHOZ010000258.1 Escherichia coli isolate R-IZA-047-YP genome assembly, contig: NODE_258_covk_6.018200_covr_19.441_cutoff_34, whole genome shotgun sequence	1088	0.49080882352941174	ec2bcb351ce61b65eedc5afcdfb5afae	incomplete	-	-	-	-	-	-	-	-	-	-	-	-	-	-	-
GCA_977859995.1_GCA_977859995.1_R-IZA-047-YP	GCA_977859995.1_GCA_977859995.1_R-IZA-047-YP_uncompressed	chromosome	-	-	CDWHOZ010000259.1 Escherichia coli isolate R-IZA-047-YP genome assembly, contig: NODE_259_covk_19.163713_covr_56.306_cutoff_34, whole genome shotgun sequence	1086	0.429097605893186	173ae7cda6aad37996fc5e268d1ed77a	incomplete	-	-	-	-	-	-	-	-	-	-	-	-	-	-	-
GCA_977859995.1_GCA_977859995.1_R-IZA-047-YP	GCA_977859995.1_GCA_977859995.1_R-IZA-047-YP_uncompressed	chromosome	-	-	CDWHOZ010000260.1 Escherichia coli isolate R-IZA-047-YP genome assembly, contig: NODE_260_covk_4.091278_covr_12.423_cutoff_34, whole genome shotgun sequence	1085	0.40829493087557606	dd884b6e87dc9fdbd642f714c3902e1b	incomplete	-	-	-	-	-	-	-	-	-	-	-	-	-	-	-
GCA_977859995.1_GCA_977859995.1_R-IZA-047-YP	GCA_977859995.1_GCA_977859995.1_R-IZA-047-YP_uncompressed	plasmid	AC305	AL438	CDWHOZ010000261.1 Escherichia coli isolate R-IZA-047-YP genome assembly, contig: NODE_261_covk_23.702815_covr_61.901_cutoff_34, whole genome shotgun sequence	1058	0.5293005671077504	229184ca035082f84d3b62a059a50c3e	incomplete	-	-	-	-	-	-	-	-	-	KU254580	0.0110444	Escherichia coli	MG930932,MF344567,KX646543,KY978628	IS102,IS903,ISAba43,ISShes11	repetitve element
GCA_977859995.1_GCA_977859995.1_R-IZA-047-YP	GCA_977859995.1_GCA_977859995.1_R-IZA-047-YP_uncompressed	chromosome	-	-	CDWHOZ010000262.1 Escherichia coli isolate R-IZA-047-YP genome assembly, contig: NODE_262_covk_4.474649_covr_11.904_cutoff_34, whole genome shotgun sequence	1026	0.37524366471734893	220dc007e128e49fd9d4cbafa327af5f	incomplete	-	-	-	-	-	-	-	-	-	-	-	-	-	-	-
GCA_977859995.1_GCA_977859995.1_R-IZA-047-YP	GCA_977859995.1_GCA_977859995.1_R-IZA-047-YP_uncompressed	chromosome	-	-	CDWHOZ010000263.1 Escherichia coli isolate R-IZA-047-YP genome assembly, contig: NODE_263_covk_4.596667_covr_13.355_cutoff_34, whole genome shotgun sequence	999	0.46046046046046046	c05039f9871e601345088f6c48c9983e	incomplete	-	-	-	-	-	-	-	-	-	-	-	-	-	-	-
GCA_977859995.1_GCA_977859995.1_R-IZA-047-YP	GCA_977859995.1_GCA_977859995.1_R-IZA-047-YP_uncompressed	chromosome	-	-	CDWHOZ010000264.1 Escherichia coli isolate R-IZA-047-YP genome assembly, contig: NODE_264_covk_6.202718_covr_17.918_cutoff_34, whole genome shotgun sequence	982	0.5498981670061099	86351754979e188bf3f363a140b63d37	incomplete	-	-	-	-	-	-	-	-	-	-	-	-	-	-	-
GCA_977859995.1_GCA_977859995.1_R-IZA-047-YP	GCA_977859995.1_GCA_977859995.1_R-IZA-047-YP_uncompressed	chromosome	-	-	CDWHOZ010000265.1 Escherichia coli isolate R-IZA-047-YP genome assembly, contig: NODE_265_covk_6.287827_covr_17.062_cutoff_34, whole genome shotgun sequence	978	0.4591002044989775	55d46632ed19804bd25fc7edcce93fae	incomplete	-	-	-	-	-	-	-	-	-	-	-	-	-	-	-
GCA_977859995.1_GCA_977859995.1_R-IZA-047-YP	GCA_977859995.1_GCA_977859995.1_R-IZA-047-YP_uncompressed	chromosome	-	-	CDWHOZ010000266.1 Escherichia coli isolate R-IZA-047-YP genome assembly, contig: NODE_266_covk_5.356086_covr_21.263_cutoff_34, whole genome shotgun sequence	978	0.4570552147239264	ce51bb921a200fa171d93de454c37854	incomplete	-	-	-	-	-	-	-	-	-	-	-	-	-	-	-
GCA_977859995.1_GCA_977859995.1_R-IZA-047-YP	GCA_977859995.1_GCA_977859995.1_R-IZA-047-YP_uncompressed	chromosome	-	-	CDWHOZ010000267.1 Escherichia coli isolate R-IZA-047-YP genome assembly, contig: NODE_267_covk_15.889145_covr_55.780_cutoff_34, whole genome shotgun sequence	965	0.5305699481865285	cd6c3df5b592e3743338a71388819edc	incomplete	-	-	-	-	-	-	-	-	-	-	-	-	-	-	-
GCA_977859995.1_GCA_977859995.1_R-IZA-047-YP	GCA_977859995.1_GCA_977859995.1_R-IZA-047-YP_uncompressed	chromosome	-	-	CDWHOZ010000268.1 Escherichia coli isolate R-IZA-047-YP genome assembly, contig: NODE_268_covk_7.050058_covr_19.863_cutoff_34, whole genome shotgun sequence	958	0.4572025052192067	ce6ff110e40a2ffd2b45868767836200	incomplete	-	-	-	-	-	-	-	-	-	-	-	-	-	-	-
GCA_977859995.1_GCA_977859995.1_R-IZA-047-YP	GCA_977859995.1_GCA_977859995.1_R-IZA-047-YP_uncompressed	chromosome	-	-	CDWHOZ010000269.1 Escherichia coli isolate R-IZA-047-YP genome assembly, contig: NODE_269_covk_2.482517_covr_7.623_cutoff_34, whole genome shotgun sequence	957	0.35841170323928945	bbd0092d25e4e18a16b1083180d03919	incomplete	-	-	-	-	-	-	-	-	-	-	-	-	-	-	-
GCA_977859995.1_GCA_977859995.1_R-IZA-047-YP	GCA_977859995.1_GCA_977859995.1_R-IZA-047-YP_uncompressed	chromosome	-	-	CDWHOZ010000270.1 Escherichia coli isolate R-IZA-047-YP genome assembly, contig: NODE_270_covk_23.550877_covr_62.925_cutoff_34, whole genome shotgun sequence	954	0.549266247379455	ee8597d857ad77423e937e18508196bd	incomplete	-	-	-	-	-	-	-	-	-	-	-	-	-	-	-
GCA_977859995.1_GCA_977859995.1_R-IZA-047-YP	GCA_977859995.1_GCA_977859995.1_R-IZA-047-YP_uncompressed	chromosome	-	-	CDWHOZ010000271.1 Escherichia coli isolate R-IZA-047-YP genome assembly, contig: NODE_271_covk_2.891892_covr_9.153_cutoff_34, whole genome shotgun sequence	950	0.38421052631578945	d550ecebd5cb13c968c964578a5c6504	incomplete	-	-	-	-	-	-	-	-	-	-	-	-	-	-	-
GCA_977859995.1_GCA_977859995.1_R-IZA-047-YP	GCA_977859995.1_GCA_977859995.1_R-IZA-047-YP_uncompressed	chromosome	-	-	CDWHOZ010000272.1 Escherichia coli isolate R-IZA-047-YP genome assembly, contig: NODE_272_covk_3.629412_covr_10.180_cutoff_34, whole genome shotgun sequence	949	0.32349841938883034	7b48fb3b2c3b298bb80837b0518444d4	incomplete	-	-	-	-	-	-	-	-	-	-	-	-	-	-	-
GCA_977859995.1_GCA_977859995.1_R-IZA-047-YP	GCA_977859995.1_GCA_977859995.1_R-IZA-047-YP_uncompressed	chromosome	-	-	CDWHOZ010000273.1 Escherichia coli isolate R-IZA-047-YP genome assembly, contig: NODE_273_covk_7.635934_covr_29.172_cutoff_34, whole genome shotgun sequence	945	0.564021164021164	d9cc698ac786198d1d7b44e3818ffecd	incomplete	-	-	-	-	-	-	-	-	-	-	-	-	-	-	-
GCA_977859995.1_GCA_977859995.1_R-IZA-047-YP	GCA_977859995.1_GCA_977859995.1_R-IZA-047-YP_uncompressed	chromosome	-	-	CDWHOZ010000274.1 Escherichia coli isolate R-IZA-047-YP genome assembly, contig: NODE_274_covk_4.384615_covr_13.120_cutoff_34, whole genome shotgun sequence	944	0.4163135593220339	5eba0235311b373e2aad25f7f5362029	incomplete	-	-	-	-	-	-	-	-	-	-	-	-	-	-	-
GCA_977859995.1_GCA_977859995.1_R-IZA-047-YP	GCA_977859995.1_GCA_977859995.1_R-IZA-047-YP_uncompressed	chromosome	-	-	CDWHOZ010000275.1 Escherichia coli isolate R-IZA-047-YP genome assembly, contig: NODE_275_covk_5.433375_covr_16.703_cutoff_34, whole genome shotgun sequence	902	0.46895787139689576	d230ee8c6b4084600eb95685a3723df0	incomplete	-	-	-	-	-	-	-	-	-	-	-	-	-	-	-
GCA_977859995.1_GCA_977859995.1_R-IZA-047-YP	GCA_977859995.1_GCA_977859995.1_R-IZA-047-YP_uncompressed	chromosome	-	-	CDWHOZ010000276.1 Escherichia coli isolate R-IZA-047-YP genome assembly, contig: NODE_276_covk_5.756066_covr_16.392_cutoff_34, whole genome shotgun sequence	882	0.3820861678004535	a7dea4154bd7b32136046d4a112b15b1	incomplete	-	-	-	-	-	-	-	-	-	-	-	-	-	-	-
GCA_977859995.1_GCA_977859995.1_R-IZA-047-YP	GCA_977859995.1_GCA_977859995.1_R-IZA-047-YP_uncompressed	chromosome	-	-	CDWHOZ010000277.1 Escherichia coli isolate R-IZA-047-YP genome assembly, contig: NODE_277_covk_22.115979_covr_59.743_cutoff_34, whole genome shotgun sequence	875	0.5417142857142857	ade6f072cbd4d4d1660245b694eea418	incomplete	-	-	-	-	-	-	-	-	-	-	-	-	-	-	-
GCA_977859995.1_GCA_977859995.1_R-IZA-047-YP	GCA_977859995.1_GCA_977859995.1_R-IZA-047-YP_uncompressed	chromosome	-	-	CDWHOZ010000278.1 Escherichia coli isolate R-IZA-047-YP genome assembly, contig: NODE_278_covk_9.103359_covr_39.352_cutoff_34, whole genome shotgun sequence	873	0.49713631156930127	0a4ac37788fad76ba8d1ead5871fa37b	incomplete	-	-	-	-	-	-	-	-	-	-	-	-	-	-	-
GCA_977859995.1_GCA_977859995.1_R-IZA-047-YP	GCA_977859995.1_GCA_977859995.1_R-IZA-047-YP_uncompressed	chromosome	-	-	CDWHOZ010000279.1 Escherichia coli isolate R-IZA-047-YP genome assembly, contig: NODE_279_covk_16.753247_covr_45.526_cutoff_34, whole genome shotgun sequence	869	0.6087456846950517	d456d26b7c596e0b137fee2db457a43d	incomplete	-	-	-	-	-	-	-	-	-	-	-	-	-	-	-
GCA_977859995.1_GCA_977859995.1_R-IZA-047-YP	GCA_977859995.1_GCA_977859995.1_R-IZA-047-YP_uncompressed	chromosome	-	-	CDWHOZ010000280.1 Escherichia coli isolate R-IZA-047-YP genome assembly, contig: NODE_280_covk_16.278215_covr_43.373_cutoff_34, whole genome shotgun sequence	861	0.41579558652729387	fca28dad8c4c3c9e21303e9e7a7006c8	incomplete	-	-	-	-	-	-	-	-	-	-	-	-	-	-	-
GCA_977859995.1_GCA_977859995.1_R-IZA-047-YP	GCA_977859995.1_GCA_977859995.1_R-IZA-047-YP_uncompressed	chromosome	-	-	CDWHOZ010000281.1 Escherichia coli isolate R-IZA-047-YP genome assembly, contig: NODE_281_covk_3.109499_covr_10.994_cutoff_34, whole genome shotgun sequence	857	0.4305717619603267	2144bb11c2a0d568f15fe8c50f5885a7	incomplete	-	-	-	-	-	-	-	-	-	-	-	-	-	-	-
GCA_977859995.1_GCA_977859995.1_R-IZA-047-YP	GCA_977859995.1_GCA_977859995.1_R-IZA-047-YP_uncompressed	chromosome	-	-	CDWHOZ010000282.1 Escherichia coli isolate R-IZA-047-YP genome assembly, contig: NODE_282_covk_17.204578_covr_57.664_cutoff_34, whole genome shotgun sequence	798	0.46867167919799496	cc02b2d0771cedd671bdf3654d748378	incomplete	-	-	-	-	-	-	-	-	-	-	-	-	-	-	-
GCA_977859995.1_GCA_977859995.1_R-IZA-047-YP	GCA_977859995.1_GCA_977859995.1_R-IZA-047-YP_uncompressed	chromosome	-	-	CDWHOZ010000283.1 Escherichia coli isolate R-IZA-047-YP genome assembly, contig: NODE_283_covk_3.690544_covr_10.794_cutoff_34, whole genome shotgun sequence	797	0.3224592220828105	3ff4c89aa2028344c677753135146cec	incomplete	-	-	-	-	-	-	-	-	-	-	-	-	-	-	-
GCA_977859995.1_GCA_977859995.1_R-IZA-047-YP	GCA_977859995.1_GCA_977859995.1_R-IZA-047-YP_uncompressed	chromosome	-	-	CDWHOZ010000284.1 Escherichia coli isolate R-IZA-047-YP genome assembly, contig: NODE_284_covk_23.011713_covr_57.545_cutoff_34, whole genome shotgun sequence	782	0.4296675191815857	dad22b32a89fbf29c6af530e6c091fcd	incomplete	-	-	-	-	-	-	-	-	-	-	-	-	-	-	-
GCA_977859995.1_GCA_977859995.1_R-IZA-047-YP	GCA_977859995.1_GCA_977859995.1_R-IZA-047-YP_uncompressed	chromosome	-	-	CDWHOZ010000285.1 Escherichia coli isolate R-IZA-047-YP genome assembly, contig: NODE_285_covk_24.118168_covr_60.490_cutoff_34, whole genome shotgun sequence	776	0.5244845360824743	131858ef16f1e2a02e5d195678f263d4	incomplete	-	-	-	-	-	-	-	-	-	-	-	-	-	-	-
GCA_977859995.1_GCA_977859995.1_R-IZA-047-YP	GCA_977859995.1_GCA_977859995.1_R-IZA-047-YP_uncompressed	chromosome	-	-	CDWHOZ010000286.1 Escherichia coli isolate R-IZA-047-YP genome assembly, contig: NODE_286_covk_21.531627_covr_53.414_cutoff_34, whole genome shotgun sequence	763	0.6448230668414154	48e7bb73b17e5805f495177652ca2f9a	incomplete	-	-	-	-	-	-	-	-	-	-	-	-	-	-	-
GCA_977859995.1_GCA_977859995.1_R-IZA-047-YP	GCA_977859995.1_GCA_977859995.1_R-IZA-047-YP_uncompressed	chromosome	-	-	CDWHOZ010000287.1 Escherichia coli isolate R-IZA-047-YP genome assembly, contig: NODE_287_covk_16.442424_covr_49.864_cutoff_34, whole genome shotgun sequence	759	0.6073781291172595	6febb828e065365f41cd1c4340b71db7	incomplete	-	-	-	-	-	-	-	-	-	-	-	-	-	-	-
GCA_977859995.1_GCA_977859995.1_R-IZA-047-YP	GCA_977859995.1_GCA_977859995.1_R-IZA-047-YP_uncompressed	chromosome	-	-	CDWHOZ010000288.1 Escherichia coli isolate R-IZA-047-YP genome assembly, contig: NODE_288_covk_21.531746_covr_54.461_cutoff_34, whole genome shotgun sequence	729	0.5171467764060357	1f8e8d6760c5553afdb7483aba14127e	incomplete	-	-	-	-	-	-	-	-	-	-	-	-	-	-	-
GCA_977859995.1_GCA_977859995.1_R-IZA-047-YP	GCA_977859995.1_GCA_977859995.1_R-IZA-047-YP_uncompressed	chromosome	-	-	CDWHOZ010000289.1 Escherichia coli isolate R-IZA-047-YP genome assembly, contig: NODE_289_covk_22.201923_covr_53.217_cutoff_34, whole genome shotgun sequence	723	0.4190871369294606	f4e9a45834930be0bd43cb243e70e5ac	incomplete	-	-	-	-	-	-	-	-	-	-	-	-	-	-	-
GCA_977859995.1_GCA_977859995.1_R-IZA-047-YP	GCA_977859995.1_GCA_977859995.1_R-IZA-047-YP_uncompressed	chromosome	-	-	CDWHOZ010000290.1 Escherichia coli isolate R-IZA-047-YP genome assembly, contig: NODE_290_covk_6.300987_covr_19.119_cutoff_34, whole genome shotgun sequence	707	0.5091937765205092	02a97ccde4d2184d63e43d15eb0c3768	incomplete	-	-	-	-	-	-	-	-	-	-	-	-	-	-	-
GCA_977859995.1_GCA_977859995.1_R-IZA-047-YP	GCA_977859995.1_GCA_977859995.1_R-IZA-047-YP_uncompressed	chromosome	-	-	CDWHOZ010000291.1 Escherichia coli isolate R-IZA-047-YP genome assembly, contig: NODE_291_covk_20.923077_covr_72.168_cutoff_34, whole genome shotgun sequence	684	0.4722222222222222	4ad9e569d4627a3a23ad796c734b18dd	incomplete	-	-	-	-	-	-	-	-	-	-	-	-	-	-	-
GCA_977859995.1_GCA_977859995.1_R-IZA-047-YP	GCA_977859995.1_GCA_977859995.1_R-IZA-047-YP_uncompressed	chromosome	-	-	CDWHOZ010000292.1 Escherichia coli isolate R-IZA-047-YP genome assembly, contig: NODE_292_covk_18.948007_covr_49.652_cutoff_34, whole genome shotgun sequence	676	0.6183431952662722	371bfceee88653ab7647ef717f1e75d9	incomplete	-	-	-	-	-	-	-	-	-	-	-	-	-	-	-
GCA_977859995.1_GCA_977859995.1_R-IZA-047-YP	GCA_977859995.1_GCA_977859995.1_R-IZA-047-YP_uncompressed	chromosome	-	-	CDWHOZ010000293.1 Escherichia coli isolate R-IZA-047-YP genome assembly, contig: NODE_293_covk_3.356757_covr_9.791_cutoff_34, whole genome shotgun sequence	654	0.5137614678899083	e89784d2636b4ffd9c7ec5d75551b107	incomplete	-	-	-	-	-	-	-	-	-	-	-	-	-	-	-
GCA_977859995.1_GCA_977859995.1_R-IZA-047-YP	GCA_977859995.1_GCA_977859995.1_R-IZA-047-YP_uncompressed	chromosome	-	-	CDWHOZ010000294.1 Escherichia coli isolate R-IZA-047-YP genome assembly, contig: NODE_294_covk_23.971119_covr_64.118_cutoff_34, whole genome shotgun sequence	653	0.6232771822358346	321a4b021889dc09ab1982947aa9b09b	incomplete	-	-	-	-	-	-	-	-	-	-	-	-	-	-	-
GCA_977859995.1_GCA_977859995.1_R-IZA-047-YP	GCA_977859995.1_GCA_977859995.1_R-IZA-047-YP_uncompressed	chromosome	-	-	CDWHOZ010000295.1 Escherichia coli isolate R-IZA-047-YP genome assembly, contig: NODE_295_covk_27.112523_covr_65.022_cutoff_34, whole genome shotgun sequence	650	0.5276923076923077	5210e0feeb41773259b6430a05025c51	incomplete	-	-	-	-	-	-	-	-	-	-	-	-	-	-	-
GCA_977859995.1_GCA_977859995.1_R-IZA-047-YP	GCA_977859995.1_GCA_977859995.1_R-IZA-047-YP_uncompressed	chromosome	-	-	CDWHOZ010000296.1 Escherichia coli isolate R-IZA-047-YP genome assembly, contig: NODE_296_covk_24.791289_covr_61.745_cutoff_34, whole genome shotgun sequence	650	0.6507692307692308	79c20810573a4d10da8a44baef43f1a9	incomplete	-	-	-	-	-	-	-	-	-	-	-	-	-	-	-
GCA_977859995.1_GCA_977859995.1_R-IZA-047-YP	GCA_977859995.1_GCA_977859995.1_R-IZA-047-YP_uncompressed	chromosome	-	-	CDWHOZ010000297.1 Escherichia coli isolate R-IZA-047-YP genome assembly, contig: NODE_297_covk_2.241758_covr_7.549_cutoff_34, whole genome shotgun sequence	645	0.3643410852713178	e8a03cfa30293f6956327bd94714e1d2	incomplete	-	-	-	-	-	-	-	-	-	-	-	-	-	-	-
GCA_977859995.1_GCA_977859995.1_R-IZA-047-YP	GCA_977859995.1_GCA_977859995.1_R-IZA-047-YP_uncompressed	chromosome	-	-	CDWHOZ010000298.1 Escherichia coli isolate R-IZA-047-YP genome assembly, contig: NODE_298_covk_5.427495_covr_16.654_cutoff_34, whole genome shotgun sequence	630	0.5444444444444444	da6c6c449f4f9114a94f51d579edf1b6	incomplete	-	-	-	-	-	-	-	-	-	-	-	-	-	-	-
GCA_977859995.1_GCA_977859995.1_R-IZA-047-YP	GCA_977859995.1_GCA_977859995.1_R-IZA-047-YP_uncompressed	chromosome	-	-	CDWHOZ010000299.1 Escherichia coli isolate R-IZA-047-YP genome assembly, contig: NODE_299_covk_23.965844_covr_60.455_cutoff_34, whole genome shotgun sequence	626	0.5766773162939297	4dbc9e00668b0ba09c17d0fce45fd0ab	incomplete	-	-	-	-	-	-	-	-	-	-	-	-	-	-	-
GCA_977859995.1_GCA_977859995.1_R-IZA-047-YP	GCA_977859995.1_GCA_977859995.1_R-IZA-047-YP_uncompressed	chromosome	-	-	CDWHOZ010000300.1 Escherichia coli isolate R-IZA-047-YP genome assembly, contig: NODE_300_covk_14.838403_covr_41.586_cutoff_34, whole genome shotgun sequence	625	0.5376	7dde2adc1ccdc59e54896506f8d8ba93	incomplete	-	-	-	-	-	-	-	-	-	-	-	-	-	-	-
GCA_977859995.1_GCA_977859995.1_R-IZA-047-YP	GCA_977859995.1_GCA_977859995.1_R-IZA-047-YP_uncompressed	chromosome	-	-	CDWHOZ010000301.1 Escherichia coli isolate R-IZA-047-YP genome assembly, contig: NODE_301_covk_22.608779_covr_53.968_cutoff_34, whole genome shotgun sequence	623	0.536115569823435	b2b69d37af147c455941fd786eb6fe27	incomplete	-	-	-	-	-	-	-	-	-	-	-	-	-	-	-
GCA_977859995.1_GCA_977859995.1_R-IZA-047-YP	GCA_977859995.1_GCA_977859995.1_R-IZA-047-YP_uncompressed	chromosome	-	-	CDWHOZ010000302.1 Escherichia coli isolate R-IZA-047-YP genome assembly, contig: NODE_302_covk_23.085938_covr_58.730_cutoff_34, whole genome shotgun sequence	611	0.3518821603927987	dad1417bddd1524cdda9418c9f213862	incomplete	-	-	-	-	-	-	-	-	-	-	-	-	-	-	-
GCA_977859995.1_GCA_977859995.1_R-IZA-047-YP	GCA_977859995.1_GCA_977859995.1_R-IZA-047-YP_uncompressed	chromosome	-	-	CDWHOZ010000303.1 Escherichia coli isolate R-IZA-047-YP genome assembly, contig: NODE_303_covk_19.054795_covr_65.572_cutoff_34, whole genome shotgun sequence	610	0.4704918032786885	5af1ac28fa83ced5281b70c5cf95cfca	incomplete	-	-	-	-	-	-	-	-	-	-	-	-	-	-	-
GCA_977859995.1_GCA_977859995.1_R-IZA-047-YP	GCA_977859995.1_GCA_977859995.1_R-IZA-047-YP_uncompressed	chromosome	-	-	CDWHOZ010000304.1 Escherichia coli isolate R-IZA-047-YP genome assembly, contig: NODE_304_covk_3.070450_covr_8.413_cutoff_34, whole genome shotgun sequence	610	0.3081967213114754	7267836a5500db566e093ff2b8a0867b	incomplete	-	-	-	-	-	-	-	-	-	-	-	-	-	-	-
GCA_977859995.1_GCA_977859995.1_R-IZA-047-YP	GCA_977859995.1_GCA_977859995.1_R-IZA-047-YP_uncompressed	chromosome	-	-	CDWHOZ010000305.1 Escherichia coli isolate R-IZA-047-YP genome assembly, contig: NODE_305_covk_1.844758_covr_4.664_cutoff_34, whole genome shotgun sequence	595	0.3277310924369748	680e3c1bbcfff362640f2c699d881eb5	incomplete	-	-	-	-	-	-	-	-	-	-	-	-	-	-	-
GCA_977859995.1_GCA_977859995.1_R-IZA-047-YP	GCA_977859995.1_GCA_977859995.1_R-IZA-047-YP_uncompressed	chromosome	-	-	CDWHOZ010000306.1 Escherichia coli isolate R-IZA-047-YP genome assembly, contig: NODE_306_covk_12.357143_covr_35.939_cutoff_34, whole genome shotgun sequence	575	0.5547826086956522	aad3fddce2aa4cd06d1deeff7d2b1b07	incomplete	-	-	-	-	-	-	-	-	-	-	-	-	-	-	-
GCA_977859995.1_GCA_977859995.1_R-IZA-047-YP	GCA_977859995.1_GCA_977859995.1_R-IZA-047-YP_uncompressed	chromosome	-	-	CDWHOZ010000307.1 Escherichia coli isolate R-IZA-047-YP genome assembly, contig: NODE_307_covk_15.993684_covr_37.355_cutoff_34, whole genome shotgun sequence	574	0.4634146341463415	e14e58f9ca1c20d651e2a7ae68ba90a2	incomplete	-	-	-	-	-	-	-	-	-	-	-	-	-	-	-
GCA_977859995.1_GCA_977859995.1_R-IZA-047-YP	GCA_977859995.1_GCA_977859995.1_R-IZA-047-YP_uncompressed	chromosome	-	-	CDWHOZ010000308.1 Escherichia coli isolate R-IZA-047-YP genome assembly, contig: NODE_308_covk_12.244211_covr_29.599_cutoff_34, whole genome shotgun sequence	574	0.47038327526132406	99e0d199c60b70b637b0e2bafcb4f6b6	incomplete	-	-	-	-	-	-	-	-	-	-	-	-	-	-	-
GCA_977859995.1_GCA_977859995.1_R-IZA-047-YP	GCA_977859995.1_GCA_977859995.1_R-IZA-047-YP_uncompressed	chromosome	-	-	CDWHOZ010000309.1 Escherichia coli isolate R-IZA-047-YP genome assembly, contig: NODE_309_covk_23.177966_covr_53.643_cutoff_34, whole genome shotgun sequence	571	0.5306479859894921	36ac5a4b229dde70c84fb60d064c6d30	incomplete	-	-	-	-	-	-	-	-	-	-	-	-	-	-	-
GCA_977859995.1_GCA_977859995.1_R-IZA-047-YP	GCA_977859995.1_GCA_977859995.1_R-IZA-047-YP_uncompressed	chromosome	-	-	CDWHOZ010000310.1 Escherichia coli isolate R-IZA-047-YP genome assembly, contig: NODE_310_covk_3.573913_covr_9.916_cutoff_34, whole genome shotgun sequence	559	0.5724508050089445	75aeab61dfb6219f52e775bc4ace0eef	incomplete	-	-	-	-	-	-	-	-	-	-	-	-	-	-	-
GCA_977859995.1_GCA_977859995.1_R-IZA-047-YP	GCA_977859995.1_GCA_977859995.1_R-IZA-047-YP_uncompressed	chromosome	-	-	CDWHOZ010000311.1 Escherichia coli isolate R-IZA-047-YP genome assembly, contig: NODE_311_covk_103.470199_covr_249.567_cutoff_34, whole genome shotgun sequence	552	0.5543478260869565	a1c475e2accd0442347ec5c964280501	incomplete	-	-	-	-	-	-	-	-	-	-	-	-	-	-	-
GCA_977859995.1_GCA_977859995.1_R-IZA-047-YP	GCA_977859995.1_GCA_977859995.1_R-IZA-047-YP_uncompressed	chromosome	-	-	CDWHOZ010000312.1 Escherichia coli isolate R-IZA-047-YP genome assembly, contig: NODE_312_covk_13.207127_covr_29.978_cutoff_34, whole genome shotgun sequence	548	0.5218978102189781	850f11f3d76e928e5c034d686cd887a3	incomplete	-	-	-	-	-	-	-	-	-	-	-	-	-	-	-
GCA_977859995.1_GCA_977859995.1_R-IZA-047-YP	GCA_977859995.1_GCA_977859995.1_R-IZA-047-YP_uncompressed	chromosome	-	-	CDWHOZ010000313.1 Escherichia coli isolate R-IZA-047-YP genome assembly, contig: NODE_313_covk_17.317972_covr_46.126_cutoff_34, whole genome shotgun sequence	533	0.4596622889305816	64ad1f1ee0deba8994589c4adf5adad9	incomplete	-	-	-	-	-	-	-	-	-	-	-	-	-	-	-
GCA_977859995.1_GCA_977859995.1_R-IZA-047-YP	GCA_977859995.1_GCA_977859995.1_R-IZA-047-YP_uncompressed	chromosome	-	-	CDWHOZ010000314.1 Escherichia coli isolate R-IZA-047-YP genome assembly, contig: NODE_314_covk_8.817552_covr_26.925_cutoff_34, whole genome shotgun sequence	532	0.5469924812030075	74626655defe7e4e97cdda1a81c46fb5	incomplete	-	-	-	-	-	-	-	-	-	-	-	-	-	-	-
GCA_977859995.1_GCA_977859995.1_R-IZA-047-YP	GCA_977859995.1_GCA_977859995.1_R-IZA-047-YP_uncompressed	chromosome	-	-	CDWHOZ010000315.1 Escherichia coli isolate R-IZA-047-YP genome assembly, contig: NODE_315_covk_2.399538_covr_6.009_cutoff_34, whole genome shotgun sequence	532	0.36654135338345867	35c63f754794624ff3dd2bec074a13f6	incomplete	-	-	-	-	-	-	-	-	-	-	-	-	-	-	-
GCA_977859995.1_GCA_977859995.1_R-IZA-047-YP	GCA_977859995.1_GCA_977859995.1_R-IZA-047-YP_uncompressed	chromosome	-	-	CDWHOZ010000316.1 Escherichia coli isolate R-IZA-047-YP genome assembly, contig: NODE_316_covk_12.171838_covr_30.751_cutoff_34, whole genome shotgun sequence	518	0.3416988416988417	defa8b38e73c215c6a5fa3e702722d0e	incomplete	-	-	-	-	-	-	-	-	-	-	-	-	-	-	-
GCA_977859995.1_GCA_977859995.1_R-IZA-047-YP	GCA_977859995.1_GCA_977859995.1_R-IZA-047-YP_uncompressed	chromosome	-	-	CDWHOZ010000317.1 Escherichia coli isolate R-IZA-047-YP genome assembly, contig: NODE_317_covk_3.876513_covr_10.135_cutoff_34, whole genome shotgun sequence	512	0.3671875	1108fbc15f503abecc5a9bae4f118579	incomplete	-	-	-	-	-	-	-	-	-	-	-	-	-	-	-
GCA_977859995.1_GCA_977859995.1_R-IZA-047-YP	GCA_977859995.1_GCA_977859995.1_R-IZA-047-YP_uncompressed	chromosome	-	-	CDWHOZ010000318.1 Escherichia coli isolate R-IZA-047-YP genome assembly, contig: NODE_318_covk_3.356968_covr_7.579_cutoff_34, whole genome shotgun sequence	508	0.3484251968503937	42eef9c919be0d7cf6e5c0c390ffd9c8	incomplete	-	-	-	-	-	-	-	-	-	-	-	-	-	-	-
GCA_977859995.1_GCA_977859995.1_R-IZA-047-YP	GCA_977859995.1_GCA_977859995.1_R-IZA-047-YP_uncompressed	chromosome	-	-	CDWHOZ010000319.1 Escherichia coli isolate R-IZA-047-YP genome assembly, contig: NODE_319_covk_1.975550_covr_5.388_cutoff_34, whole genome shotgun sequence	508	0.3346456692913386	a7d486e10de5d6db908bf21250c4115c	incomplete	-	-	-	-	-	-	-	-	-	-	-	-	-	-	-
GCA_977859995.1_GCA_977859995.1_R-IZA-047-YP	GCA_977859995.1_GCA_977859995.1_R-IZA-047-YP_uncompressed	chromosome	-	-	CDWHOZ010000320.1 Escherichia coli isolate R-IZA-047-YP genome assembly, contig: NODE_320_covk_24.367647_covr_55.817_cutoff_34, whole genome shotgun sequence	507	0.4240631163708087	06452b8ad9c5d9653d432215cc052521	incomplete	-	-	-	-	-	-	-	-	-	-	-	-	-	-	-
GCA_977859995.1_GCA_977859995.1_R-IZA-047-YP	GCA_977859995.1_GCA_977859995.1_R-IZA-047-YP_uncompressed	chromosome	-	-	CDWHOZ010000321.1 Escherichia coli isolate R-IZA-047-YP genome assembly, contig: NODE_321_covk_16.719902_covr_46.148_cutoff_34, whole genome shotgun sequence	506	0.6363636363636364	b1594e3e2df8337a2fda376b22e369ca	incomplete	-	-	-	-	-	-	-	-	-	-	-	-	-	-	-
GCA_977859995.1_GCA_977859995.1_R-IZA-047-YP	GCA_977859995.1_GCA_977859995.1_R-IZA-047-YP_uncompressed	chromosome	-	-	CDWHOZ010000322.1 Escherichia coli isolate R-IZA-047-YP genome assembly, contig: NODE_322_covk_1.968059_covr_5.281_cutoff_34, whole genome shotgun sequence	506	0.35177865612648224	c6c42bb3c61c35042f637d587e16cde1	incomplete	-	-	-	-	-	-	-	-	-	-	-	-	-	-	-
GCA_977859995.1_GCA_977859995.1_R-IZA-047-YP	GCA_977859995.1_GCA_977859995.1_R-IZA-047-YP_uncompressed	chromosome	-	-	CDWHOZ010000323.1 Escherichia coli isolate R-IZA-047-YP genome assembly, contig: NODE_323_covk_1.553616_covr_3.762_cutoff_34, whole genome shotgun sequence	500	0.32	7fa523525f249431d37b3853066f5afb	incomplete	-	-	-	-	-	-	-	-	-	-	-	-	-	-	-
GCA_977859995.1_GCA_977859995.1_R-IZA-047-YP	GCA_977859995.1_GCA_977859995.1_R-IZA-047-YP_uncompressed	chromosome	-	-	CDWHOZ010000324.1 Escherichia coli isolate R-IZA-047-YP genome assembly, contig: NODE_324_covk_23.750630_covr_63.871_cutoff_34, whole genome shotgun sequence	496	0.5262096774193549	05d47115c7e96ab19d4c6f3ea1fe8cba	incomplete	-	-	-	-	-	-	-	-	-	-	-	-	-	-	-
GCA_977859995.1_GCA_977859995.1_R-IZA-047-YP	GCA_977859995.1_GCA_977859995.1_R-IZA-047-YP_uncompressed	chromosome	-	-	CDWHOZ010000325.1 Escherichia coli isolate R-IZA-047-YP genome assembly, contig: NODE_325_covk_4.958869_covr_18.135_cutoff_34, whole genome shotgun sequence	488	0.5102459016393442	2243f2c754fc2619dcb4739a72676aa8	incomplete	-	-	-	-	-	-	-	-	-	-	-	-	-	-	-
GCA_977859995.1_GCA_977859995.1_R-IZA-047-YP	GCA_977859995.1_GCA_977859995.1_R-IZA-047-YP_uncompressed	chromosome	-	-	CDWHOZ010000326.1 Escherichia coli isolate R-IZA-047-YP genome assembly, contig: NODE_326_covk_2.853093_covr_9.230_cutoff_34, whole genome shotgun sequence	487	0.38809034907597534	3c857aee1cb8ec5fa04a3a7ea859426c	incomplete	-	-	-	-	-	-	-	-	-	-	-	-	-	-	-
GCA_977859995.1_GCA_977859995.1_R-IZA-047-YP	GCA_977859995.1_GCA_977859995.1_R-IZA-047-YP_uncompressed	chromosome	-	-	CDWHOZ010000327.1 Escherichia coli isolate R-IZA-047-YP genome assembly, contig: NODE_327_covk_21.518717_covr_51.994_cutoff_34, whole genome shotgun sequence	473	0.5581395348837209	1798a055481ec6985c15330367f7fbbe	incomplete	-	-	-	-	-	-	-	-	-	-	-	-	-	-	-
GCA_977859995.1_GCA_977859995.1_R-IZA-047-YP	GCA_977859995.1_GCA_977859995.1_R-IZA-047-YP_uncompressed	chromosome	-	-	CDWHOZ010000328.1 Escherichia coli isolate R-IZA-047-YP genome assembly, contig: NODE_328_covk_19.805405_covr_61.247_cutoff_34, whole genome shotgun sequence	469	0.5522388059701493	8419e405278c68eae0191910c28a1951	incomplete	-	-	-	-	-	-	-	-	-	-	-	-	-	-	-
GCA_977859995.1_GCA_977859995.1_R-IZA-047-YP	GCA_977859995.1_GCA_977859995.1_R-IZA-047-YP_uncompressed	chromosome	-	-	CDWHOZ010000329.1 Escherichia coli isolate R-IZA-047-YP genome assembly, contig: NODE_329_covk_5.583106_covr_20.678_cutoff_34, whole genome shotgun sequence	466	0.6630901287553648	5285c54d5348c93a2f31dd2d1d3a8f3c	incomplete	-	-	-	-	-	-	-	-	-	-	-	-	-	-	-
GCA_977859995.1_GCA_977859995.1_R-IZA-047-YP	GCA_977859995.1_GCA_977859995.1_R-IZA-047-YP_uncompressed	chromosome	-	-	CDWHOZ010000330.1 Escherichia coli isolate R-IZA-047-YP genome assembly, contig: NODE_330_covk_19.220386_covr_30.136_cutoff_34, whole genome shotgun sequence	462	0.5930735930735931	e92990f2324aebc681ea3ef1d19d9817	incomplete	-	-	-	-	-	-	-	-	-	-	-	-	-	-	-
GCA_977859995.1_GCA_977859995.1_R-IZA-047-YP	GCA_977859995.1_GCA_977859995.1_R-IZA-047-YP_uncompressed	chromosome	-	-	CDWHOZ010000331.1 Escherichia coli isolate R-IZA-047-YP genome assembly, contig: NODE_331_covk_2.994460_covr_8.548_cutoff_34, whole genome shotgun sequence	460	0.3565217391304348	c79422884376475360f23010229d88a0	incomplete	-	-	-	-	-	-	-	-	-	-	-	-	-	-	-
GCA_977859995.1_GCA_977859995.1_R-IZA-047-YP	GCA_977859995.1_GCA_977859995.1_R-IZA-047-YP_uncompressed	chromosome	-	-	CDWHOZ010000332.1 Escherichia coli isolate R-IZA-047-YP genome assembly, contig: NODE_332_covk_18.319328_covr_36.261_cutoff_34, whole genome shotgun sequence	456	0.5416666666666666	ca1b8a9ba6c33a7f478b878fcd044f8f	incomplete	-	-	-	-	-	-	-	-	-	-	-	-	-	-	-
GCA_977859995.1_GCA_977859995.1_R-IZA-047-YP	GCA_977859995.1_GCA_977859995.1_R-IZA-047-YP_uncompressed	chromosome	-	-	CDWHOZ010000333.1 Escherichia coli isolate R-IZA-047-YP genome assembly, contig: NODE_333_covk_5.512748_covr_17.462_cutoff_34, whole genome shotgun sequence	452	0.45353982300884954	61b601d957e9904af50084fc36115148	circular	-	-	-	-	-	-	-	-	-	-	-	-	-	-	-
GCA_977859995.1_GCA_977859995.1_R-IZA-047-YP	GCA_977859995.1_GCA_977859995.1_R-IZA-047-YP_uncompressed	chromosome	-	-	CDWHOZ010000334.1 Escherichia coli isolate R-IZA-047-YP genome assembly, contig: NODE_334_covk_16.250720_covr_36.664_cutoff_34, whole genome shotgun sequence	446	0.40582959641255606	877acf1bbbf9e261d54a36e0929de088	incomplete	-	-	-	-	-	-	-	-	-	-	-	-	-	-	-
GCA_977859995.1_GCA_977859995.1_R-IZA-047-YP	GCA_977859995.1_GCA_977859995.1_R-IZA-047-YP_uncompressed	chromosome	-	-	CDWHOZ010000335.1 Escherichia coli isolate R-IZA-047-YP genome assembly, contig: NODE_335_covk_57.724340_covr_143.773_cutoff_34, whole genome shotgun sequence	440	0.5568181818181818	7f0e8c906624933289f2e0994a587442	incomplete	-	-	-	-	-	-	-	-	-	-	-	-	-	-	-
GCA_977859995.1_GCA_977859995.1_R-IZA-047-YP	GCA_977859995.1_GCA_977859995.1_R-IZA-047-YP_uncompressed	chromosome	-	-	CDWHOZ010000336.1 Escherichia coli isolate R-IZA-047-YP genome assembly, contig: NODE_336_covk_1.373887_covr_3.282_cutoff_34, whole genome shotgun sequence	436	0.35091743119266056	08b8c713b6562e55ee3998f109d30b03	incomplete	-	-	-	-	-	-	-	-	-	-	-	-	-	-	-
GCA_977859995.1_GCA_977859995.1_R-IZA-047-YP	GCA_977859995.1_GCA_977859995.1_R-IZA-047-YP_uncompressed	chromosome	-	-	CDWHOZ010000337.1 Escherichia coli isolate R-IZA-047-YP genome assembly, contig: NODE_337_covk_1.498489_covr_3.456_cutoff_34, whole genome shotgun sequence	430	0.32790697674418606	1bc64b8021527a401d22562074d62a9b	incomplete	-	-	-	-	-	-	-	-	-	-	-	-	-	-	-
GCA_977859995.1_GCA_977859995.1_R-IZA-047-YP	GCA_977859995.1_GCA_977859995.1_R-IZA-047-YP_uncompressed	chromosome	-	-	CDWHOZ010000338.1 Escherichia coli isolate R-IZA-047-YP genome assembly, contig: NODE_338_covk_18.088415_covr_37.761_cutoff_34, whole genome shotgun sequence	427	0.5105386416861827	debf1d5f4a0f96e9f48f0c16aeb153e3	incomplete	-	-	-	-	-	-	-	-	-	-	-	-	-	-	-
GCA_977859995.1_GCA_977859995.1_R-IZA-047-YP	GCA_977859995.1_GCA_977859995.1_R-IZA-047-YP_uncompressed	chromosome	-	-	CDWHOZ010000339.1 Escherichia coli isolate R-IZA-047-YP genome assembly, contig: NODE_339_covk_19.428571_covr_37.190_cutoff_34, whole genome shotgun sequence	421	0.6342042755344418	7f3954c3bec80e922b47a095fa64701e	incomplete	-	-	-	-	-	-	-	-	-	-	-	-	-	-	-
GCA_977859995.1_GCA_977859995.1_R-IZA-047-YP	GCA_977859995.1_GCA_977859995.1_R-IZA-047-YP_uncompressed	chromosome	-	-	CDWHOZ010000340.1 Escherichia coli isolate R-IZA-047-YP genome assembly, contig: NODE_340_covk_23.390879_covr_51.948_cutoff_34, whole genome shotgun sequence	406	0.6650246305418719	fb16616be75f6969c72225c2f41ee740	incomplete	-	-	-	-	-	-	-	-	-	-	-	-	-	-	-
GCA_977859995.1_GCA_977859995.1_R-IZA-047-YP	GCA_977859995.1_GCA_977859995.1_R-IZA-047-YP_uncompressed	chromosome	-	-	CDWHOZ010000341.1 Escherichia coli isolate R-IZA-047-YP genome assembly, contig: NODE_341_covk_12.889655_covr_23.512_cutoff_34, whole genome shotgun sequence	389	0.41645244215938304	6edc3966a5f3005c30c9accd0e6b8abe	incomplete	-	-	-	-	-	-	-	-	-	-	-	-	-	-	-
GCA_977859995.1_GCA_977859995.1_R-IZA-047-YP	GCA_977859995.1_GCA_977859995.1_R-IZA-047-YP_uncompressed	chromosome	-	-	CDWHOZ010000342.1 Escherichia coli isolate R-IZA-047-YP genome assembly, contig: NODE_342_covk_2.571429_covr_8.649_cutoff_34, whole genome shotgun sequence	379	0.5118733509234829	9f7a776fd3ef6821f27bdcb4b7ac4b21	incomplete	-	-	-	-	-	-	-	-	-	-	-	-	-	-	-
GCA_977859995.1_GCA_977859995.1_R-IZA-047-YP	GCA_977859995.1_GCA_977859995.1_R-IZA-047-YP_uncompressed	chromosome	-	-	CDWHOZ010000343.1 Escherichia coli isolate R-IZA-047-YP genome assembly, contig: NODE_343_covk_4.885185_covr_10.539_cutoff_34, whole genome shotgun sequence	369	0.5257452574525745	31b594b9d627385335d6f471ba446878	incomplete	-	-	-	-	-	-	-	-	-	-	-	-	-	-	-
GCA_977859995.1_GCA_977859995.1_R-IZA-047-YP	GCA_977859995.1_GCA_977859995.1_R-IZA-047-YP_uncompressed	chromosome	-	-	CDWHOZ010000344.1 Escherichia coli isolate R-IZA-047-YP genome assembly, contig: NODE_344_covk_1.149254_covr_2.420_cutoff_34, whole genome shotgun sequence	367	0.3242506811989101	3af435912b252494c879fdb1b41ec64e	incomplete	-	-	-	-	-	-	-	-	-	-	-	-	-	-	-
GCA_977859995.1_GCA_977859995.1_R-IZA-047-YP	GCA_977859995.1_GCA_977859995.1_R-IZA-047-YP_uncompressed	chromosome	-	-	CDWHOZ010000345.1 Escherichia coli isolate R-IZA-047-YP genome assembly, contig: NODE_345_covk_26.184211_covr_62.707_cutoff_34, whole genome shotgun sequence	365	0.4849315068493151	a05fd67d5aad75c18d8bc422f368b94e	incomplete	-	-	-	-	-	-	-	-	-	-	-	-	-	-	-
GCA_977859995.1_GCA_977859995.1_R-IZA-047-YP	GCA_977859995.1_GCA_977859995.1_R-IZA-047-YP_uncompressed	chromosome	-	-	CDWHOZ010000346.1 Escherichia coli isolate R-IZA-047-YP genome assembly, contig: NODE_346_covk_13.221374_covr_27.039_cutoff_34, whole genome shotgun sequence	361	0.5429362880886427	42483ba41bf988b02f01eb51377fe7e6	incomplete	-	-	-	-	-	-	-	-	-	-	-	-	-	-	-
GCA_977859995.1_GCA_977859995.1_R-IZA-047-YP	GCA_977859995.1_GCA_977859995.1_R-IZA-047-YP_uncompressed	chromosome	-	-	CDWHOZ010000347.1 Escherichia coli isolate R-IZA-047-YP genome assembly, contig: NODE_347_covk_16.117188_covr_54.732_cutoff_34, whole genome shotgun sequence	355	0.5014084507042254	097bf8a27e0ee5da14b159ad58d92f6a	incomplete	-	-	-	-	-	-	-	-	-	-	-	-	-	-	-
GCA_977859995.1_GCA_977859995.1_R-IZA-047-YP	GCA_977859995.1_GCA_977859995.1_R-IZA-047-YP_uncompressed	chromosome	-	-	CDWHOZ010000348.1 Escherichia coli isolate R-IZA-047-YP genome assembly, contig: NODE_348_covk_11.047059_covr_18.308_cutoff_34, whole genome shotgun sequence	354	0.615819209039548	a442070a14386349792c87c4d91f2cae	incomplete	-	-	-	-	-	-	-	-	-	-	-	-	-	-	-
GCA_977859995.1_GCA_977859995.1_R-IZA-047-YP	GCA_977859995.1_GCA_977859995.1_R-IZA-047-YP_uncompressed	chromosome	-	-	CDWHOZ010000349.1 Escherichia coli isolate R-IZA-047-YP genome assembly, contig: NODE_349_covk_16.027778_covr_33.803_cutoff_34, whole genome shotgun sequence	351	0.5954415954415955	0c378754a04eaae96ae0f83600f4f103	incomplete	-	-	-	-	-	-	-	-	-	-	-	-	-	-	-
GCA_977859995.1_GCA_977859995.1_R-IZA-047-YP	GCA_977859995.1_GCA_977859995.1_R-IZA-047-YP_uncompressed	chromosome	-	-	CDWHOZ010000350.1 Escherichia coli isolate R-IZA-047-YP genome assembly, contig: NODE_350_covk_18.685259_covr_34.926_cutoff_34, whole genome shotgun sequence	350	0.49142857142857144	d1361605cf038984f97c12ef14516cb8	incomplete	-	-	-	-	-	-	-	-	-	-	-	-	-	-	-
GCA_977859995.1_GCA_977859995.1_R-IZA-047-YP	GCA_977859995.1_GCA_977859995.1_R-IZA-047-YP_uncompressed	chromosome	-	-	CDWHOZ010000351.1 Escherichia coli isolate R-IZA-047-YP genome assembly, contig: NODE_351_covk_14.611336_covr_19.139_cutoff_34, whole genome shotgun sequence	346	0.48554913294797686	3cf039756e87f7b5416d3a535da6ff31	incomplete	-	-	-	-	-	-	-	-	-	-	-	-	-	-	-
GCA_977859995.1_GCA_977859995.1_R-IZA-047-YP	GCA_977859995.1_GCA_977859995.1_R-IZA-047-YP_uncompressed	chromosome	-	-	CDWHOZ010000352.1 Escherichia coli isolate R-IZA-047-YP genome assembly, contig: NODE_352_covk_13.841880_covr_15.459_cutoff_34, whole genome shotgun sequence	333	0.4444444444444444	00dcffcf6998713d482f9db9142257cc	incomplete	-	-	-	-	-	-	-	-	-	-	-	-	-	-	-
GCA_977859995.1_GCA_977859995.1_R-IZA-047-YP	GCA_977859995.1_GCA_977859995.1_R-IZA-047-YP_uncompressed	chromosome	-	-	CDWHOZ010000353.1 Escherichia coli isolate R-IZA-047-YP genome assembly, contig: NODE_353_covk_4.293103_covr_8.906_cutoff_34, whole genome shotgun sequence	331	0.4773413897280967	cdf4f2dd59c3371a3b67f8166f62aefb	incomplete	-	-	-	-	-	-	-	-	-	-	-	-	-	-	-
GCA_977859995.1_GCA_977859995.1_R-IZA-047-YP	GCA_977859995.1_GCA_977859995.1_R-IZA-047-YP_uncompressed	chromosome	-	-	CDWHOZ010000354.1 Escherichia coli isolate R-IZA-047-YP genome assembly, contig: NODE_354_covk_2.482759_covr_7.988_cutoff_34, whole genome shotgun sequence	331	0.3413897280966767	376546c05ad513d2f98c4c23209f95cb	incomplete	-	-	-	-	-	-	-	-	-	-	-	-	-	-	-
GCA_977859995.1_GCA_977859995.1_R-IZA-047-YP	GCA_977859995.1_GCA_977859995.1_R-IZA-047-YP_uncompressed	chromosome	-	-	CDWHOZ010000355.1 Escherichia coli isolate R-IZA-047-YP genome assembly, contig: NODE_355_covk_15.191304_covr_30.246_cutoff_34, whole genome shotgun sequence	329	0.5562310030395137	7d892108bf2827e712ba00624262cbf3	circular	-	-	-	-	-	-	-	-	-	-	-	-	-	-	-
GCA_977859995.1_GCA_977859995.1_R-IZA-047-YP	GCA_977859995.1_GCA_977859995.1_R-IZA-047-YP_uncompressed	chromosome	-	-	CDWHOZ010000356.1 Escherichia coli isolate R-IZA-047-YP genome assembly, contig: NODE_356_covk_1.140351_covr_1.798_cutoff_34, whole genome shotgun sequence	327	0.2874617737003058	94f0fcbe8dc18f9e0837e7c1e762fe78	incomplete	-	-	-	-	-	-	-	-	-	-	-	-	-	-	-
GCA_977859995.1_GCA_977859995.1_R-IZA-047-YP	GCA_977859995.1_GCA_977859995.1_R-IZA-047-YP_uncompressed	chromosome	-	-	CDWHOZ010000357.1 Escherichia coli isolate R-IZA-047-YP genome assembly, contig: NODE_357_covk_0.949772_covr_1.865_cutoff_34, whole genome shotgun sequence	318	0.29245283018867924	4016a392d7ea21819aef37006e49f77f	incomplete	-	-	-	-	-	-	-	-	-	-	-	-	-	-	-
GCA_977859995.1_GCA_977859995.1_R-IZA-047-YP	GCA_977859995.1_GCA_977859995.1_R-IZA-047-YP_uncompressed	chromosome	-	-	CDWHOZ010000358.1 Escherichia coli isolate R-IZA-047-YP genome assembly, contig: NODE_358_covk_16.112150_covr_30.812_cutoff_34, whole genome shotgun sequence	313	0.5431309904153354	61181883f6833138576afa18a344e75e	incomplete	-	-	-	-	-	-	-	-	-	-	-	-	-	-	-
GCA_977859995.1_GCA_977859995.1_R-IZA-047-YP	GCA_977859995.1_GCA_977859995.1_R-IZA-047-YP_uncompressed	chromosome	-	-	CDWHOZ010000359.1 Escherichia coli isolate R-IZA-047-YP genome assembly, contig: NODE_359_covk_2.404762_covr_5.424_cutoff_34, whole genome shotgun sequence	309	0.3818770226537217	c1b8265911bdbdede9a9c14598ad656d	incomplete	-	-	-	-	-	-	-	-	-	-	-	-	-	-	-
GCA_977859995.1_GCA_977859995.1_R-IZA-047-YP	GCA_977859995.1_GCA_977859995.1_R-IZA-047-YP_uncompressed	chromosome	-	-	CDWHOZ010000360.1 Escherichia coli isolate R-IZA-047-YP genome assembly, contig: NODE_360_covk_3.485577_covr_13.792_cutoff_34, whole genome shotgun sequence	307	0.5342019543973942	7e12d660e7d840b0134a660773f77f54	incomplete	-	-	-	-	-	-	-	-	-	-	-	-	-	-	-
